$date
  Mon Oct 13 11:08:21 2025
$end
$version
  GHDL v0
$end
$timescale
  1 fs
$end
$scope module standard $end
$upscope $end
$scope module std_logic_1164 $end
$upscope $end
$scope module numeric_std $end
$upscope $end
$scope module tb_top_ahmes_spi $end
$var reg 1 ! s_clk $end
$var reg 1 " s_reset $end
$var reg 4 # s_btns[3:0] $end
$var reg 4 $ s_leds[3:0] $end
$var reg 1 % s_spi_sck $end
$var reg 1 & s_spi_ss $end
$var reg 1 ' s_spi_mosi $end
$scope module dut_inst $end
$var reg 1 ( clk $end
$var reg 1 ) reset $end
$var reg 4 * btns[3:0] $end
$var reg 4 + leds[3:0] $end
$var reg 1 , spi_sck $end
$var reg 1 - spi_ss $end
$var reg 1 . spi_mosi $end
$var reg 8 / s_uc_address_bus[7:0] $end
$var reg 8 0 s_uc_data_out[7:0] $end
$var reg 1 1 s_uc_mem_write $end
$var reg 8 2 s_spi_address_bus[7:0] $end
$var reg 8 3 s_spi_data_out[7:0] $end
$var reg 1 4 s_spi_mem_write $end
$var reg 8 5 s_mem_address_bus[7:0] $end
$var reg 8 6 s_mem_data_in[7:0] $end
$var reg 1 7 s_mem_write $end
$var reg 8 8 s_data_to_uc[7:0] $end
$var reg 4 9 s_operacao[3:0] $end
$var reg 8 : s_oper_a[7:0] $end
$var reg 8 ; s_oper_b[7:0] $end
$var reg 8 < s_result_alu[7:0] $end
$var reg 1 = s_n $end
$var reg 1 > s_z $end
$var reg 1 ? s_c $end
$var reg 1 @ s_b $end
$var reg 1 A s_v $end
$var reg 4 B s_leds[3:0] $end
$var reg 1 C s_internal_reset $end
$scope module uc_inst $end
$var reg 8 D address_bus[7:0] $end
$var reg 8 E data_in[7:0] $end
$var reg 8 F data_out[7:0] $end
$var reg 1 G mem_write $end
$var reg 1 H clk $end
$var reg 1 I reset $end
$var reg 1 J error $end
$var reg 4 K btns[3:0] $end
$var reg 4 L leds[3:0] $end
$var reg 4 M operacao[3:0] $end
$var reg 8 N oper_a[7:0] $end
$var reg 8 O oper_b[7:0] $end
$var reg 8 P result[7:0] $end
$var reg 1 Q cout $end
$var reg 1 R n $end
$var reg 1 S z $end
$var reg 1 T c $end
$var reg 1 U b $end
$var reg 1 V v $end
$upscope $end
$scope module mem_inst $end
$var reg 8 W address_bus[7:0] $end
$var reg 8 X data_in[7:0] $end
$var reg 8 Y data_out[7:0] $end
$var reg 1 Z mem_write $end
$var reg 1 [ clk $end
$var reg 1 \ rst $end
$comment data_array_sig is not handled $end
$upscope $end
$scope module alu_inst $end
$var reg 4 ] operacao[3:0] $end
$var reg 8 ^ opera[7:0] $end
$var reg 8 _ operb[7:0] $end
$var reg 8 ` result[7:0] $end
$var reg 1 a cin $end
$var reg 1 b n $end
$var reg 1 c z $end
$var reg 1 d c $end
$var reg 1 e b $end
$var reg 1 f v $end
$var reg 8 g result_s[7:0] $end
$var reg 1 h n_s $end
$var reg 1 i z_s $end
$var reg 1 j c_s $end
$var reg 1 k b_s $end
$var reg 1 l v_s $end
$upscope $end
$scope module spi_inst $end
$var reg 1 m clk $end
$var reg 1 n spi_sck $end
$var reg 1 o spi_ss $end
$var reg 1 p spi_mosi $end
$var reg 8 q spi_addr_bus[7:0] $end
$var reg 8 r spi_data_out[7:0] $end
$var reg 1 s spi_mem_write $end
$var reg 3 t bit_counter[2:0] $end
$var reg 8 u shift_reg[7:0] $end
$var reg 8 v addr_counter[7:0] $end
$var reg 1 w sck_old $end
$upscope $end
$upscope $end
$upscope $end
$enddefinitions $end
#0
0!
1"
b0000 #
bUUUU $
0%
1&
0'
0(
1)
b0000 *
bUUUU +
0,
1-
0.
b00000000 /
b00000000 0
01
bUUUUUUUU 2
bUUUUUUUU 3
U4
b00000000 5
b00000000 6
07
bUUUUUUUU 8
b0000 9
bUUUUUUUU :
bUUUUUUUU ;
b00000000 <
0=
1>
0?
0@
0A
bUUUU B
1C
b00000000 D
bUUUUUUUU E
b00000000 F
0G
0H
1I
UJ
b0000 K
bUUUU L
b0000 M
bUUUUUUUU N
bUUUUUUUU O
b00000000 P
UQ
0R
1S
0T
0U
0V
b00000000 W
b00000000 X
bUUUUUUUU Y
0Z
0[
1\
b0000 ]
bUUUUUUUU ^
bUUUUUUUU _
b00000000 `
0a
0b
1c
0d
0e
0f
b00000000 g
0h
1i
0j
0k
0l
0m
0n
1o
0p
bUUUUUUUU q
bUUUUUUUU r
Us
bUUU t
bUUUUUUUU u
b00000000 v
0w
#5000000
1!
1(
04
b00000000 8
b00000000 E
1H
b00000000 Y
1[
1m
0s
b000 t
#10000000
0!
0(
0H
0[
0m
#15000000
1!
1(
1H
1[
1m
#20000000
0!
0(
0H
0[
0m
#25000000
1!
1(
1H
1[
1m
#30000000
0!
0(
0H
0[
0m
#35000000
1!
1(
1H
1[
1m
#40000000
0!
0(
0H
0[
0m
#45000000
1!
1(
1H
1[
1m
#50000000
0!
0"
0(
0)
0C
0H
0I
0[
0\
0m
#55000000
1!
1(
1H
0J
1[
1m
#60000000
0!
0(
0H
0[
0m
#65000000
1!
1(
1H
1[
1m
#70000000
0!
0(
0H
0[
0m
#75000000
1!
1(
1H
1[
1m
#80000000
0!
0(
0H
0[
0m
#85000000
1!
1(
b00000001 /
b00000001 5
b00000001 D
1H
b00000001 W
1[
1m
#90000000
0!
0(
0H
0[
0m
#95000000
1!
1(
1H
1[
1m
#100000000
0!
b0001 #
0(
b0001 *
b00000000 /
b00000000 5
1C
b00000000 D
0H
1I
b0001 K
b00000000 W
0[
1\
0m
#105000000
1!
1(
1H
1[
1m
#110000000
0!
0(
0H
0[
0m
#115000000
1!
1(
1H
1[
1m
#120000000
0!
0(
0H
0[
0m
#125000000
1!
1(
1H
1[
1m
#130000000
0!
0(
0H
0[
0m
#135000000
1!
1(
1H
1[
1m
#140000000
0!
0(
0H
0[
0m
#145000000
1!
1(
1H
1[
1m
#150000000
0!
0&
0(
0-
bUUUUUUUU 5
bUUUUUUUU 6
0H
bUUUUUUUU W
bUUUUUUUU X
0[
0m
0o
#155000000
1!
1(
1H
1[
1m
#160000000
0!
0(
0H
0[
0m
#165000000
1!
1(
1H
1[
1m
#170000000
0!
0(
0H
0[
0m
#175000000
1!
1(
1H
1[
1m
#180000000
0!
1%
0(
1,
0H
0[
0m
1n
#185000000
1!
1(
1H
1[
1m
b001 t
bUUUUUUU0 u
1w
#190000000
0!
0(
0H
0[
0m
#195000000
1!
1(
1H
1[
1m
#200000000
0!
0%
0(
0,
0H
0[
0m
0n
#205000000
1!
1(
1H
1[
1m
0w
#210000000
0!
0(
0H
0[
0m
#215000000
1!
1(
1H
1[
1m
#220000000
0!
1%
0(
1,
0H
0[
0m
1n
#225000000
1!
1(
1H
1[
1m
b010 t
bUUUUUU00 u
1w
#230000000
0!
0(
0H
0[
0m
#235000000
1!
1(
1H
1[
1m
#240000000
0!
0%
1'
0(
0,
1.
0H
0[
0m
0n
1p
#245000000
1!
1(
1H
1[
1m
0w
#250000000
0!
0(
0H
0[
0m
#255000000
1!
1(
1H
1[
1m
#260000000
0!
1%
0(
1,
0H
0[
0m
1n
#265000000
1!
1(
1H
1[
1m
b011 t
bUUUUU001 u
1w
#270000000
0!
0(
0H
0[
0m
#275000000
1!
1(
1H
1[
1m
#280000000
0!
0%
0'
0(
0,
0.
0H
0[
0m
0n
0p
#285000000
1!
1(
1H
1[
1m
0w
#290000000
0!
0(
0H
0[
0m
#295000000
1!
1(
1H
1[
1m
#300000000
0!
1%
0(
1,
0H
0[
0m
1n
#305000000
1!
1(
1H
1[
1m
b100 t
bUUUU0010 u
1w
#310000000
0!
0(
0H
0[
0m
#315000000
1!
1(
1H
1[
1m
#320000000
0!
0%
0(
0,
0H
0[
0m
0n
#325000000
1!
1(
1H
1[
1m
0w
#330000000
0!
0(
0H
0[
0m
#335000000
1!
1(
1H
1[
1m
#340000000
0!
1%
0(
1,
0H
0[
0m
1n
#345000000
1!
1(
1H
1[
1m
b101 t
bUUU00100 u
1w
#350000000
0!
0(
0H
0[
0m
#355000000
1!
1(
1H
1[
1m
#360000000
0!
0%
0(
0,
0H
0[
0m
0n
#365000000
1!
1(
1H
1[
1m
0w
#370000000
0!
0(
0H
0[
0m
#375000000
1!
1(
1H
1[
1m
#380000000
0!
1%
0(
1,
0H
0[
0m
1n
#385000000
1!
1(
1H
1[
1m
b110 t
bUU001000 u
1w
#390000000
0!
0(
0H
0[
0m
#395000000
1!
1(
1H
1[
1m
#400000000
0!
0%
0(
0,
0H
0[
0m
0n
#405000000
1!
1(
1H
1[
1m
0w
#410000000
0!
0(
0H
0[
0m
#415000000
1!
1(
1H
1[
1m
#420000000
0!
1%
0(
1,
0H
0[
0m
1n
#425000000
1!
1(
1H
1[
1m
b111 t
bU0010000 u
1w
#430000000
0!
0(
0H
0[
0m
#435000000
1!
1(
1H
1[
1m
#440000000
0!
0%
0(
0,
0H
0[
0m
0n
#445000000
1!
1(
1H
1[
1m
0w
#450000000
0!
0(
0H
0[
0m
#455000000
1!
1(
1H
1[
1m
#460000000
0!
1%
0(
1,
0H
0[
0m
1n
#465000000
1!
1(
b00000000 2
bU0010000 3
14
b00000000 5
bU0010000 6
17
1H
b00000000 W
bU0010000 X
1Z
1[
1m
b00000000 q
bU0010000 r
1s
b000 t
b00100000 u
b00000001 v
1w
#470000000
0!
0(
0H
0[
0m
#475000000
1!
1(
04
07
1H
0Z
1[
1m
0s
#480000000
0!
0%
0(
0,
0H
0[
0m
0n
#485000000
1!
1(
1H
1[
1m
0w
#490000000
0!
0(
0H
0[
0m
#495000000
1!
1(
1H
1[
1m
#500000000
0!
1%
0(
1,
0H
0[
0m
1n
#505000000
1!
1(
1H
1[
1m
b001 t
b01000000 u
1w
#510000000
0!
0(
0H
0[
0m
#515000000
1!
1(
1H
1[
1m
#520000000
0!
0%
1'
0(
0,
1.
0H
0[
0m
0n
1p
#525000000
1!
1(
1H
1[
1m
0w
#530000000
0!
0(
0H
0[
0m
#535000000
1!
1(
1H
1[
1m
#540000000
0!
1%
0(
1,
0H
0[
0m
1n
#545000000
1!
1(
1H
1[
1m
b010 t
b10000001 u
1w
#550000000
0!
0(
0H
0[
0m
#555000000
1!
1(
1H
1[
1m
#560000000
0!
0%
0(
0,
0H
0[
0m
0n
#565000000
1!
1(
1H
1[
1m
0w
#570000000
0!
0(
0H
0[
0m
#575000000
1!
1(
1H
1[
1m
#580000000
0!
1%
0(
1,
0H
0[
0m
1n
#585000000
1!
1(
1H
1[
1m
b011 t
b00000011 u
1w
#590000000
0!
0(
0H
0[
0m
#595000000
1!
1(
1H
1[
1m
#600000000
0!
0%
0'
0(
0,
0.
0H
0[
0m
0n
0p
#605000000
1!
1(
1H
1[
1m
0w
#610000000
0!
0(
0H
0[
0m
#615000000
1!
1(
1H
1[
1m
#620000000
0!
1%
0(
1,
0H
0[
0m
1n
#625000000
1!
1(
1H
1[
1m
b100 t
b00000110 u
1w
#630000000
0!
0(
0H
0[
0m
#635000000
1!
1(
1H
1[
1m
#640000000
0!
0%
0(
0,
0H
0[
0m
0n
#645000000
1!
1(
1H
1[
1m
0w
#650000000
0!
0(
0H
0[
0m
#655000000
1!
1(
1H
1[
1m
#660000000
0!
1%
0(
1,
0H
0[
0m
1n
#665000000
1!
1(
1H
1[
1m
b101 t
b00001100 u
1w
#670000000
0!
0(
0H
0[
0m
#675000000
1!
1(
1H
1[
1m
#680000000
0!
0%
1'
0(
0,
1.
0H
0[
0m
0n
1p
#685000000
1!
1(
1H
1[
1m
0w
#690000000
0!
0(
0H
0[
0m
#695000000
1!
1(
1H
1[
1m
#700000000
0!
1%
0(
1,
0H
0[
0m
1n
#705000000
1!
1(
1H
1[
1m
b110 t
b00011001 u
1w
#710000000
0!
0(
0H
0[
0m
#715000000
1!
1(
1H
1[
1m
#720000000
0!
0%
0'
0(
0,
0.
0H
0[
0m
0n
0p
#725000000
1!
1(
1H
1[
1m
0w
#730000000
0!
0(
0H
0[
0m
#735000000
1!
1(
1H
1[
1m
#740000000
0!
1%
0(
1,
0H
0[
0m
1n
#745000000
1!
1(
1H
1[
1m
b111 t
b00110010 u
1w
#750000000
0!
0(
0H
0[
0m
#755000000
1!
1(
1H
1[
1m
#760000000
0!
0%
0(
0,
0H
0[
0m
0n
#765000000
1!
1(
1H
1[
1m
0w
#770000000
0!
0(
0H
0[
0m
#775000000
1!
1(
1H
1[
1m
#780000000
0!
1%
0(
1,
0H
0[
0m
1n
#785000000
1!
1(
b00000001 2
b00110010 3
14
b00000001 5
b00110010 6
17
1H
b00000001 W
b00110010 X
1Z
1[
1m
b00000001 q
b00110010 r
1s
b000 t
b01100100 u
b00000010 v
1w
#790000000
0!
0(
0H
0[
0m
#795000000
1!
1(
04
07
1H
0Z
1[
1m
0s
#800000000
0!
0%
0(
0,
0H
0[
0m
0n
#805000000
1!
1(
1H
1[
1m
0w
#810000000
0!
0(
0H
0[
0m
#815000000
1!
1(
1H
1[
1m
#820000000
0!
1%
0(
1,
0H
0[
0m
1n
#825000000
1!
1(
1H
1[
1m
b001 t
b11001000 u
1w
#830000000
0!
0(
0H
0[
0m
#835000000
1!
1(
1H
1[
1m
#840000000
0!
0%
0(
0,
0H
0[
0m
0n
#845000000
1!
1(
1H
1[
1m
0w
#850000000
0!
0(
0H
0[
0m
#855000000
1!
1(
1H
1[
1m
#860000000
0!
1%
0(
1,
0H
0[
0m
1n
#865000000
1!
1(
1H
1[
1m
b010 t
b10010000 u
1w
#870000000
0!
0(
0H
0[
0m
#875000000
1!
1(
1H
1[
1m
#880000000
0!
0%
1'
0(
0,
1.
0H
0[
0m
0n
1p
#885000000
1!
1(
1H
1[
1m
0w
#890000000
0!
0(
0H
0[
0m
#895000000
1!
1(
1H
1[
1m
#900000000
0!
1%
0(
1,
0H
0[
0m
1n
#905000000
1!
1(
1H
1[
1m
b011 t
b00100001 u
1w
#910000000
0!
0(
0H
0[
0m
#915000000
1!
1(
1H
1[
1m
#920000000
0!
0%
0(
0,
0H
0[
0m
0n
#925000000
1!
1(
1H
1[
1m
0w
#930000000
0!
0(
0H
0[
0m
#935000000
1!
1(
1H
1[
1m
#940000000
0!
1%
0(
1,
0H
0[
0m
1n
#945000000
1!
1(
1H
1[
1m
b100 t
b01000011 u
1w
#950000000
0!
0(
0H
0[
0m
#955000000
1!
1(
1H
1[
1m
#960000000
0!
0%
0'
0(
0,
0.
0H
0[
0m
0n
0p
#965000000
1!
1(
1H
1[
1m
0w
#970000000
0!
0(
0H
0[
0m
#975000000
1!
1(
1H
1[
1m
#980000000
0!
1%
0(
1,
0H
0[
0m
1n
#985000000
1!
1(
1H
1[
1m
b101 t
b10000110 u
1w
#990000000
0!
0(
0H
0[
0m
#995000000
1!
1(
1H
1[
1m
#1000000000
0!
0%
0(
0,
0H
0[
0m
0n
#1005000000
1!
1(
1H
1[
1m
0w
#1010000000
0!
0(
0H
0[
0m
#1015000000
1!
1(
1H
1[
1m
#1020000000
0!
1%
0(
1,
0H
0[
0m
1n
#1025000000
1!
1(
1H
1[
1m
b110 t
b00001100 u
1w
#1030000000
0!
0(
0H
0[
0m
#1035000000
1!
1(
1H
1[
1m
#1040000000
0!
0%
0(
0,
0H
0[
0m
0n
#1045000000
1!
1(
1H
1[
1m
0w
#1050000000
0!
0(
0H
0[
0m
#1055000000
1!
1(
1H
1[
1m
#1060000000
0!
1%
0(
1,
0H
0[
0m
1n
#1065000000
1!
1(
1H
1[
1m
b111 t
b00011000 u
1w
#1070000000
0!
0(
0H
0[
0m
#1075000000
1!
1(
1H
1[
1m
#1080000000
0!
0%
0(
0,
0H
0[
0m
0n
#1085000000
1!
1(
1H
1[
1m
0w
#1090000000
0!
0(
0H
0[
0m
#1095000000
1!
1(
1H
1[
1m
#1100000000
0!
1%
0(
1,
0H
0[
0m
1n
#1105000000
1!
1(
b00000010 2
b00011000 3
14
b00000010 5
b00011000 6
17
1H
b00000010 W
b00011000 X
1Z
1[
1m
b00000010 q
b00011000 r
1s
b000 t
b00110000 u
b00000011 v
1w
#1110000000
0!
0(
0H
0[
0m
#1115000000
1!
1(
04
07
1H
0Z
1[
1m
0s
#1120000000
0!
0%
0(
0,
0H
0[
0m
0n
#1125000000
1!
1(
1H
1[
1m
0w
#1130000000
0!
0(
0H
0[
0m
#1135000000
1!
1(
1H
1[
1m
#1140000000
0!
1%
0(
1,
0H
0[
0m
1n
#1145000000
1!
1(
1H
1[
1m
b001 t
b01100000 u
1w
#1150000000
0!
0(
0H
0[
0m
#1155000000
1!
1(
1H
1[
1m
#1160000000
0!
0%
1'
0(
0,
1.
0H
0[
0m
0n
1p
#1165000000
1!
1(
1H
1[
1m
0w
#1170000000
0!
0(
0H
0[
0m
#1175000000
1!
1(
1H
1[
1m
#1180000000
0!
1%
0(
1,
0H
0[
0m
1n
#1185000000
1!
1(
1H
1[
1m
b010 t
b11000001 u
1w
#1190000000
0!
0(
0H
0[
0m
#1195000000
1!
1(
1H
1[
1m
#1200000000
0!
0%
0(
0,
0H
0[
0m
0n
#1205000000
1!
1(
1H
1[
1m
0w
#1210000000
0!
0(
0H
0[
0m
#1215000000
1!
1(
1H
1[
1m
#1220000000
0!
1%
0(
1,
0H
0[
0m
1n
#1225000000
1!
1(
1H
1[
1m
b011 t
b10000011 u
1w
#1230000000
0!
0(
0H
0[
0m
#1235000000
1!
1(
1H
1[
1m
#1240000000
0!
0%
0'
0(
0,
0.
0H
0[
0m
0n
0p
#1245000000
1!
1(
1H
1[
1m
0w
#1250000000
0!
0(
0H
0[
0m
#1255000000
1!
1(
1H
1[
1m
#1260000000
0!
1%
0(
1,
0H
0[
0m
1n
#1265000000
1!
1(
1H
1[
1m
b100 t
b00000110 u
1w
#1270000000
0!
0(
0H
0[
0m
#1275000000
1!
1(
1H
1[
1m
#1280000000
0!
0%
0(
0,
0H
0[
0m
0n
#1285000000
1!
1(
1H
1[
1m
0w
#1290000000
0!
0(
0H
0[
0m
#1295000000
1!
1(
1H
1[
1m
#1300000000
0!
1%
0(
1,
0H
0[
0m
1n
#1305000000
1!
1(
1H
1[
1m
b101 t
b00001100 u
1w
#1310000000
0!
0(
0H
0[
0m
#1315000000
1!
1(
1H
1[
1m
#1320000000
0!
0%
1'
0(
0,
1.
0H
0[
0m
0n
1p
#1325000000
1!
1(
1H
1[
1m
0w
#1330000000
0!
0(
0H
0[
0m
#1335000000
1!
1(
1H
1[
1m
#1340000000
0!
1%
0(
1,
0H
0[
0m
1n
#1345000000
1!
1(
1H
1[
1m
b110 t
b00011001 u
1w
#1350000000
0!
0(
0H
0[
0m
#1355000000
1!
1(
1H
1[
1m
#1360000000
0!
0%
0'
0(
0,
0.
0H
0[
0m
0n
0p
#1365000000
1!
1(
1H
1[
1m
0w
#1370000000
0!
0(
0H
0[
0m
#1375000000
1!
1(
1H
1[
1m
#1380000000
0!
1%
0(
1,
0H
0[
0m
1n
#1385000000
1!
1(
1H
1[
1m
b111 t
b00110010 u
1w
#1390000000
0!
0(
0H
0[
0m
#1395000000
1!
1(
1H
1[
1m
#1400000000
0!
0%
1'
0(
0,
1.
0H
0[
0m
0n
1p
#1405000000
1!
1(
1H
1[
1m
0w
#1410000000
0!
0(
0H
0[
0m
#1415000000
1!
1(
1H
1[
1m
#1420000000
0!
1%
0(
1,
0H
0[
0m
1n
#1425000000
1!
1(
b00000011 2
b00110010 3
14
b00000011 5
b00110010 6
17
1H
b00000011 W
b00110010 X
1Z
1[
1m
b00000011 q
b00110010 r
1s
b000 t
b01100101 u
b00000100 v
1w
#1430000000
0!
0(
0H
0[
0m
#1435000000
1!
1(
04
07
1H
0Z
1[
1m
0s
#1440000000
0!
0%
0'
0(
0,
0.
0H
0[
0m
0n
0p
#1445000000
1!
1(
1H
1[
1m
0w
#1450000000
0!
0(
0H
0[
0m
#1455000000
1!
1(
1H
1[
1m
#1460000000
0!
1%
0(
1,
0H
0[
0m
1n
#1465000000
1!
1(
1H
1[
1m
b001 t
b11001010 u
1w
#1470000000
0!
0(
0H
0[
0m
#1475000000
1!
1(
1H
1[
1m
#1480000000
0!
0%
0(
0,
0H
0[
0m
0n
#1485000000
1!
1(
1H
1[
1m
0w
#1490000000
0!
0(
0H
0[
0m
#1495000000
1!
1(
1H
1[
1m
#1500000000
0!
1%
0(
1,
0H
0[
0m
1n
#1505000000
1!
1(
1H
1[
1m
b010 t
b10010100 u
1w
#1510000000
0!
0(
0H
0[
0m
#1515000000
1!
1(
1H
1[
1m
#1520000000
0!
0%
0(
0,
0H
0[
0m
0n
#1525000000
1!
1(
1H
1[
1m
0w
#1530000000
0!
0(
0H
0[
0m
#1535000000
1!
1(
1H
1[
1m
#1540000000
0!
1%
0(
1,
0H
0[
0m
1n
#1545000000
1!
1(
1H
1[
1m
b011 t
b00101000 u
1w
#1550000000
0!
0(
0H
0[
0m
#1555000000
1!
1(
1H
1[
1m
#1560000000
0!
0%
1'
0(
0,
1.
0H
0[
0m
0n
1p
#1565000000
1!
1(
1H
1[
1m
0w
#1570000000
0!
0(
0H
0[
0m
#1575000000
1!
1(
1H
1[
1m
#1580000000
0!
1%
0(
1,
0H
0[
0m
1n
#1585000000
1!
1(
1H
1[
1m
b100 t
b01010001 u
1w
#1590000000
0!
0(
0H
0[
0m
#1595000000
1!
1(
1H
1[
1m
#1600000000
0!
0%
0'
0(
0,
0.
0H
0[
0m
0n
0p
#1605000000
1!
1(
1H
1[
1m
0w
#1610000000
0!
0(
0H
0[
0m
#1615000000
1!
1(
1H
1[
1m
#1620000000
0!
1%
0(
1,
0H
0[
0m
1n
#1625000000
1!
1(
1H
1[
1m
b101 t
b10100010 u
1w
#1630000000
0!
0(
0H
0[
0m
#1635000000
1!
1(
1H
1[
1m
#1640000000
0!
0%
0(
0,
0H
0[
0m
0n
#1645000000
1!
1(
1H
1[
1m
0w
#1650000000
0!
0(
0H
0[
0m
#1655000000
1!
1(
1H
1[
1m
#1660000000
0!
1%
0(
1,
0H
0[
0m
1n
#1665000000
1!
1(
1H
1[
1m
b110 t
b01000100 u
1w
#1670000000
0!
0(
0H
0[
0m
#1675000000
1!
1(
1H
1[
1m
#1680000000
0!
0%
0(
0,
0H
0[
0m
0n
#1685000000
1!
1(
1H
1[
1m
0w
#1690000000
0!
0(
0H
0[
0m
#1695000000
1!
1(
1H
1[
1m
#1700000000
0!
1%
0(
1,
0H
0[
0m
1n
#1705000000
1!
1(
1H
1[
1m
b111 t
b10001000 u
1w
#1710000000
0!
0(
0H
0[
0m
#1715000000
1!
1(
1H
1[
1m
#1720000000
0!
0%
0(
0,
0H
0[
0m
0n
#1725000000
1!
1(
1H
1[
1m
0w
#1730000000
0!
0(
0H
0[
0m
#1735000000
1!
1(
1H
1[
1m
#1740000000
0!
1%
0(
1,
0H
0[
0m
1n
#1745000000
1!
1(
b00000100 2
b10001000 3
14
b00000100 5
b10001000 6
17
1H
b00000100 W
b10001000 X
1Z
1[
1m
b00000100 q
b10001000 r
1s
b000 t
b00010000 u
b00000101 v
1w
#1750000000
0!
0(
0H
0[
0m
#1755000000
1!
1(
04
07
1H
0Z
1[
1m
0s
#1760000000
0!
0%
0(
0,
0H
0[
0m
0n
#1765000000
1!
1(
1H
1[
1m
0w
#1770000000
0!
0(
0H
0[
0m
#1775000000
1!
1(
1H
1[
1m
#1780000000
0!
1%
0(
1,
0H
0[
0m
1n
#1785000000
1!
1(
1H
1[
1m
b001 t
b00100000 u
1w
#1790000000
0!
0(
0H
0[
0m
#1795000000
1!
1(
1H
1[
1m
#1800000000
0!
0%
1'
0(
0,
1.
0H
0[
0m
0n
1p
#1805000000
1!
1(
1H
1[
1m
0w
#1810000000
0!
0(
0H
0[
0m
#1815000000
1!
1(
1H
1[
1m
#1820000000
0!
1%
0(
1,
0H
0[
0m
1n
#1825000000
1!
1(
1H
1[
1m
b010 t
b01000001 u
1w
#1830000000
0!
0(
0H
0[
0m
#1835000000
1!
1(
1H
1[
1m
#1840000000
0!
0%
0(
0,
0H
0[
0m
0n
#1845000000
1!
1(
1H
1[
1m
0w
#1850000000
0!
0(
0H
0[
0m
#1855000000
1!
1(
1H
1[
1m
#1860000000
0!
1%
0(
1,
0H
0[
0m
1n
#1865000000
1!
1(
1H
1[
1m
b011 t
b10000011 u
1w
#1870000000
0!
0(
0H
0[
0m
#1875000000
1!
1(
1H
1[
1m
#1880000000
0!
0%
0'
0(
0,
0.
0H
0[
0m
0n
0p
#1885000000
1!
1(
1H
1[
1m
0w
#1890000000
0!
0(
0H
0[
0m
#1895000000
1!
1(
1H
1[
1m
#1900000000
0!
1%
0(
1,
0H
0[
0m
1n
#1905000000
1!
1(
1H
1[
1m
b100 t
b00000110 u
1w
#1910000000
0!
0(
0H
0[
0m
#1915000000
1!
1(
1H
1[
1m
#1920000000
0!
0%
0(
0,
0H
0[
0m
0n
#1925000000
1!
1(
1H
1[
1m
0w
#1930000000
0!
0(
0H
0[
0m
#1935000000
1!
1(
1H
1[
1m
#1940000000
0!
1%
0(
1,
0H
0[
0m
1n
#1945000000
1!
1(
1H
1[
1m
b101 t
b00001100 u
1w
#1950000000
0!
0(
0H
0[
0m
#1955000000
1!
1(
1H
1[
1m
#1960000000
0!
0%
1'
0(
0,
1.
0H
0[
0m
0n
1p
#1965000000
1!
1(
1H
1[
1m
0w
#1970000000
0!
0(
0H
0[
0m
#1975000000
1!
1(
1H
1[
1m
#1980000000
0!
1%
0(
1,
0H
0[
0m
1n
#1985000000
1!
1(
1H
1[
1m
b110 t
b00011001 u
1w
#1990000000
0!
0(
0H
0[
0m
#1995000000
1!
1(
1H
1[
1m
#2000000000
0!
0%
0(
0,
0H
0[
0m
0n
#2005000000
1!
1(
1H
1[
1m
0w
#2010000000
0!
0(
0H
0[
0m
#2015000000
1!
1(
1H
1[
1m
#2020000000
0!
1%
0(
1,
0H
0[
0m
1n
#2025000000
1!
1(
1H
1[
1m
b111 t
b00110011 u
1w
#2030000000
0!
0(
0H
0[
0m
#2035000000
1!
1(
1H
1[
1m
#2040000000
0!
0%
0'
0(
0,
0.
0H
0[
0m
0n
0p
#2045000000
1!
1(
1H
1[
1m
0w
#2050000000
0!
0(
0H
0[
0m
#2055000000
1!
1(
1H
1[
1m
#2060000000
0!
1%
0(
1,
0H
0[
0m
1n
#2065000000
1!
1(
b00000101 2
b00110011 3
14
b00000101 5
b00110011 6
17
1H
b00000101 W
b00110011 X
1Z
1[
1m
b00000101 q
b00110011 r
1s
b000 t
b01100110 u
b00000110 v
1w
#2070000000
0!
0(
0H
0[
0m
#2075000000
1!
1(
04
07
1H
0Z
1[
1m
0s
#2080000000
0!
0%
1'
0(
0,
1.
0H
0[
0m
0n
1p
#2085000000
1!
1(
1H
1[
1m
0w
#2090000000
0!
0(
0H
0[
0m
#2095000000
1!
1(
1H
1[
1m
#2100000000
0!
1%
0(
1,
0H
0[
0m
1n
#2105000000
1!
1(
1H
1[
1m
b001 t
b11001101 u
1w
#2110000000
0!
0(
0H
0[
0m
#2115000000
1!
1(
1H
1[
1m
#2120000000
0!
0%
0(
0,
0H
0[
0m
0n
#2125000000
1!
1(
1H
1[
1m
0w
#2130000000
0!
0(
0H
0[
0m
#2135000000
1!
1(
1H
1[
1m
#2140000000
0!
1%
0(
1,
0H
0[
0m
1n
#2145000000
1!
1(
1H
1[
1m
b010 t
b10011011 u
1w
#2150000000
0!
0(
0H
0[
0m
#2155000000
1!
1(
1H
1[
1m
#2160000000
0!
0%
0(
0,
0H
0[
0m
0n
#2165000000
1!
1(
1H
1[
1m
0w
#2170000000
0!
0(
0H
0[
0m
#2175000000
1!
1(
1H
1[
1m
#2180000000
0!
1%
0(
1,
0H
0[
0m
1n
#2185000000
1!
1(
1H
1[
1m
b011 t
b00110111 u
1w
#2190000000
0!
0(
0H
0[
0m
#2195000000
1!
1(
1H
1[
1m
#2200000000
0!
0%
0(
0,
0H
0[
0m
0n
#2205000000
1!
1(
1H
1[
1m
0w
#2210000000
0!
0(
0H
0[
0m
#2215000000
1!
1(
1H
1[
1m
#2220000000
0!
1%
0(
1,
0H
0[
0m
1n
#2225000000
1!
1(
1H
1[
1m
b100 t
b01101111 u
1w
#2230000000
0!
0(
0H
0[
0m
#2235000000
1!
1(
1H
1[
1m
#2240000000
0!
0%
0'
0(
0,
0.
0H
0[
0m
0n
0p
#2245000000
1!
1(
1H
1[
1m
0w
#2250000000
0!
0(
0H
0[
0m
#2255000000
1!
1(
1H
1[
1m
#2260000000
0!
1%
0(
1,
0H
0[
0m
1n
#2265000000
1!
1(
1H
1[
1m
b101 t
b11011110 u
1w
#2270000000
0!
0(
0H
0[
0m
#2275000000
1!
1(
1H
1[
1m
#2280000000
0!
0%
0(
0,
0H
0[
0m
0n
#2285000000
1!
1(
1H
1[
1m
0w
#2290000000
0!
0(
0H
0[
0m
#2295000000
1!
1(
1H
1[
1m
#2300000000
0!
1%
0(
1,
0H
0[
0m
1n
#2305000000
1!
1(
1H
1[
1m
b110 t
b10111100 u
1w
#2310000000
0!
0(
0H
0[
0m
#2315000000
1!
1(
1H
1[
1m
#2320000000
0!
0%
0(
0,
0H
0[
0m
0n
#2325000000
1!
1(
1H
1[
1m
0w
#2330000000
0!
0(
0H
0[
0m
#2335000000
1!
1(
1H
1[
1m
#2340000000
0!
1%
0(
1,
0H
0[
0m
1n
#2345000000
1!
1(
1H
1[
1m
b111 t
b01111000 u
1w
#2350000000
0!
0(
0H
0[
0m
#2355000000
1!
1(
1H
1[
1m
#2360000000
0!
0%
0(
0,
0H
0[
0m
0n
#2365000000
1!
1(
1H
1[
1m
0w
#2370000000
0!
0(
0H
0[
0m
#2375000000
1!
1(
1H
1[
1m
#2380000000
0!
1%
0(
1,
0H
0[
0m
1n
#2385000000
1!
1(
b00000110 2
b01111000 3
14
b00000110 5
b01111000 6
17
1H
b00000110 W
b01111000 X
1Z
1[
1m
b00000110 q
b01111000 r
1s
b000 t
b11110000 u
b00000111 v
1w
#2390000000
0!
0(
0H
0[
0m
#2395000000
1!
1(
04
07
1H
0Z
1[
1m
0s
#2400000000
0!
0%
0(
0,
0H
0[
0m
0n
#2405000000
1!
1(
1H
1[
1m
0w
#2410000000
0!
0(
0H
0[
0m
#2415000000
1!
1(
1H
1[
1m
#2420000000
0!
1%
0(
1,
0H
0[
0m
1n
#2425000000
1!
1(
1H
1[
1m
b001 t
b11100000 u
1w
#2430000000
0!
0(
0H
0[
0m
#2435000000
1!
1(
1H
1[
1m
#2440000000
0!
0%
0(
0,
0H
0[
0m
0n
#2445000000
1!
1(
1H
1[
1m
0w
#2450000000
0!
0(
0H
0[
0m
#2455000000
1!
1(
1H
1[
1m
#2460000000
0!
1%
0(
1,
0H
0[
0m
1n
#2465000000
1!
1(
1H
1[
1m
b010 t
b11000000 u
1w
#2470000000
0!
0(
0H
0[
0m
#2475000000
1!
1(
1H
1[
1m
#2480000000
0!
0%
0(
0,
0H
0[
0m
0n
#2485000000
1!
1(
1H
1[
1m
0w
#2490000000
0!
0(
0H
0[
0m
#2495000000
1!
1(
1H
1[
1m
#2500000000
0!
1%
0(
1,
0H
0[
0m
1n
#2505000000
1!
1(
1H
1[
1m
b011 t
b10000000 u
1w
#2510000000
0!
0(
0H
0[
0m
#2515000000
1!
1(
1H
1[
1m
#2520000000
0!
0%
0(
0,
0H
0[
0m
0n
#2525000000
1!
1(
1H
1[
1m
0w
#2530000000
0!
0(
0H
0[
0m
#2535000000
1!
1(
1H
1[
1m
#2540000000
0!
1%
0(
1,
0H
0[
0m
1n
#2545000000
1!
1(
1H
1[
1m
b100 t
b00000000 u
1w
#2550000000
0!
0(
0H
0[
0m
#2555000000
1!
1(
1H
1[
1m
#2560000000
0!
0%
0(
0,
0H
0[
0m
0n
#2565000000
1!
1(
1H
1[
1m
0w
#2570000000
0!
0(
0H
0[
0m
#2575000000
1!
1(
1H
1[
1m
#2580000000
0!
1%
0(
1,
0H
0[
0m
1n
#2585000000
1!
1(
1H
1[
1m
b101 t
1w
#2590000000
0!
0(
0H
0[
0m
#2595000000
1!
1(
1H
1[
1m
#2600000000
0!
0%
0(
0,
0H
0[
0m
0n
#2605000000
1!
1(
1H
1[
1m
0w
#2610000000
0!
0(
0H
0[
0m
#2615000000
1!
1(
1H
1[
1m
#2620000000
0!
1%
0(
1,
0H
0[
0m
1n
#2625000000
1!
1(
1H
1[
1m
b110 t
1w
#2630000000
0!
0(
0H
0[
0m
#2635000000
1!
1(
1H
1[
1m
#2640000000
0!
0%
0(
0,
0H
0[
0m
0n
#2645000000
1!
1(
1H
1[
1m
0w
#2650000000
0!
0(
0H
0[
0m
#2655000000
1!
1(
1H
1[
1m
#2660000000
0!
1%
0(
1,
0H
0[
0m
1n
#2665000000
1!
1(
1H
1[
1m
b111 t
1w
#2670000000
0!
0(
0H
0[
0m
#2675000000
1!
1(
1H
1[
1m
#2680000000
0!
0%
0(
0,
0H
0[
0m
0n
#2685000000
1!
1(
1H
1[
1m
0w
#2690000000
0!
0(
0H
0[
0m
#2695000000
1!
1(
1H
1[
1m
#2700000000
0!
1%
0(
1,
0H
0[
0m
1n
#2705000000
1!
1(
b00000111 2
b00000000 3
14
b00000111 5
b00000000 6
17
1H
b00000111 W
b00000000 X
1Z
1[
1m
b00000111 q
b00000000 r
1s
b000 t
b00001000 v
1w
#2710000000
0!
0(
0H
0[
0m
#2715000000
1!
1(
04
07
1H
0Z
1[
1m
0s
#2720000000
0!
0%
0(
0,
0H
0[
0m
0n
#2725000000
1!
1(
1H
1[
1m
0w
#2730000000
0!
0(
0H
0[
0m
#2735000000
1!
1(
1H
1[
1m
#2740000000
0!
1%
0(
1,
0H
0[
0m
1n
#2745000000
1!
1(
1H
1[
1m
b001 t
1w
#2750000000
0!
0(
0H
0[
0m
#2755000000
1!
1(
1H
1[
1m
#2760000000
0!
0%
0(
0,
0H
0[
0m
0n
#2765000000
1!
1(
1H
1[
1m
0w
#2770000000
0!
0(
0H
0[
0m
#2775000000
1!
1(
1H
1[
1m
#2780000000
0!
1%
0(
1,
0H
0[
0m
1n
#2785000000
1!
1(
1H
1[
1m
b010 t
1w
#2790000000
0!
0(
0H
0[
0m
#2795000000
1!
1(
1H
1[
1m
#2800000000
0!
0%
0(
0,
0H
0[
0m
0n
#2805000000
1!
1(
1H
1[
1m
0w
#2810000000
0!
0(
0H
0[
0m
#2815000000
1!
1(
1H
1[
1m
#2820000000
0!
1%
0(
1,
0H
0[
0m
1n
#2825000000
1!
1(
1H
1[
1m
b011 t
1w
#2830000000
0!
0(
0H
0[
0m
#2835000000
1!
1(
1H
1[
1m
#2840000000
0!
0%
0(
0,
0H
0[
0m
0n
#2845000000
1!
1(
1H
1[
1m
0w
#2850000000
0!
0(
0H
0[
0m
#2855000000
1!
1(
1H
1[
1m
#2860000000
0!
1%
0(
1,
0H
0[
0m
1n
#2865000000
1!
1(
1H
1[
1m
b100 t
1w
#2870000000
0!
0(
0H
0[
0m
#2875000000
1!
1(
1H
1[
1m
#2880000000
0!
0%
0(
0,
0H
0[
0m
0n
#2885000000
1!
1(
1H
1[
1m
0w
#2890000000
0!
0(
0H
0[
0m
#2895000000
1!
1(
1H
1[
1m
#2900000000
0!
1%
0(
1,
0H
0[
0m
1n
#2905000000
1!
1(
1H
1[
1m
b101 t
1w
#2910000000
0!
0(
0H
0[
0m
#2915000000
1!
1(
1H
1[
1m
#2920000000
0!
0%
0(
0,
0H
0[
0m
0n
#2925000000
1!
1(
1H
1[
1m
0w
#2930000000
0!
0(
0H
0[
0m
#2935000000
1!
1(
1H
1[
1m
#2940000000
0!
1%
0(
1,
0H
0[
0m
1n
#2945000000
1!
1(
1H
1[
1m
b110 t
1w
#2950000000
0!
0(
0H
0[
0m
#2955000000
1!
1(
1H
1[
1m
#2960000000
0!
0%
0(
0,
0H
0[
0m
0n
#2965000000
1!
1(
1H
1[
1m
0w
#2970000000
0!
0(
0H
0[
0m
#2975000000
1!
1(
1H
1[
1m
#2980000000
0!
1%
0(
1,
0H
0[
0m
1n
#2985000000
1!
1(
1H
1[
1m
b111 t
1w
#2990000000
0!
0(
0H
0[
0m
#2995000000
1!
1(
1H
1[
1m
#3000000000
0!
0%
0(
0,
0H
0[
0m
0n
#3005000000
1!
1(
1H
1[
1m
0w
#3010000000
0!
0(
0H
0[
0m
#3015000000
1!
1(
1H
1[
1m
#3020000000
0!
1%
0(
1,
0H
0[
0m
1n
#3025000000
1!
1(
b00001000 2
14
b00001000 5
17
1H
b00001000 W
1Z
1[
1m
b00001000 q
1s
b000 t
b00001001 v
1w
#3030000000
0!
0(
0H
0[
0m
#3035000000
1!
1(
04
07
1H
0Z
1[
1m
0s
#3040000000
0!
0%
0(
0,
0H
0[
0m
0n
#3045000000
1!
1(
1H
1[
1m
0w
#3050000000
0!
0(
0H
0[
0m
#3055000000
1!
1(
1H
1[
1m
#3060000000
0!
1%
0(
1,
0H
0[
0m
1n
#3065000000
1!
1(
1H
1[
1m
b001 t
1w
#3070000000
0!
0(
0H
0[
0m
#3075000000
1!
1(
1H
1[
1m
#3080000000
0!
0%
0(
0,
0H
0[
0m
0n
#3085000000
1!
1(
1H
1[
1m
0w
#3090000000
0!
0(
0H
0[
0m
#3095000000
1!
1(
1H
1[
1m
#3100000000
0!
1%
0(
1,
0H
0[
0m
1n
#3105000000
1!
1(
1H
1[
1m
b010 t
1w
#3110000000
0!
0(
0H
0[
0m
#3115000000
1!
1(
1H
1[
1m
#3120000000
0!
0%
0(
0,
0H
0[
0m
0n
#3125000000
1!
1(
1H
1[
1m
0w
#3130000000
0!
0(
0H
0[
0m
#3135000000
1!
1(
1H
1[
1m
#3140000000
0!
1%
0(
1,
0H
0[
0m
1n
#3145000000
1!
1(
1H
1[
1m
b011 t
1w
#3150000000
0!
0(
0H
0[
0m
#3155000000
1!
1(
1H
1[
1m
#3160000000
0!
0%
0(
0,
0H
0[
0m
0n
#3165000000
1!
1(
1H
1[
1m
0w
#3170000000
0!
0(
0H
0[
0m
#3175000000
1!
1(
1H
1[
1m
#3180000000
0!
1%
0(
1,
0H
0[
0m
1n
#3185000000
1!
1(
1H
1[
1m
b100 t
1w
#3190000000
0!
0(
0H
0[
0m
#3195000000
1!
1(
1H
1[
1m
#3200000000
0!
0%
0(
0,
0H
0[
0m
0n
#3205000000
1!
1(
1H
1[
1m
0w
#3210000000
0!
0(
0H
0[
0m
#3215000000
1!
1(
1H
1[
1m
#3220000000
0!
1%
0(
1,
0H
0[
0m
1n
#3225000000
1!
1(
1H
1[
1m
b101 t
1w
#3230000000
0!
0(
0H
0[
0m
#3235000000
1!
1(
1H
1[
1m
#3240000000
0!
0%
0(
0,
0H
0[
0m
0n
#3245000000
1!
1(
1H
1[
1m
0w
#3250000000
0!
0(
0H
0[
0m
#3255000000
1!
1(
1H
1[
1m
#3260000000
0!
1%
0(
1,
0H
0[
0m
1n
#3265000000
1!
1(
1H
1[
1m
b110 t
1w
#3270000000
0!
0(
0H
0[
0m
#3275000000
1!
1(
1H
1[
1m
#3280000000
0!
0%
0(
0,
0H
0[
0m
0n
#3285000000
1!
1(
1H
1[
1m
0w
#3290000000
0!
0(
0H
0[
0m
#3295000000
1!
1(
1H
1[
1m
#3300000000
0!
1%
0(
1,
0H
0[
0m
1n
#3305000000
1!
1(
1H
1[
1m
b111 t
1w
#3310000000
0!
0(
0H
0[
0m
#3315000000
1!
1(
1H
1[
1m
#3320000000
0!
0%
0(
0,
0H
0[
0m
0n
#3325000000
1!
1(
1H
1[
1m
0w
#3330000000
0!
0(
0H
0[
0m
#3335000000
1!
1(
1H
1[
1m
#3340000000
0!
1%
0(
1,
0H
0[
0m
1n
#3345000000
1!
1(
b00001001 2
14
b00001001 5
17
1H
b00001001 W
1Z
1[
1m
b00001001 q
1s
b000 t
b00001010 v
1w
#3350000000
0!
0(
0H
0[
0m
#3355000000
1!
1(
04
07
1H
0Z
1[
1m
0s
#3360000000
0!
0%
0(
0,
0H
0[
0m
0n
#3365000000
1!
1(
1H
1[
1m
0w
#3370000000
0!
0(
0H
0[
0m
#3375000000
1!
1(
1H
1[
1m
#3380000000
0!
1%
0(
1,
0H
0[
0m
1n
#3385000000
1!
1(
1H
1[
1m
b001 t
1w
#3390000000
0!
0(
0H
0[
0m
#3395000000
1!
1(
1H
1[
1m
#3400000000
0!
0%
0(
0,
0H
0[
0m
0n
#3405000000
1!
1(
1H
1[
1m
0w
#3410000000
0!
0(
0H
0[
0m
#3415000000
1!
1(
1H
1[
1m
#3420000000
0!
1%
0(
1,
0H
0[
0m
1n
#3425000000
1!
1(
1H
1[
1m
b010 t
1w
#3430000000
0!
0(
0H
0[
0m
#3435000000
1!
1(
1H
1[
1m
#3440000000
0!
0%
0(
0,
0H
0[
0m
0n
#3445000000
1!
1(
1H
1[
1m
0w
#3450000000
0!
0(
0H
0[
0m
#3455000000
1!
1(
1H
1[
1m
#3460000000
0!
1%
0(
1,
0H
0[
0m
1n
#3465000000
1!
1(
1H
1[
1m
b011 t
1w
#3470000000
0!
0(
0H
0[
0m
#3475000000
1!
1(
1H
1[
1m
#3480000000
0!
0%
0(
0,
0H
0[
0m
0n
#3485000000
1!
1(
1H
1[
1m
0w
#3490000000
0!
0(
0H
0[
0m
#3495000000
1!
1(
1H
1[
1m
#3500000000
0!
1%
0(
1,
0H
0[
0m
1n
#3505000000
1!
1(
1H
1[
1m
b100 t
1w
#3510000000
0!
0(
0H
0[
0m
#3515000000
1!
1(
1H
1[
1m
#3520000000
0!
0%
0(
0,
0H
0[
0m
0n
#3525000000
1!
1(
1H
1[
1m
0w
#3530000000
0!
0(
0H
0[
0m
#3535000000
1!
1(
1H
1[
1m
#3540000000
0!
1%
0(
1,
0H
0[
0m
1n
#3545000000
1!
1(
1H
1[
1m
b101 t
1w
#3550000000
0!
0(
0H
0[
0m
#3555000000
1!
1(
1H
1[
1m
#3560000000
0!
0%
0(
0,
0H
0[
0m
0n
#3565000000
1!
1(
1H
1[
1m
0w
#3570000000
0!
0(
0H
0[
0m
#3575000000
1!
1(
1H
1[
1m
#3580000000
0!
1%
0(
1,
0H
0[
0m
1n
#3585000000
1!
1(
1H
1[
1m
b110 t
1w
#3590000000
0!
0(
0H
0[
0m
#3595000000
1!
1(
1H
1[
1m
#3600000000
0!
0%
0(
0,
0H
0[
0m
0n
#3605000000
1!
1(
1H
1[
1m
0w
#3610000000
0!
0(
0H
0[
0m
#3615000000
1!
1(
1H
1[
1m
#3620000000
0!
1%
0(
1,
0H
0[
0m
1n
#3625000000
1!
1(
1H
1[
1m
b111 t
1w
#3630000000
0!
0(
0H
0[
0m
#3635000000
1!
1(
1H
1[
1m
#3640000000
0!
0%
0(
0,
0H
0[
0m
0n
#3645000000
1!
1(
1H
1[
1m
0w
#3650000000
0!
0(
0H
0[
0m
#3655000000
1!
1(
1H
1[
1m
#3660000000
0!
1%
0(
1,
0H
0[
0m
1n
#3665000000
1!
1(
b00001010 2
14
b00001010 5
17
1H
b00001010 W
1Z
1[
1m
b00001010 q
1s
b000 t
b00001011 v
1w
#3670000000
0!
0(
0H
0[
0m
#3675000000
1!
1(
04
07
1H
0Z
1[
1m
0s
#3680000000
0!
0%
0(
0,
0H
0[
0m
0n
#3685000000
1!
1(
1H
1[
1m
0w
#3690000000
0!
0(
0H
0[
0m
#3695000000
1!
1(
1H
1[
1m
#3700000000
0!
1%
0(
1,
0H
0[
0m
1n
#3705000000
1!
1(
1H
1[
1m
b001 t
1w
#3710000000
0!
0(
0H
0[
0m
#3715000000
1!
1(
1H
1[
1m
#3720000000
0!
0%
0(
0,
0H
0[
0m
0n
#3725000000
1!
1(
1H
1[
1m
0w
#3730000000
0!
0(
0H
0[
0m
#3735000000
1!
1(
1H
1[
1m
#3740000000
0!
1%
0(
1,
0H
0[
0m
1n
#3745000000
1!
1(
1H
1[
1m
b010 t
1w
#3750000000
0!
0(
0H
0[
0m
#3755000000
1!
1(
1H
1[
1m
#3760000000
0!
0%
0(
0,
0H
0[
0m
0n
#3765000000
1!
1(
1H
1[
1m
0w
#3770000000
0!
0(
0H
0[
0m
#3775000000
1!
1(
1H
1[
1m
#3780000000
0!
1%
0(
1,
0H
0[
0m
1n
#3785000000
1!
1(
1H
1[
1m
b011 t
1w
#3790000000
0!
0(
0H
0[
0m
#3795000000
1!
1(
1H
1[
1m
#3800000000
0!
0%
0(
0,
0H
0[
0m
0n
#3805000000
1!
1(
1H
1[
1m
0w
#3810000000
0!
0(
0H
0[
0m
#3815000000
1!
1(
1H
1[
1m
#3820000000
0!
1%
0(
1,
0H
0[
0m
1n
#3825000000
1!
1(
1H
1[
1m
b100 t
1w
#3830000000
0!
0(
0H
0[
0m
#3835000000
1!
1(
1H
1[
1m
#3840000000
0!
0%
0(
0,
0H
0[
0m
0n
#3845000000
1!
1(
1H
1[
1m
0w
#3850000000
0!
0(
0H
0[
0m
#3855000000
1!
1(
1H
1[
1m
#3860000000
0!
1%
0(
1,
0H
0[
0m
1n
#3865000000
1!
1(
1H
1[
1m
b101 t
1w
#3870000000
0!
0(
0H
0[
0m
#3875000000
1!
1(
1H
1[
1m
#3880000000
0!
0%
0(
0,
0H
0[
0m
0n
#3885000000
1!
1(
1H
1[
1m
0w
#3890000000
0!
0(
0H
0[
0m
#3895000000
1!
1(
1H
1[
1m
#3900000000
0!
1%
0(
1,
0H
0[
0m
1n
#3905000000
1!
1(
1H
1[
1m
b110 t
1w
#3910000000
0!
0(
0H
0[
0m
#3915000000
1!
1(
1H
1[
1m
#3920000000
0!
0%
0(
0,
0H
0[
0m
0n
#3925000000
1!
1(
1H
1[
1m
0w
#3930000000
0!
0(
0H
0[
0m
#3935000000
1!
1(
1H
1[
1m
#3940000000
0!
1%
0(
1,
0H
0[
0m
1n
#3945000000
1!
1(
1H
1[
1m
b111 t
1w
#3950000000
0!
0(
0H
0[
0m
#3955000000
1!
1(
1H
1[
1m
#3960000000
0!
0%
0(
0,
0H
0[
0m
0n
#3965000000
1!
1(
1H
1[
1m
0w
#3970000000
0!
0(
0H
0[
0m
#3975000000
1!
1(
1H
1[
1m
#3980000000
0!
1%
0(
1,
0H
0[
0m
1n
#3985000000
1!
1(
b00001011 2
14
b00001011 5
17
1H
b00001011 W
1Z
1[
1m
b00001011 q
1s
b000 t
b00001100 v
1w
#3990000000
0!
0(
0H
0[
0m
#3995000000
1!
1(
04
07
1H
0Z
1[
1m
0s
#4000000000
0!
0%
0(
0,
0H
0[
0m
0n
#4005000000
1!
1(
1H
1[
1m
0w
#4010000000
0!
0(
0H
0[
0m
#4015000000
1!
1(
1H
1[
1m
#4020000000
0!
1%
0(
1,
0H
0[
0m
1n
#4025000000
1!
1(
1H
1[
1m
b001 t
1w
#4030000000
0!
0(
0H
0[
0m
#4035000000
1!
1(
1H
1[
1m
#4040000000
0!
0%
0(
0,
0H
0[
0m
0n
#4045000000
1!
1(
1H
1[
1m
0w
#4050000000
0!
0(
0H
0[
0m
#4055000000
1!
1(
1H
1[
1m
#4060000000
0!
1%
0(
1,
0H
0[
0m
1n
#4065000000
1!
1(
1H
1[
1m
b010 t
1w
#4070000000
0!
0(
0H
0[
0m
#4075000000
1!
1(
1H
1[
1m
#4080000000
0!
0%
0(
0,
0H
0[
0m
0n
#4085000000
1!
1(
1H
1[
1m
0w
#4090000000
0!
0(
0H
0[
0m
#4095000000
1!
1(
1H
1[
1m
#4100000000
0!
1%
0(
1,
0H
0[
0m
1n
#4105000000
1!
1(
1H
1[
1m
b011 t
1w
#4110000000
0!
0(
0H
0[
0m
#4115000000
1!
1(
1H
1[
1m
#4120000000
0!
0%
0(
0,
0H
0[
0m
0n
#4125000000
1!
1(
1H
1[
1m
0w
#4130000000
0!
0(
0H
0[
0m
#4135000000
1!
1(
1H
1[
1m
#4140000000
0!
1%
0(
1,
0H
0[
0m
1n
#4145000000
1!
1(
1H
1[
1m
b100 t
1w
#4150000000
0!
0(
0H
0[
0m
#4155000000
1!
1(
1H
1[
1m
#4160000000
0!
0%
0(
0,
0H
0[
0m
0n
#4165000000
1!
1(
1H
1[
1m
0w
#4170000000
0!
0(
0H
0[
0m
#4175000000
1!
1(
1H
1[
1m
#4180000000
0!
1%
0(
1,
0H
0[
0m
1n
#4185000000
1!
1(
1H
1[
1m
b101 t
1w
#4190000000
0!
0(
0H
0[
0m
#4195000000
1!
1(
1H
1[
1m
#4200000000
0!
0%
0(
0,
0H
0[
0m
0n
#4205000000
1!
1(
1H
1[
1m
0w
#4210000000
0!
0(
0H
0[
0m
#4215000000
1!
1(
1H
1[
1m
#4220000000
0!
1%
0(
1,
0H
0[
0m
1n
#4225000000
1!
1(
1H
1[
1m
b110 t
1w
#4230000000
0!
0(
0H
0[
0m
#4235000000
1!
1(
1H
1[
1m
#4240000000
0!
0%
0(
0,
0H
0[
0m
0n
#4245000000
1!
1(
1H
1[
1m
0w
#4250000000
0!
0(
0H
0[
0m
#4255000000
1!
1(
1H
1[
1m
#4260000000
0!
1%
0(
1,
0H
0[
0m
1n
#4265000000
1!
1(
1H
1[
1m
b111 t
1w
#4270000000
0!
0(
0H
0[
0m
#4275000000
1!
1(
1H
1[
1m
#4280000000
0!
0%
0(
0,
0H
0[
0m
0n
#4285000000
1!
1(
1H
1[
1m
0w
#4290000000
0!
0(
0H
0[
0m
#4295000000
1!
1(
1H
1[
1m
#4300000000
0!
1%
0(
1,
0H
0[
0m
1n
#4305000000
1!
1(
b00001100 2
14
b00001100 5
17
1H
b00001100 W
1Z
1[
1m
b00001100 q
1s
b000 t
b00001101 v
1w
#4310000000
0!
0(
0H
0[
0m
#4315000000
1!
1(
04
07
1H
0Z
1[
1m
0s
#4320000000
0!
0%
0(
0,
0H
0[
0m
0n
#4325000000
1!
1(
1H
1[
1m
0w
#4330000000
0!
0(
0H
0[
0m
#4335000000
1!
1(
1H
1[
1m
#4340000000
0!
1%
0(
1,
0H
0[
0m
1n
#4345000000
1!
1(
1H
1[
1m
b001 t
1w
#4350000000
0!
0(
0H
0[
0m
#4355000000
1!
1(
1H
1[
1m
#4360000000
0!
0%
0(
0,
0H
0[
0m
0n
#4365000000
1!
1(
1H
1[
1m
0w
#4370000000
0!
0(
0H
0[
0m
#4375000000
1!
1(
1H
1[
1m
#4380000000
0!
1%
0(
1,
0H
0[
0m
1n
#4385000000
1!
1(
1H
1[
1m
b010 t
1w
#4390000000
0!
0(
0H
0[
0m
#4395000000
1!
1(
1H
1[
1m
#4400000000
0!
0%
0(
0,
0H
0[
0m
0n
#4405000000
1!
1(
1H
1[
1m
0w
#4410000000
0!
0(
0H
0[
0m
#4415000000
1!
1(
1H
1[
1m
#4420000000
0!
1%
0(
1,
0H
0[
0m
1n
#4425000000
1!
1(
1H
1[
1m
b011 t
1w
#4430000000
0!
0(
0H
0[
0m
#4435000000
1!
1(
1H
1[
1m
#4440000000
0!
0%
0(
0,
0H
0[
0m
0n
#4445000000
1!
1(
1H
1[
1m
0w
#4450000000
0!
0(
0H
0[
0m
#4455000000
1!
1(
1H
1[
1m
#4460000000
0!
1%
0(
1,
0H
0[
0m
1n
#4465000000
1!
1(
1H
1[
1m
b100 t
1w
#4470000000
0!
0(
0H
0[
0m
#4475000000
1!
1(
1H
1[
1m
#4480000000
0!
0%
0(
0,
0H
0[
0m
0n
#4485000000
1!
1(
1H
1[
1m
0w
#4490000000
0!
0(
0H
0[
0m
#4495000000
1!
1(
1H
1[
1m
#4500000000
0!
1%
0(
1,
0H
0[
0m
1n
#4505000000
1!
1(
1H
1[
1m
b101 t
1w
#4510000000
0!
0(
0H
0[
0m
#4515000000
1!
1(
1H
1[
1m
#4520000000
0!
0%
0(
0,
0H
0[
0m
0n
#4525000000
1!
1(
1H
1[
1m
0w
#4530000000
0!
0(
0H
0[
0m
#4535000000
1!
1(
1H
1[
1m
#4540000000
0!
1%
0(
1,
0H
0[
0m
1n
#4545000000
1!
1(
1H
1[
1m
b110 t
1w
#4550000000
0!
0(
0H
0[
0m
#4555000000
1!
1(
1H
1[
1m
#4560000000
0!
0%
0(
0,
0H
0[
0m
0n
#4565000000
1!
1(
1H
1[
1m
0w
#4570000000
0!
0(
0H
0[
0m
#4575000000
1!
1(
1H
1[
1m
#4580000000
0!
1%
0(
1,
0H
0[
0m
1n
#4585000000
1!
1(
1H
1[
1m
b111 t
1w
#4590000000
0!
0(
0H
0[
0m
#4595000000
1!
1(
1H
1[
1m
#4600000000
0!
0%
0(
0,
0H
0[
0m
0n
#4605000000
1!
1(
1H
1[
1m
0w
#4610000000
0!
0(
0H
0[
0m
#4615000000
1!
1(
1H
1[
1m
#4620000000
0!
1%
0(
1,
0H
0[
0m
1n
#4625000000
1!
1(
b00001101 2
14
b00001101 5
17
1H
b00001101 W
1Z
1[
1m
b00001101 q
1s
b000 t
b00001110 v
1w
#4630000000
0!
0(
0H
0[
0m
#4635000000
1!
1(
04
07
1H
0Z
1[
1m
0s
#4640000000
0!
0%
0(
0,
0H
0[
0m
0n
#4645000000
1!
1(
1H
1[
1m
0w
#4650000000
0!
0(
0H
0[
0m
#4655000000
1!
1(
1H
1[
1m
#4660000000
0!
1%
0(
1,
0H
0[
0m
1n
#4665000000
1!
1(
1H
1[
1m
b001 t
1w
#4670000000
0!
0(
0H
0[
0m
#4675000000
1!
1(
1H
1[
1m
#4680000000
0!
0%
0(
0,
0H
0[
0m
0n
#4685000000
1!
1(
1H
1[
1m
0w
#4690000000
0!
0(
0H
0[
0m
#4695000000
1!
1(
1H
1[
1m
#4700000000
0!
1%
0(
1,
0H
0[
0m
1n
#4705000000
1!
1(
1H
1[
1m
b010 t
1w
#4710000000
0!
0(
0H
0[
0m
#4715000000
1!
1(
1H
1[
1m
#4720000000
0!
0%
0(
0,
0H
0[
0m
0n
#4725000000
1!
1(
1H
1[
1m
0w
#4730000000
0!
0(
0H
0[
0m
#4735000000
1!
1(
1H
1[
1m
#4740000000
0!
1%
0(
1,
0H
0[
0m
1n
#4745000000
1!
1(
1H
1[
1m
b011 t
1w
#4750000000
0!
0(
0H
0[
0m
#4755000000
1!
1(
1H
1[
1m
#4760000000
0!
0%
0(
0,
0H
0[
0m
0n
#4765000000
1!
1(
1H
1[
1m
0w
#4770000000
0!
0(
0H
0[
0m
#4775000000
1!
1(
1H
1[
1m
#4780000000
0!
1%
0(
1,
0H
0[
0m
1n
#4785000000
1!
1(
1H
1[
1m
b100 t
1w
#4790000000
0!
0(
0H
0[
0m
#4795000000
1!
1(
1H
1[
1m
#4800000000
0!
0%
0(
0,
0H
0[
0m
0n
#4805000000
1!
1(
1H
1[
1m
0w
#4810000000
0!
0(
0H
0[
0m
#4815000000
1!
1(
1H
1[
1m
#4820000000
0!
1%
0(
1,
0H
0[
0m
1n
#4825000000
1!
1(
1H
1[
1m
b101 t
1w
#4830000000
0!
0(
0H
0[
0m
#4835000000
1!
1(
1H
1[
1m
#4840000000
0!
0%
0(
0,
0H
0[
0m
0n
#4845000000
1!
1(
1H
1[
1m
0w
#4850000000
0!
0(
0H
0[
0m
#4855000000
1!
1(
1H
1[
1m
#4860000000
0!
1%
0(
1,
0H
0[
0m
1n
#4865000000
1!
1(
1H
1[
1m
b110 t
1w
#4870000000
0!
0(
0H
0[
0m
#4875000000
1!
1(
1H
1[
1m
#4880000000
0!
0%
0(
0,
0H
0[
0m
0n
#4885000000
1!
1(
1H
1[
1m
0w
#4890000000
0!
0(
0H
0[
0m
#4895000000
1!
1(
1H
1[
1m
#4900000000
0!
1%
0(
1,
0H
0[
0m
1n
#4905000000
1!
1(
1H
1[
1m
b111 t
1w
#4910000000
0!
0(
0H
0[
0m
#4915000000
1!
1(
1H
1[
1m
#4920000000
0!
0%
0(
0,
0H
0[
0m
0n
#4925000000
1!
1(
1H
1[
1m
0w
#4930000000
0!
0(
0H
0[
0m
#4935000000
1!
1(
1H
1[
1m
#4940000000
0!
1%
0(
1,
0H
0[
0m
1n
#4945000000
1!
1(
b00001110 2
14
b00001110 5
17
1H
b00001110 W
1Z
1[
1m
b00001110 q
1s
b000 t
b00001111 v
1w
#4950000000
0!
0(
0H
0[
0m
#4955000000
1!
1(
04
07
1H
0Z
1[
1m
0s
#4960000000
0!
0%
0(
0,
0H
0[
0m
0n
#4965000000
1!
1(
1H
1[
1m
0w
#4970000000
0!
0(
0H
0[
0m
#4975000000
1!
1(
1H
1[
1m
#4980000000
0!
1%
0(
1,
0H
0[
0m
1n
#4985000000
1!
1(
1H
1[
1m
b001 t
1w
#4990000000
0!
0(
0H
0[
0m
#4995000000
1!
1(
1H
1[
1m
#5000000000
0!
0%
0(
0,
0H
0[
0m
0n
#5005000000
1!
1(
1H
1[
1m
0w
#5010000000
0!
0(
0H
0[
0m
#5015000000
1!
1(
1H
1[
1m
#5020000000
0!
1%
0(
1,
0H
0[
0m
1n
#5025000000
1!
1(
1H
1[
1m
b010 t
1w
#5030000000
0!
0(
0H
0[
0m
#5035000000
1!
1(
1H
1[
1m
#5040000000
0!
0%
0(
0,
0H
0[
0m
0n
#5045000000
1!
1(
1H
1[
1m
0w
#5050000000
0!
0(
0H
0[
0m
#5055000000
1!
1(
1H
1[
1m
#5060000000
0!
1%
0(
1,
0H
0[
0m
1n
#5065000000
1!
1(
1H
1[
1m
b011 t
1w
#5070000000
0!
0(
0H
0[
0m
#5075000000
1!
1(
1H
1[
1m
#5080000000
0!
0%
0(
0,
0H
0[
0m
0n
#5085000000
1!
1(
1H
1[
1m
0w
#5090000000
0!
0(
0H
0[
0m
#5095000000
1!
1(
1H
1[
1m
#5100000000
0!
1%
0(
1,
0H
0[
0m
1n
#5105000000
1!
1(
1H
1[
1m
b100 t
1w
#5110000000
0!
0(
0H
0[
0m
#5115000000
1!
1(
1H
1[
1m
#5120000000
0!
0%
0(
0,
0H
0[
0m
0n
#5125000000
1!
1(
1H
1[
1m
0w
#5130000000
0!
0(
0H
0[
0m
#5135000000
1!
1(
1H
1[
1m
#5140000000
0!
1%
0(
1,
0H
0[
0m
1n
#5145000000
1!
1(
1H
1[
1m
b101 t
1w
#5150000000
0!
0(
0H
0[
0m
#5155000000
1!
1(
1H
1[
1m
#5160000000
0!
0%
0(
0,
0H
0[
0m
0n
#5165000000
1!
1(
1H
1[
1m
0w
#5170000000
0!
0(
0H
0[
0m
#5175000000
1!
1(
1H
1[
1m
#5180000000
0!
1%
0(
1,
0H
0[
0m
1n
#5185000000
1!
1(
1H
1[
1m
b110 t
1w
#5190000000
0!
0(
0H
0[
0m
#5195000000
1!
1(
1H
1[
1m
#5200000000
0!
0%
0(
0,
0H
0[
0m
0n
#5205000000
1!
1(
1H
1[
1m
0w
#5210000000
0!
0(
0H
0[
0m
#5215000000
1!
1(
1H
1[
1m
#5220000000
0!
1%
0(
1,
0H
0[
0m
1n
#5225000000
1!
1(
1H
1[
1m
b111 t
1w
#5230000000
0!
0(
0H
0[
0m
#5235000000
1!
1(
1H
1[
1m
#5240000000
0!
0%
0(
0,
0H
0[
0m
0n
#5245000000
1!
1(
1H
1[
1m
0w
#5250000000
0!
0(
0H
0[
0m
#5255000000
1!
1(
1H
1[
1m
#5260000000
0!
1%
0(
1,
0H
0[
0m
1n
#5265000000
1!
1(
b00001111 2
14
b00001111 5
17
1H
b00001111 W
1Z
1[
1m
b00001111 q
1s
b000 t
b00010000 v
1w
#5270000000
0!
0(
0H
0[
0m
#5275000000
1!
1(
04
07
1H
0Z
1[
1m
0s
#5280000000
0!
0%
0(
0,
0H
0[
0m
0n
#5285000000
1!
1(
1H
1[
1m
0w
#5290000000
0!
0(
0H
0[
0m
#5295000000
1!
1(
1H
1[
1m
#5300000000
0!
1%
0(
1,
0H
0[
0m
1n
#5305000000
1!
1(
1H
1[
1m
b001 t
1w
#5310000000
0!
0(
0H
0[
0m
#5315000000
1!
1(
1H
1[
1m
#5320000000
0!
0%
0(
0,
0H
0[
0m
0n
#5325000000
1!
1(
1H
1[
1m
0w
#5330000000
0!
0(
0H
0[
0m
#5335000000
1!
1(
1H
1[
1m
#5340000000
0!
1%
0(
1,
0H
0[
0m
1n
#5345000000
1!
1(
1H
1[
1m
b010 t
1w
#5350000000
0!
0(
0H
0[
0m
#5355000000
1!
1(
1H
1[
1m
#5360000000
0!
0%
0(
0,
0H
0[
0m
0n
#5365000000
1!
1(
1H
1[
1m
0w
#5370000000
0!
0(
0H
0[
0m
#5375000000
1!
1(
1H
1[
1m
#5380000000
0!
1%
0(
1,
0H
0[
0m
1n
#5385000000
1!
1(
1H
1[
1m
b011 t
1w
#5390000000
0!
0(
0H
0[
0m
#5395000000
1!
1(
1H
1[
1m
#5400000000
0!
0%
0(
0,
0H
0[
0m
0n
#5405000000
1!
1(
1H
1[
1m
0w
#5410000000
0!
0(
0H
0[
0m
#5415000000
1!
1(
1H
1[
1m
#5420000000
0!
1%
0(
1,
0H
0[
0m
1n
#5425000000
1!
1(
1H
1[
1m
b100 t
1w
#5430000000
0!
0(
0H
0[
0m
#5435000000
1!
1(
1H
1[
1m
#5440000000
0!
0%
0(
0,
0H
0[
0m
0n
#5445000000
1!
1(
1H
1[
1m
0w
#5450000000
0!
0(
0H
0[
0m
#5455000000
1!
1(
1H
1[
1m
#5460000000
0!
1%
0(
1,
0H
0[
0m
1n
#5465000000
1!
1(
1H
1[
1m
b101 t
1w
#5470000000
0!
0(
0H
0[
0m
#5475000000
1!
1(
1H
1[
1m
#5480000000
0!
0%
0(
0,
0H
0[
0m
0n
#5485000000
1!
1(
1H
1[
1m
0w
#5490000000
0!
0(
0H
0[
0m
#5495000000
1!
1(
1H
1[
1m
#5500000000
0!
1%
0(
1,
0H
0[
0m
1n
#5505000000
1!
1(
1H
1[
1m
b110 t
1w
#5510000000
0!
0(
0H
0[
0m
#5515000000
1!
1(
1H
1[
1m
#5520000000
0!
0%
0(
0,
0H
0[
0m
0n
#5525000000
1!
1(
1H
1[
1m
0w
#5530000000
0!
0(
0H
0[
0m
#5535000000
1!
1(
1H
1[
1m
#5540000000
0!
1%
0(
1,
0H
0[
0m
1n
#5545000000
1!
1(
1H
1[
1m
b111 t
1w
#5550000000
0!
0(
0H
0[
0m
#5555000000
1!
1(
1H
1[
1m
#5560000000
0!
0%
0(
0,
0H
0[
0m
0n
#5565000000
1!
1(
1H
1[
1m
0w
#5570000000
0!
0(
0H
0[
0m
#5575000000
1!
1(
1H
1[
1m
#5580000000
0!
1%
0(
1,
0H
0[
0m
1n
#5585000000
1!
1(
b00010000 2
14
b00010000 5
17
1H
b00010000 W
1Z
1[
1m
b00010000 q
1s
b000 t
b00010001 v
1w
#5590000000
0!
0(
0H
0[
0m
#5595000000
1!
1(
04
07
1H
0Z
1[
1m
0s
#5600000000
0!
0%
0(
0,
0H
0[
0m
0n
#5605000000
1!
1(
1H
1[
1m
0w
#5610000000
0!
0(
0H
0[
0m
#5615000000
1!
1(
1H
1[
1m
#5620000000
0!
1%
0(
1,
0H
0[
0m
1n
#5625000000
1!
1(
1H
1[
1m
b001 t
1w
#5630000000
0!
0(
0H
0[
0m
#5635000000
1!
1(
1H
1[
1m
#5640000000
0!
0%
0(
0,
0H
0[
0m
0n
#5645000000
1!
1(
1H
1[
1m
0w
#5650000000
0!
0(
0H
0[
0m
#5655000000
1!
1(
1H
1[
1m
#5660000000
0!
1%
0(
1,
0H
0[
0m
1n
#5665000000
1!
1(
1H
1[
1m
b010 t
1w
#5670000000
0!
0(
0H
0[
0m
#5675000000
1!
1(
1H
1[
1m
#5680000000
0!
0%
0(
0,
0H
0[
0m
0n
#5685000000
1!
1(
1H
1[
1m
0w
#5690000000
0!
0(
0H
0[
0m
#5695000000
1!
1(
1H
1[
1m
#5700000000
0!
1%
0(
1,
0H
0[
0m
1n
#5705000000
1!
1(
1H
1[
1m
b011 t
1w
#5710000000
0!
0(
0H
0[
0m
#5715000000
1!
1(
1H
1[
1m
#5720000000
0!
0%
0(
0,
0H
0[
0m
0n
#5725000000
1!
1(
1H
1[
1m
0w
#5730000000
0!
0(
0H
0[
0m
#5735000000
1!
1(
1H
1[
1m
#5740000000
0!
1%
0(
1,
0H
0[
0m
1n
#5745000000
1!
1(
1H
1[
1m
b100 t
1w
#5750000000
0!
0(
0H
0[
0m
#5755000000
1!
1(
1H
1[
1m
#5760000000
0!
0%
0(
0,
0H
0[
0m
0n
#5765000000
1!
1(
1H
1[
1m
0w
#5770000000
0!
0(
0H
0[
0m
#5775000000
1!
1(
1H
1[
1m
#5780000000
0!
1%
0(
1,
0H
0[
0m
1n
#5785000000
1!
1(
1H
1[
1m
b101 t
1w
#5790000000
0!
0(
0H
0[
0m
#5795000000
1!
1(
1H
1[
1m
#5800000000
0!
0%
0(
0,
0H
0[
0m
0n
#5805000000
1!
1(
1H
1[
1m
0w
#5810000000
0!
0(
0H
0[
0m
#5815000000
1!
1(
1H
1[
1m
#5820000000
0!
1%
0(
1,
0H
0[
0m
1n
#5825000000
1!
1(
1H
1[
1m
b110 t
1w
#5830000000
0!
0(
0H
0[
0m
#5835000000
1!
1(
1H
1[
1m
#5840000000
0!
0%
0(
0,
0H
0[
0m
0n
#5845000000
1!
1(
1H
1[
1m
0w
#5850000000
0!
0(
0H
0[
0m
#5855000000
1!
1(
1H
1[
1m
#5860000000
0!
1%
0(
1,
0H
0[
0m
1n
#5865000000
1!
1(
1H
1[
1m
b111 t
1w
#5870000000
0!
0(
0H
0[
0m
#5875000000
1!
1(
1H
1[
1m
#5880000000
0!
0%
0(
0,
0H
0[
0m
0n
#5885000000
1!
1(
1H
1[
1m
0w
#5890000000
0!
0(
0H
0[
0m
#5895000000
1!
1(
1H
1[
1m
#5900000000
0!
1%
0(
1,
0H
0[
0m
1n
#5905000000
1!
1(
b00010001 2
14
b00010001 5
17
1H
b00010001 W
1Z
1[
1m
b00010001 q
1s
b000 t
b00010010 v
1w
#5910000000
0!
0(
0H
0[
0m
#5915000000
1!
1(
04
07
1H
0Z
1[
1m
0s
#5920000000
0!
0%
0(
0,
0H
0[
0m
0n
#5925000000
1!
1(
1H
1[
1m
0w
#5930000000
0!
0(
0H
0[
0m
#5935000000
1!
1(
1H
1[
1m
#5940000000
0!
1%
0(
1,
0H
0[
0m
1n
#5945000000
1!
1(
1H
1[
1m
b001 t
1w
#5950000000
0!
0(
0H
0[
0m
#5955000000
1!
1(
1H
1[
1m
#5960000000
0!
0%
0(
0,
0H
0[
0m
0n
#5965000000
1!
1(
1H
1[
1m
0w
#5970000000
0!
0(
0H
0[
0m
#5975000000
1!
1(
1H
1[
1m
#5980000000
0!
1%
0(
1,
0H
0[
0m
1n
#5985000000
1!
1(
1H
1[
1m
b010 t
1w
#5990000000
0!
0(
0H
0[
0m
#5995000000
1!
1(
1H
1[
1m
#6000000000
0!
0%
0(
0,
0H
0[
0m
0n
#6005000000
1!
1(
1H
1[
1m
0w
#6010000000
0!
0(
0H
0[
0m
#6015000000
1!
1(
1H
1[
1m
#6020000000
0!
1%
0(
1,
0H
0[
0m
1n
#6025000000
1!
1(
1H
1[
1m
b011 t
1w
#6030000000
0!
0(
0H
0[
0m
#6035000000
1!
1(
1H
1[
1m
#6040000000
0!
0%
0(
0,
0H
0[
0m
0n
#6045000000
1!
1(
1H
1[
1m
0w
#6050000000
0!
0(
0H
0[
0m
#6055000000
1!
1(
1H
1[
1m
#6060000000
0!
1%
0(
1,
0H
0[
0m
1n
#6065000000
1!
1(
1H
1[
1m
b100 t
1w
#6070000000
0!
0(
0H
0[
0m
#6075000000
1!
1(
1H
1[
1m
#6080000000
0!
0%
0(
0,
0H
0[
0m
0n
#6085000000
1!
1(
1H
1[
1m
0w
#6090000000
0!
0(
0H
0[
0m
#6095000000
1!
1(
1H
1[
1m
#6100000000
0!
1%
0(
1,
0H
0[
0m
1n
#6105000000
1!
1(
1H
1[
1m
b101 t
1w
#6110000000
0!
0(
0H
0[
0m
#6115000000
1!
1(
1H
1[
1m
#6120000000
0!
0%
0(
0,
0H
0[
0m
0n
#6125000000
1!
1(
1H
1[
1m
0w
#6130000000
0!
0(
0H
0[
0m
#6135000000
1!
1(
1H
1[
1m
#6140000000
0!
1%
0(
1,
0H
0[
0m
1n
#6145000000
1!
1(
1H
1[
1m
b110 t
1w
#6150000000
0!
0(
0H
0[
0m
#6155000000
1!
1(
1H
1[
1m
#6160000000
0!
0%
0(
0,
0H
0[
0m
0n
#6165000000
1!
1(
1H
1[
1m
0w
#6170000000
0!
0(
0H
0[
0m
#6175000000
1!
1(
1H
1[
1m
#6180000000
0!
1%
0(
1,
0H
0[
0m
1n
#6185000000
1!
1(
1H
1[
1m
b111 t
1w
#6190000000
0!
0(
0H
0[
0m
#6195000000
1!
1(
1H
1[
1m
#6200000000
0!
0%
0(
0,
0H
0[
0m
0n
#6205000000
1!
1(
1H
1[
1m
0w
#6210000000
0!
0(
0H
0[
0m
#6215000000
1!
1(
1H
1[
1m
#6220000000
0!
1%
0(
1,
0H
0[
0m
1n
#6225000000
1!
1(
b00010010 2
14
b00010010 5
17
1H
b00010010 W
1Z
1[
1m
b00010010 q
1s
b000 t
b00010011 v
1w
#6230000000
0!
0(
0H
0[
0m
#6235000000
1!
1(
04
07
1H
0Z
1[
1m
0s
#6240000000
0!
0%
0(
0,
0H
0[
0m
0n
#6245000000
1!
1(
1H
1[
1m
0w
#6250000000
0!
0(
0H
0[
0m
#6255000000
1!
1(
1H
1[
1m
#6260000000
0!
1%
0(
1,
0H
0[
0m
1n
#6265000000
1!
1(
1H
1[
1m
b001 t
1w
#6270000000
0!
0(
0H
0[
0m
#6275000000
1!
1(
1H
1[
1m
#6280000000
0!
0%
0(
0,
0H
0[
0m
0n
#6285000000
1!
1(
1H
1[
1m
0w
#6290000000
0!
0(
0H
0[
0m
#6295000000
1!
1(
1H
1[
1m
#6300000000
0!
1%
0(
1,
0H
0[
0m
1n
#6305000000
1!
1(
1H
1[
1m
b010 t
1w
#6310000000
0!
0(
0H
0[
0m
#6315000000
1!
1(
1H
1[
1m
#6320000000
0!
0%
0(
0,
0H
0[
0m
0n
#6325000000
1!
1(
1H
1[
1m
0w
#6330000000
0!
0(
0H
0[
0m
#6335000000
1!
1(
1H
1[
1m
#6340000000
0!
1%
0(
1,
0H
0[
0m
1n
#6345000000
1!
1(
1H
1[
1m
b011 t
1w
#6350000000
0!
0(
0H
0[
0m
#6355000000
1!
1(
1H
1[
1m
#6360000000
0!
0%
0(
0,
0H
0[
0m
0n
#6365000000
1!
1(
1H
1[
1m
0w
#6370000000
0!
0(
0H
0[
0m
#6375000000
1!
1(
1H
1[
1m
#6380000000
0!
1%
0(
1,
0H
0[
0m
1n
#6385000000
1!
1(
1H
1[
1m
b100 t
1w
#6390000000
0!
0(
0H
0[
0m
#6395000000
1!
1(
1H
1[
1m
#6400000000
0!
0%
0(
0,
0H
0[
0m
0n
#6405000000
1!
1(
1H
1[
1m
0w
#6410000000
0!
0(
0H
0[
0m
#6415000000
1!
1(
1H
1[
1m
#6420000000
0!
1%
0(
1,
0H
0[
0m
1n
#6425000000
1!
1(
1H
1[
1m
b101 t
1w
#6430000000
0!
0(
0H
0[
0m
#6435000000
1!
1(
1H
1[
1m
#6440000000
0!
0%
0(
0,
0H
0[
0m
0n
#6445000000
1!
1(
1H
1[
1m
0w
#6450000000
0!
0(
0H
0[
0m
#6455000000
1!
1(
1H
1[
1m
#6460000000
0!
1%
0(
1,
0H
0[
0m
1n
#6465000000
1!
1(
1H
1[
1m
b110 t
1w
#6470000000
0!
0(
0H
0[
0m
#6475000000
1!
1(
1H
1[
1m
#6480000000
0!
0%
0(
0,
0H
0[
0m
0n
#6485000000
1!
1(
1H
1[
1m
0w
#6490000000
0!
0(
0H
0[
0m
#6495000000
1!
1(
1H
1[
1m
#6500000000
0!
1%
0(
1,
0H
0[
0m
1n
#6505000000
1!
1(
1H
1[
1m
b111 t
1w
#6510000000
0!
0(
0H
0[
0m
#6515000000
1!
1(
1H
1[
1m
#6520000000
0!
0%
0(
0,
0H
0[
0m
0n
#6525000000
1!
1(
1H
1[
1m
0w
#6530000000
0!
0(
0H
0[
0m
#6535000000
1!
1(
1H
1[
1m
#6540000000
0!
1%
0(
1,
0H
0[
0m
1n
#6545000000
1!
1(
b00010011 2
14
b00010011 5
17
1H
b00010011 W
1Z
1[
1m
b00010011 q
1s
b000 t
b00010100 v
1w
#6550000000
0!
0(
0H
0[
0m
#6555000000
1!
1(
04
07
1H
0Z
1[
1m
0s
#6560000000
0!
0%
0(
0,
0H
0[
0m
0n
#6565000000
1!
1(
1H
1[
1m
0w
#6570000000
0!
0(
0H
0[
0m
#6575000000
1!
1(
1H
1[
1m
#6580000000
0!
1%
0(
1,
0H
0[
0m
1n
#6585000000
1!
1(
1H
1[
1m
b001 t
1w
#6590000000
0!
0(
0H
0[
0m
#6595000000
1!
1(
1H
1[
1m
#6600000000
0!
0%
0(
0,
0H
0[
0m
0n
#6605000000
1!
1(
1H
1[
1m
0w
#6610000000
0!
0(
0H
0[
0m
#6615000000
1!
1(
1H
1[
1m
#6620000000
0!
1%
0(
1,
0H
0[
0m
1n
#6625000000
1!
1(
1H
1[
1m
b010 t
1w
#6630000000
0!
0(
0H
0[
0m
#6635000000
1!
1(
1H
1[
1m
#6640000000
0!
0%
0(
0,
0H
0[
0m
0n
#6645000000
1!
1(
1H
1[
1m
0w
#6650000000
0!
0(
0H
0[
0m
#6655000000
1!
1(
1H
1[
1m
#6660000000
0!
1%
0(
1,
0H
0[
0m
1n
#6665000000
1!
1(
1H
1[
1m
b011 t
1w
#6670000000
0!
0(
0H
0[
0m
#6675000000
1!
1(
1H
1[
1m
#6680000000
0!
0%
0(
0,
0H
0[
0m
0n
#6685000000
1!
1(
1H
1[
1m
0w
#6690000000
0!
0(
0H
0[
0m
#6695000000
1!
1(
1H
1[
1m
#6700000000
0!
1%
0(
1,
0H
0[
0m
1n
#6705000000
1!
1(
1H
1[
1m
b100 t
1w
#6710000000
0!
0(
0H
0[
0m
#6715000000
1!
1(
1H
1[
1m
#6720000000
0!
0%
0(
0,
0H
0[
0m
0n
#6725000000
1!
1(
1H
1[
1m
0w
#6730000000
0!
0(
0H
0[
0m
#6735000000
1!
1(
1H
1[
1m
#6740000000
0!
1%
0(
1,
0H
0[
0m
1n
#6745000000
1!
1(
1H
1[
1m
b101 t
1w
#6750000000
0!
0(
0H
0[
0m
#6755000000
1!
1(
1H
1[
1m
#6760000000
0!
0%
0(
0,
0H
0[
0m
0n
#6765000000
1!
1(
1H
1[
1m
0w
#6770000000
0!
0(
0H
0[
0m
#6775000000
1!
1(
1H
1[
1m
#6780000000
0!
1%
0(
1,
0H
0[
0m
1n
#6785000000
1!
1(
1H
1[
1m
b110 t
1w
#6790000000
0!
0(
0H
0[
0m
#6795000000
1!
1(
1H
1[
1m
#6800000000
0!
0%
0(
0,
0H
0[
0m
0n
#6805000000
1!
1(
1H
1[
1m
0w
#6810000000
0!
0(
0H
0[
0m
#6815000000
1!
1(
1H
1[
1m
#6820000000
0!
1%
0(
1,
0H
0[
0m
1n
#6825000000
1!
1(
1H
1[
1m
b111 t
1w
#6830000000
0!
0(
0H
0[
0m
#6835000000
1!
1(
1H
1[
1m
#6840000000
0!
0%
0(
0,
0H
0[
0m
0n
#6845000000
1!
1(
1H
1[
1m
0w
#6850000000
0!
0(
0H
0[
0m
#6855000000
1!
1(
1H
1[
1m
#6860000000
0!
1%
0(
1,
0H
0[
0m
1n
#6865000000
1!
1(
b00010100 2
14
b00010100 5
17
1H
b00010100 W
1Z
1[
1m
b00010100 q
1s
b000 t
b00010101 v
1w
#6870000000
0!
0(
0H
0[
0m
#6875000000
1!
1(
04
07
1H
0Z
1[
1m
0s
#6880000000
0!
0%
0(
0,
0H
0[
0m
0n
#6885000000
1!
1(
1H
1[
1m
0w
#6890000000
0!
0(
0H
0[
0m
#6895000000
1!
1(
1H
1[
1m
#6900000000
0!
1%
0(
1,
0H
0[
0m
1n
#6905000000
1!
1(
1H
1[
1m
b001 t
1w
#6910000000
0!
0(
0H
0[
0m
#6915000000
1!
1(
1H
1[
1m
#6920000000
0!
0%
0(
0,
0H
0[
0m
0n
#6925000000
1!
1(
1H
1[
1m
0w
#6930000000
0!
0(
0H
0[
0m
#6935000000
1!
1(
1H
1[
1m
#6940000000
0!
1%
0(
1,
0H
0[
0m
1n
#6945000000
1!
1(
1H
1[
1m
b010 t
1w
#6950000000
0!
0(
0H
0[
0m
#6955000000
1!
1(
1H
1[
1m
#6960000000
0!
0%
0(
0,
0H
0[
0m
0n
#6965000000
1!
1(
1H
1[
1m
0w
#6970000000
0!
0(
0H
0[
0m
#6975000000
1!
1(
1H
1[
1m
#6980000000
0!
1%
0(
1,
0H
0[
0m
1n
#6985000000
1!
1(
1H
1[
1m
b011 t
1w
#6990000000
0!
0(
0H
0[
0m
#6995000000
1!
1(
1H
1[
1m
#7000000000
0!
0%
0(
0,
0H
0[
0m
0n
#7005000000
1!
1(
1H
1[
1m
0w
#7010000000
0!
0(
0H
0[
0m
#7015000000
1!
1(
1H
1[
1m
#7020000000
0!
1%
0(
1,
0H
0[
0m
1n
#7025000000
1!
1(
1H
1[
1m
b100 t
1w
#7030000000
0!
0(
0H
0[
0m
#7035000000
1!
1(
1H
1[
1m
#7040000000
0!
0%
0(
0,
0H
0[
0m
0n
#7045000000
1!
1(
1H
1[
1m
0w
#7050000000
0!
0(
0H
0[
0m
#7055000000
1!
1(
1H
1[
1m
#7060000000
0!
1%
0(
1,
0H
0[
0m
1n
#7065000000
1!
1(
1H
1[
1m
b101 t
1w
#7070000000
0!
0(
0H
0[
0m
#7075000000
1!
1(
1H
1[
1m
#7080000000
0!
0%
0(
0,
0H
0[
0m
0n
#7085000000
1!
1(
1H
1[
1m
0w
#7090000000
0!
0(
0H
0[
0m
#7095000000
1!
1(
1H
1[
1m
#7100000000
0!
1%
0(
1,
0H
0[
0m
1n
#7105000000
1!
1(
1H
1[
1m
b110 t
1w
#7110000000
0!
0(
0H
0[
0m
#7115000000
1!
1(
1H
1[
1m
#7120000000
0!
0%
0(
0,
0H
0[
0m
0n
#7125000000
1!
1(
1H
1[
1m
0w
#7130000000
0!
0(
0H
0[
0m
#7135000000
1!
1(
1H
1[
1m
#7140000000
0!
1%
0(
1,
0H
0[
0m
1n
#7145000000
1!
1(
1H
1[
1m
b111 t
1w
#7150000000
0!
0(
0H
0[
0m
#7155000000
1!
1(
1H
1[
1m
#7160000000
0!
0%
0(
0,
0H
0[
0m
0n
#7165000000
1!
1(
1H
1[
1m
0w
#7170000000
0!
0(
0H
0[
0m
#7175000000
1!
1(
1H
1[
1m
#7180000000
0!
1%
0(
1,
0H
0[
0m
1n
#7185000000
1!
1(
b00010101 2
14
b00010101 5
17
1H
b00010101 W
1Z
1[
1m
b00010101 q
1s
b000 t
b00010110 v
1w
#7190000000
0!
0(
0H
0[
0m
#7195000000
1!
1(
04
07
1H
0Z
1[
1m
0s
#7200000000
0!
0%
0(
0,
0H
0[
0m
0n
#7205000000
1!
1(
1H
1[
1m
0w
#7210000000
0!
0(
0H
0[
0m
#7215000000
1!
1(
1H
1[
1m
#7220000000
0!
1%
0(
1,
0H
0[
0m
1n
#7225000000
1!
1(
1H
1[
1m
b001 t
1w
#7230000000
0!
0(
0H
0[
0m
#7235000000
1!
1(
1H
1[
1m
#7240000000
0!
0%
0(
0,
0H
0[
0m
0n
#7245000000
1!
1(
1H
1[
1m
0w
#7250000000
0!
0(
0H
0[
0m
#7255000000
1!
1(
1H
1[
1m
#7260000000
0!
1%
0(
1,
0H
0[
0m
1n
#7265000000
1!
1(
1H
1[
1m
b010 t
1w
#7270000000
0!
0(
0H
0[
0m
#7275000000
1!
1(
1H
1[
1m
#7280000000
0!
0%
0(
0,
0H
0[
0m
0n
#7285000000
1!
1(
1H
1[
1m
0w
#7290000000
0!
0(
0H
0[
0m
#7295000000
1!
1(
1H
1[
1m
#7300000000
0!
1%
0(
1,
0H
0[
0m
1n
#7305000000
1!
1(
1H
1[
1m
b011 t
1w
#7310000000
0!
0(
0H
0[
0m
#7315000000
1!
1(
1H
1[
1m
#7320000000
0!
0%
0(
0,
0H
0[
0m
0n
#7325000000
1!
1(
1H
1[
1m
0w
#7330000000
0!
0(
0H
0[
0m
#7335000000
1!
1(
1H
1[
1m
#7340000000
0!
1%
0(
1,
0H
0[
0m
1n
#7345000000
1!
1(
1H
1[
1m
b100 t
1w
#7350000000
0!
0(
0H
0[
0m
#7355000000
1!
1(
1H
1[
1m
#7360000000
0!
0%
0(
0,
0H
0[
0m
0n
#7365000000
1!
1(
1H
1[
1m
0w
#7370000000
0!
0(
0H
0[
0m
#7375000000
1!
1(
1H
1[
1m
#7380000000
0!
1%
0(
1,
0H
0[
0m
1n
#7385000000
1!
1(
1H
1[
1m
b101 t
1w
#7390000000
0!
0(
0H
0[
0m
#7395000000
1!
1(
1H
1[
1m
#7400000000
0!
0%
0(
0,
0H
0[
0m
0n
#7405000000
1!
1(
1H
1[
1m
0w
#7410000000
0!
0(
0H
0[
0m
#7415000000
1!
1(
1H
1[
1m
#7420000000
0!
1%
0(
1,
0H
0[
0m
1n
#7425000000
1!
1(
1H
1[
1m
b110 t
1w
#7430000000
0!
0(
0H
0[
0m
#7435000000
1!
1(
1H
1[
1m
#7440000000
0!
0%
0(
0,
0H
0[
0m
0n
#7445000000
1!
1(
1H
1[
1m
0w
#7450000000
0!
0(
0H
0[
0m
#7455000000
1!
1(
1H
1[
1m
#7460000000
0!
1%
0(
1,
0H
0[
0m
1n
#7465000000
1!
1(
1H
1[
1m
b111 t
1w
#7470000000
0!
0(
0H
0[
0m
#7475000000
1!
1(
1H
1[
1m
#7480000000
0!
0%
0(
0,
0H
0[
0m
0n
#7485000000
1!
1(
1H
1[
1m
0w
#7490000000
0!
0(
0H
0[
0m
#7495000000
1!
1(
1H
1[
1m
#7500000000
0!
1%
0(
1,
0H
0[
0m
1n
#7505000000
1!
1(
b00010110 2
14
b00010110 5
17
1H
b00010110 W
1Z
1[
1m
b00010110 q
1s
b000 t
b00010111 v
1w
#7510000000
0!
0(
0H
0[
0m
#7515000000
1!
1(
04
07
1H
0Z
1[
1m
0s
#7520000000
0!
0%
0(
0,
0H
0[
0m
0n
#7525000000
1!
1(
1H
1[
1m
0w
#7530000000
0!
0(
0H
0[
0m
#7535000000
1!
1(
1H
1[
1m
#7540000000
0!
1%
0(
1,
0H
0[
0m
1n
#7545000000
1!
1(
1H
1[
1m
b001 t
1w
#7550000000
0!
0(
0H
0[
0m
#7555000000
1!
1(
1H
1[
1m
#7560000000
0!
0%
0(
0,
0H
0[
0m
0n
#7565000000
1!
1(
1H
1[
1m
0w
#7570000000
0!
0(
0H
0[
0m
#7575000000
1!
1(
1H
1[
1m
#7580000000
0!
1%
0(
1,
0H
0[
0m
1n
#7585000000
1!
1(
1H
1[
1m
b010 t
1w
#7590000000
0!
0(
0H
0[
0m
#7595000000
1!
1(
1H
1[
1m
#7600000000
0!
0%
0(
0,
0H
0[
0m
0n
#7605000000
1!
1(
1H
1[
1m
0w
#7610000000
0!
0(
0H
0[
0m
#7615000000
1!
1(
1H
1[
1m
#7620000000
0!
1%
0(
1,
0H
0[
0m
1n
#7625000000
1!
1(
1H
1[
1m
b011 t
1w
#7630000000
0!
0(
0H
0[
0m
#7635000000
1!
1(
1H
1[
1m
#7640000000
0!
0%
0(
0,
0H
0[
0m
0n
#7645000000
1!
1(
1H
1[
1m
0w
#7650000000
0!
0(
0H
0[
0m
#7655000000
1!
1(
1H
1[
1m
#7660000000
0!
1%
0(
1,
0H
0[
0m
1n
#7665000000
1!
1(
1H
1[
1m
b100 t
1w
#7670000000
0!
0(
0H
0[
0m
#7675000000
1!
1(
1H
1[
1m
#7680000000
0!
0%
0(
0,
0H
0[
0m
0n
#7685000000
1!
1(
1H
1[
1m
0w
#7690000000
0!
0(
0H
0[
0m
#7695000000
1!
1(
1H
1[
1m
#7700000000
0!
1%
0(
1,
0H
0[
0m
1n
#7705000000
1!
1(
1H
1[
1m
b101 t
1w
#7710000000
0!
0(
0H
0[
0m
#7715000000
1!
1(
1H
1[
1m
#7720000000
0!
0%
0(
0,
0H
0[
0m
0n
#7725000000
1!
1(
1H
1[
1m
0w
#7730000000
0!
0(
0H
0[
0m
#7735000000
1!
1(
1H
1[
1m
#7740000000
0!
1%
0(
1,
0H
0[
0m
1n
#7745000000
1!
1(
1H
1[
1m
b110 t
1w
#7750000000
0!
0(
0H
0[
0m
#7755000000
1!
1(
1H
1[
1m
#7760000000
0!
0%
0(
0,
0H
0[
0m
0n
#7765000000
1!
1(
1H
1[
1m
0w
#7770000000
0!
0(
0H
0[
0m
#7775000000
1!
1(
1H
1[
1m
#7780000000
0!
1%
0(
1,
0H
0[
0m
1n
#7785000000
1!
1(
1H
1[
1m
b111 t
1w
#7790000000
0!
0(
0H
0[
0m
#7795000000
1!
1(
1H
1[
1m
#7800000000
0!
0%
0(
0,
0H
0[
0m
0n
#7805000000
1!
1(
1H
1[
1m
0w
#7810000000
0!
0(
0H
0[
0m
#7815000000
1!
1(
1H
1[
1m
#7820000000
0!
1%
0(
1,
0H
0[
0m
1n
#7825000000
1!
1(
b00010111 2
14
b00010111 5
17
1H
b00010111 W
1Z
1[
1m
b00010111 q
1s
b000 t
b00011000 v
1w
#7830000000
0!
0(
0H
0[
0m
#7835000000
1!
1(
04
07
1H
0Z
1[
1m
0s
#7840000000
0!
0%
0(
0,
0H
0[
0m
0n
#7845000000
1!
1(
1H
1[
1m
0w
#7850000000
0!
0(
0H
0[
0m
#7855000000
1!
1(
1H
1[
1m
#7860000000
0!
1%
0(
1,
0H
0[
0m
1n
#7865000000
1!
1(
1H
1[
1m
b001 t
1w
#7870000000
0!
0(
0H
0[
0m
#7875000000
1!
1(
1H
1[
1m
#7880000000
0!
0%
0(
0,
0H
0[
0m
0n
#7885000000
1!
1(
1H
1[
1m
0w
#7890000000
0!
0(
0H
0[
0m
#7895000000
1!
1(
1H
1[
1m
#7900000000
0!
1%
0(
1,
0H
0[
0m
1n
#7905000000
1!
1(
1H
1[
1m
b010 t
1w
#7910000000
0!
0(
0H
0[
0m
#7915000000
1!
1(
1H
1[
1m
#7920000000
0!
0%
0(
0,
0H
0[
0m
0n
#7925000000
1!
1(
1H
1[
1m
0w
#7930000000
0!
0(
0H
0[
0m
#7935000000
1!
1(
1H
1[
1m
#7940000000
0!
1%
0(
1,
0H
0[
0m
1n
#7945000000
1!
1(
1H
1[
1m
b011 t
1w
#7950000000
0!
0(
0H
0[
0m
#7955000000
1!
1(
1H
1[
1m
#7960000000
0!
0%
0(
0,
0H
0[
0m
0n
#7965000000
1!
1(
1H
1[
1m
0w
#7970000000
0!
0(
0H
0[
0m
#7975000000
1!
1(
1H
1[
1m
#7980000000
0!
1%
0(
1,
0H
0[
0m
1n
#7985000000
1!
1(
1H
1[
1m
b100 t
1w
#7990000000
0!
0(
0H
0[
0m
#7995000000
1!
1(
1H
1[
1m
#8000000000
0!
0%
0(
0,
0H
0[
0m
0n
#8005000000
1!
1(
1H
1[
1m
0w
#8010000000
0!
0(
0H
0[
0m
#8015000000
1!
1(
1H
1[
1m
#8020000000
0!
1%
0(
1,
0H
0[
0m
1n
#8025000000
1!
1(
1H
1[
1m
b101 t
1w
#8030000000
0!
0(
0H
0[
0m
#8035000000
1!
1(
1H
1[
1m
#8040000000
0!
0%
0(
0,
0H
0[
0m
0n
#8045000000
1!
1(
1H
1[
1m
0w
#8050000000
0!
0(
0H
0[
0m
#8055000000
1!
1(
1H
1[
1m
#8060000000
0!
1%
0(
1,
0H
0[
0m
1n
#8065000000
1!
1(
1H
1[
1m
b110 t
1w
#8070000000
0!
0(
0H
0[
0m
#8075000000
1!
1(
1H
1[
1m
#8080000000
0!
0%
0(
0,
0H
0[
0m
0n
#8085000000
1!
1(
1H
1[
1m
0w
#8090000000
0!
0(
0H
0[
0m
#8095000000
1!
1(
1H
1[
1m
#8100000000
0!
1%
0(
1,
0H
0[
0m
1n
#8105000000
1!
1(
1H
1[
1m
b111 t
1w
#8110000000
0!
0(
0H
0[
0m
#8115000000
1!
1(
1H
1[
1m
#8120000000
0!
0%
0(
0,
0H
0[
0m
0n
#8125000000
1!
1(
1H
1[
1m
0w
#8130000000
0!
0(
0H
0[
0m
#8135000000
1!
1(
1H
1[
1m
#8140000000
0!
1%
0(
1,
0H
0[
0m
1n
#8145000000
1!
1(
b00011000 2
14
b00011000 5
17
1H
b00011000 W
1Z
1[
1m
b00011000 q
1s
b000 t
b00011001 v
1w
#8150000000
0!
0(
0H
0[
0m
#8155000000
1!
1(
04
07
1H
0Z
1[
1m
0s
#8160000000
0!
0%
0(
0,
0H
0[
0m
0n
#8165000000
1!
1(
1H
1[
1m
0w
#8170000000
0!
0(
0H
0[
0m
#8175000000
1!
1(
1H
1[
1m
#8180000000
0!
1%
0(
1,
0H
0[
0m
1n
#8185000000
1!
1(
1H
1[
1m
b001 t
1w
#8190000000
0!
0(
0H
0[
0m
#8195000000
1!
1(
1H
1[
1m
#8200000000
0!
0%
0(
0,
0H
0[
0m
0n
#8205000000
1!
1(
1H
1[
1m
0w
#8210000000
0!
0(
0H
0[
0m
#8215000000
1!
1(
1H
1[
1m
#8220000000
0!
1%
0(
1,
0H
0[
0m
1n
#8225000000
1!
1(
1H
1[
1m
b010 t
1w
#8230000000
0!
0(
0H
0[
0m
#8235000000
1!
1(
1H
1[
1m
#8240000000
0!
0%
0(
0,
0H
0[
0m
0n
#8245000000
1!
1(
1H
1[
1m
0w
#8250000000
0!
0(
0H
0[
0m
#8255000000
1!
1(
1H
1[
1m
#8260000000
0!
1%
0(
1,
0H
0[
0m
1n
#8265000000
1!
1(
1H
1[
1m
b011 t
1w
#8270000000
0!
0(
0H
0[
0m
#8275000000
1!
1(
1H
1[
1m
#8280000000
0!
0%
0(
0,
0H
0[
0m
0n
#8285000000
1!
1(
1H
1[
1m
0w
#8290000000
0!
0(
0H
0[
0m
#8295000000
1!
1(
1H
1[
1m
#8300000000
0!
1%
0(
1,
0H
0[
0m
1n
#8305000000
1!
1(
1H
1[
1m
b100 t
1w
#8310000000
0!
0(
0H
0[
0m
#8315000000
1!
1(
1H
1[
1m
#8320000000
0!
0%
0(
0,
0H
0[
0m
0n
#8325000000
1!
1(
1H
1[
1m
0w
#8330000000
0!
0(
0H
0[
0m
#8335000000
1!
1(
1H
1[
1m
#8340000000
0!
1%
0(
1,
0H
0[
0m
1n
#8345000000
1!
1(
1H
1[
1m
b101 t
1w
#8350000000
0!
0(
0H
0[
0m
#8355000000
1!
1(
1H
1[
1m
#8360000000
0!
0%
0(
0,
0H
0[
0m
0n
#8365000000
1!
1(
1H
1[
1m
0w
#8370000000
0!
0(
0H
0[
0m
#8375000000
1!
1(
1H
1[
1m
#8380000000
0!
1%
0(
1,
0H
0[
0m
1n
#8385000000
1!
1(
1H
1[
1m
b110 t
1w
#8390000000
0!
0(
0H
0[
0m
#8395000000
1!
1(
1H
1[
1m
#8400000000
0!
0%
0(
0,
0H
0[
0m
0n
#8405000000
1!
1(
1H
1[
1m
0w
#8410000000
0!
0(
0H
0[
0m
#8415000000
1!
1(
1H
1[
1m
#8420000000
0!
1%
0(
1,
0H
0[
0m
1n
#8425000000
1!
1(
1H
1[
1m
b111 t
1w
#8430000000
0!
0(
0H
0[
0m
#8435000000
1!
1(
1H
1[
1m
#8440000000
0!
0%
0(
0,
0H
0[
0m
0n
#8445000000
1!
1(
1H
1[
1m
0w
#8450000000
0!
0(
0H
0[
0m
#8455000000
1!
1(
1H
1[
1m
#8460000000
0!
1%
0(
1,
0H
0[
0m
1n
#8465000000
1!
1(
b00011001 2
14
b00011001 5
17
1H
b00011001 W
1Z
1[
1m
b00011001 q
1s
b000 t
b00011010 v
1w
#8470000000
0!
0(
0H
0[
0m
#8475000000
1!
1(
04
07
1H
0Z
1[
1m
0s
#8480000000
0!
0%
0(
0,
0H
0[
0m
0n
#8485000000
1!
1(
1H
1[
1m
0w
#8490000000
0!
0(
0H
0[
0m
#8495000000
1!
1(
1H
1[
1m
#8500000000
0!
1%
0(
1,
0H
0[
0m
1n
#8505000000
1!
1(
1H
1[
1m
b001 t
1w
#8510000000
0!
0(
0H
0[
0m
#8515000000
1!
1(
1H
1[
1m
#8520000000
0!
0%
0(
0,
0H
0[
0m
0n
#8525000000
1!
1(
1H
1[
1m
0w
#8530000000
0!
0(
0H
0[
0m
#8535000000
1!
1(
1H
1[
1m
#8540000000
0!
1%
0(
1,
0H
0[
0m
1n
#8545000000
1!
1(
1H
1[
1m
b010 t
1w
#8550000000
0!
0(
0H
0[
0m
#8555000000
1!
1(
1H
1[
1m
#8560000000
0!
0%
0(
0,
0H
0[
0m
0n
#8565000000
1!
1(
1H
1[
1m
0w
#8570000000
0!
0(
0H
0[
0m
#8575000000
1!
1(
1H
1[
1m
#8580000000
0!
1%
0(
1,
0H
0[
0m
1n
#8585000000
1!
1(
1H
1[
1m
b011 t
1w
#8590000000
0!
0(
0H
0[
0m
#8595000000
1!
1(
1H
1[
1m
#8600000000
0!
0%
0(
0,
0H
0[
0m
0n
#8605000000
1!
1(
1H
1[
1m
0w
#8610000000
0!
0(
0H
0[
0m
#8615000000
1!
1(
1H
1[
1m
#8620000000
0!
1%
0(
1,
0H
0[
0m
1n
#8625000000
1!
1(
1H
1[
1m
b100 t
1w
#8630000000
0!
0(
0H
0[
0m
#8635000000
1!
1(
1H
1[
1m
#8640000000
0!
0%
0(
0,
0H
0[
0m
0n
#8645000000
1!
1(
1H
1[
1m
0w
#8650000000
0!
0(
0H
0[
0m
#8655000000
1!
1(
1H
1[
1m
#8660000000
0!
1%
0(
1,
0H
0[
0m
1n
#8665000000
1!
1(
1H
1[
1m
b101 t
1w
#8670000000
0!
0(
0H
0[
0m
#8675000000
1!
1(
1H
1[
1m
#8680000000
0!
0%
0(
0,
0H
0[
0m
0n
#8685000000
1!
1(
1H
1[
1m
0w
#8690000000
0!
0(
0H
0[
0m
#8695000000
1!
1(
1H
1[
1m
#8700000000
0!
1%
0(
1,
0H
0[
0m
1n
#8705000000
1!
1(
1H
1[
1m
b110 t
1w
#8710000000
0!
0(
0H
0[
0m
#8715000000
1!
1(
1H
1[
1m
#8720000000
0!
0%
0(
0,
0H
0[
0m
0n
#8725000000
1!
1(
1H
1[
1m
0w
#8730000000
0!
0(
0H
0[
0m
#8735000000
1!
1(
1H
1[
1m
#8740000000
0!
1%
0(
1,
0H
0[
0m
1n
#8745000000
1!
1(
1H
1[
1m
b111 t
1w
#8750000000
0!
0(
0H
0[
0m
#8755000000
1!
1(
1H
1[
1m
#8760000000
0!
0%
0(
0,
0H
0[
0m
0n
#8765000000
1!
1(
1H
1[
1m
0w
#8770000000
0!
0(
0H
0[
0m
#8775000000
1!
1(
1H
1[
1m
#8780000000
0!
1%
0(
1,
0H
0[
0m
1n
#8785000000
1!
1(
b00011010 2
14
b00011010 5
17
1H
b00011010 W
1Z
1[
1m
b00011010 q
1s
b000 t
b00011011 v
1w
#8790000000
0!
0(
0H
0[
0m
#8795000000
1!
1(
04
07
1H
0Z
1[
1m
0s
#8800000000
0!
0%
0(
0,
0H
0[
0m
0n
#8805000000
1!
1(
1H
1[
1m
0w
#8810000000
0!
0(
0H
0[
0m
#8815000000
1!
1(
1H
1[
1m
#8820000000
0!
1%
0(
1,
0H
0[
0m
1n
#8825000000
1!
1(
1H
1[
1m
b001 t
1w
#8830000000
0!
0(
0H
0[
0m
#8835000000
1!
1(
1H
1[
1m
#8840000000
0!
0%
0(
0,
0H
0[
0m
0n
#8845000000
1!
1(
1H
1[
1m
0w
#8850000000
0!
0(
0H
0[
0m
#8855000000
1!
1(
1H
1[
1m
#8860000000
0!
1%
0(
1,
0H
0[
0m
1n
#8865000000
1!
1(
1H
1[
1m
b010 t
1w
#8870000000
0!
0(
0H
0[
0m
#8875000000
1!
1(
1H
1[
1m
#8880000000
0!
0%
0(
0,
0H
0[
0m
0n
#8885000000
1!
1(
1H
1[
1m
0w
#8890000000
0!
0(
0H
0[
0m
#8895000000
1!
1(
1H
1[
1m
#8900000000
0!
1%
0(
1,
0H
0[
0m
1n
#8905000000
1!
1(
1H
1[
1m
b011 t
1w
#8910000000
0!
0(
0H
0[
0m
#8915000000
1!
1(
1H
1[
1m
#8920000000
0!
0%
0(
0,
0H
0[
0m
0n
#8925000000
1!
1(
1H
1[
1m
0w
#8930000000
0!
0(
0H
0[
0m
#8935000000
1!
1(
1H
1[
1m
#8940000000
0!
1%
0(
1,
0H
0[
0m
1n
#8945000000
1!
1(
1H
1[
1m
b100 t
1w
#8950000000
0!
0(
0H
0[
0m
#8955000000
1!
1(
1H
1[
1m
#8960000000
0!
0%
0(
0,
0H
0[
0m
0n
#8965000000
1!
1(
1H
1[
1m
0w
#8970000000
0!
0(
0H
0[
0m
#8975000000
1!
1(
1H
1[
1m
#8980000000
0!
1%
0(
1,
0H
0[
0m
1n
#8985000000
1!
1(
1H
1[
1m
b101 t
1w
#8990000000
0!
0(
0H
0[
0m
#8995000000
1!
1(
1H
1[
1m
#9000000000
0!
0%
0(
0,
0H
0[
0m
0n
#9005000000
1!
1(
1H
1[
1m
0w
#9010000000
0!
0(
0H
0[
0m
#9015000000
1!
1(
1H
1[
1m
#9020000000
0!
1%
0(
1,
0H
0[
0m
1n
#9025000000
1!
1(
1H
1[
1m
b110 t
1w
#9030000000
0!
0(
0H
0[
0m
#9035000000
1!
1(
1H
1[
1m
#9040000000
0!
0%
0(
0,
0H
0[
0m
0n
#9045000000
1!
1(
1H
1[
1m
0w
#9050000000
0!
0(
0H
0[
0m
#9055000000
1!
1(
1H
1[
1m
#9060000000
0!
1%
0(
1,
0H
0[
0m
1n
#9065000000
1!
1(
1H
1[
1m
b111 t
1w
#9070000000
0!
0(
0H
0[
0m
#9075000000
1!
1(
1H
1[
1m
#9080000000
0!
0%
0(
0,
0H
0[
0m
0n
#9085000000
1!
1(
1H
1[
1m
0w
#9090000000
0!
0(
0H
0[
0m
#9095000000
1!
1(
1H
1[
1m
#9100000000
0!
1%
0(
1,
0H
0[
0m
1n
#9105000000
1!
1(
b00011011 2
14
b00011011 5
17
1H
b00011011 W
1Z
1[
1m
b00011011 q
1s
b000 t
b00011100 v
1w
#9110000000
0!
0(
0H
0[
0m
#9115000000
1!
1(
04
07
1H
0Z
1[
1m
0s
#9120000000
0!
0%
0(
0,
0H
0[
0m
0n
#9125000000
1!
1(
1H
1[
1m
0w
#9130000000
0!
0(
0H
0[
0m
#9135000000
1!
1(
1H
1[
1m
#9140000000
0!
1%
0(
1,
0H
0[
0m
1n
#9145000000
1!
1(
1H
1[
1m
b001 t
1w
#9150000000
0!
0(
0H
0[
0m
#9155000000
1!
1(
1H
1[
1m
#9160000000
0!
0%
0(
0,
0H
0[
0m
0n
#9165000000
1!
1(
1H
1[
1m
0w
#9170000000
0!
0(
0H
0[
0m
#9175000000
1!
1(
1H
1[
1m
#9180000000
0!
1%
0(
1,
0H
0[
0m
1n
#9185000000
1!
1(
1H
1[
1m
b010 t
1w
#9190000000
0!
0(
0H
0[
0m
#9195000000
1!
1(
1H
1[
1m
#9200000000
0!
0%
0(
0,
0H
0[
0m
0n
#9205000000
1!
1(
1H
1[
1m
0w
#9210000000
0!
0(
0H
0[
0m
#9215000000
1!
1(
1H
1[
1m
#9220000000
0!
1%
0(
1,
0H
0[
0m
1n
#9225000000
1!
1(
1H
1[
1m
b011 t
1w
#9230000000
0!
0(
0H
0[
0m
#9235000000
1!
1(
1H
1[
1m
#9240000000
0!
0%
0(
0,
0H
0[
0m
0n
#9245000000
1!
1(
1H
1[
1m
0w
#9250000000
0!
0(
0H
0[
0m
#9255000000
1!
1(
1H
1[
1m
#9260000000
0!
1%
0(
1,
0H
0[
0m
1n
#9265000000
1!
1(
1H
1[
1m
b100 t
1w
#9270000000
0!
0(
0H
0[
0m
#9275000000
1!
1(
1H
1[
1m
#9280000000
0!
0%
0(
0,
0H
0[
0m
0n
#9285000000
1!
1(
1H
1[
1m
0w
#9290000000
0!
0(
0H
0[
0m
#9295000000
1!
1(
1H
1[
1m
#9300000000
0!
1%
0(
1,
0H
0[
0m
1n
#9305000000
1!
1(
1H
1[
1m
b101 t
1w
#9310000000
0!
0(
0H
0[
0m
#9315000000
1!
1(
1H
1[
1m
#9320000000
0!
0%
0(
0,
0H
0[
0m
0n
#9325000000
1!
1(
1H
1[
1m
0w
#9330000000
0!
0(
0H
0[
0m
#9335000000
1!
1(
1H
1[
1m
#9340000000
0!
1%
0(
1,
0H
0[
0m
1n
#9345000000
1!
1(
1H
1[
1m
b110 t
1w
#9350000000
0!
0(
0H
0[
0m
#9355000000
1!
1(
1H
1[
1m
#9360000000
0!
0%
0(
0,
0H
0[
0m
0n
#9365000000
1!
1(
1H
1[
1m
0w
#9370000000
0!
0(
0H
0[
0m
#9375000000
1!
1(
1H
1[
1m
#9380000000
0!
1%
0(
1,
0H
0[
0m
1n
#9385000000
1!
1(
1H
1[
1m
b111 t
1w
#9390000000
0!
0(
0H
0[
0m
#9395000000
1!
1(
1H
1[
1m
#9400000000
0!
0%
0(
0,
0H
0[
0m
0n
#9405000000
1!
1(
1H
1[
1m
0w
#9410000000
0!
0(
0H
0[
0m
#9415000000
1!
1(
1H
1[
1m
#9420000000
0!
1%
0(
1,
0H
0[
0m
1n
#9425000000
1!
1(
b00011100 2
14
b00011100 5
17
1H
b00011100 W
1Z
1[
1m
b00011100 q
1s
b000 t
b00011101 v
1w
#9430000000
0!
0(
0H
0[
0m
#9435000000
1!
1(
04
07
1H
0Z
1[
1m
0s
#9440000000
0!
0%
0(
0,
0H
0[
0m
0n
#9445000000
1!
1(
1H
1[
1m
0w
#9450000000
0!
0(
0H
0[
0m
#9455000000
1!
1(
1H
1[
1m
#9460000000
0!
1%
0(
1,
0H
0[
0m
1n
#9465000000
1!
1(
1H
1[
1m
b001 t
1w
#9470000000
0!
0(
0H
0[
0m
#9475000000
1!
1(
1H
1[
1m
#9480000000
0!
0%
0(
0,
0H
0[
0m
0n
#9485000000
1!
1(
1H
1[
1m
0w
#9490000000
0!
0(
0H
0[
0m
#9495000000
1!
1(
1H
1[
1m
#9500000000
0!
1%
0(
1,
0H
0[
0m
1n
#9505000000
1!
1(
1H
1[
1m
b010 t
1w
#9510000000
0!
0(
0H
0[
0m
#9515000000
1!
1(
1H
1[
1m
#9520000000
0!
0%
0(
0,
0H
0[
0m
0n
#9525000000
1!
1(
1H
1[
1m
0w
#9530000000
0!
0(
0H
0[
0m
#9535000000
1!
1(
1H
1[
1m
#9540000000
0!
1%
0(
1,
0H
0[
0m
1n
#9545000000
1!
1(
1H
1[
1m
b011 t
1w
#9550000000
0!
0(
0H
0[
0m
#9555000000
1!
1(
1H
1[
1m
#9560000000
0!
0%
0(
0,
0H
0[
0m
0n
#9565000000
1!
1(
1H
1[
1m
0w
#9570000000
0!
0(
0H
0[
0m
#9575000000
1!
1(
1H
1[
1m
#9580000000
0!
1%
0(
1,
0H
0[
0m
1n
#9585000000
1!
1(
1H
1[
1m
b100 t
1w
#9590000000
0!
0(
0H
0[
0m
#9595000000
1!
1(
1H
1[
1m
#9600000000
0!
0%
0(
0,
0H
0[
0m
0n
#9605000000
1!
1(
1H
1[
1m
0w
#9610000000
0!
0(
0H
0[
0m
#9615000000
1!
1(
1H
1[
1m
#9620000000
0!
1%
0(
1,
0H
0[
0m
1n
#9625000000
1!
1(
1H
1[
1m
b101 t
1w
#9630000000
0!
0(
0H
0[
0m
#9635000000
1!
1(
1H
1[
1m
#9640000000
0!
0%
0(
0,
0H
0[
0m
0n
#9645000000
1!
1(
1H
1[
1m
0w
#9650000000
0!
0(
0H
0[
0m
#9655000000
1!
1(
1H
1[
1m
#9660000000
0!
1%
0(
1,
0H
0[
0m
1n
#9665000000
1!
1(
1H
1[
1m
b110 t
1w
#9670000000
0!
0(
0H
0[
0m
#9675000000
1!
1(
1H
1[
1m
#9680000000
0!
0%
0(
0,
0H
0[
0m
0n
#9685000000
1!
1(
1H
1[
1m
0w
#9690000000
0!
0(
0H
0[
0m
#9695000000
1!
1(
1H
1[
1m
#9700000000
0!
1%
0(
1,
0H
0[
0m
1n
#9705000000
1!
1(
1H
1[
1m
b111 t
1w
#9710000000
0!
0(
0H
0[
0m
#9715000000
1!
1(
1H
1[
1m
#9720000000
0!
0%
0(
0,
0H
0[
0m
0n
#9725000000
1!
1(
1H
1[
1m
0w
#9730000000
0!
0(
0H
0[
0m
#9735000000
1!
1(
1H
1[
1m
#9740000000
0!
1%
0(
1,
0H
0[
0m
1n
#9745000000
1!
1(
b00011101 2
14
b00011101 5
17
1H
b00011101 W
1Z
1[
1m
b00011101 q
1s
b000 t
b00011110 v
1w
#9750000000
0!
0(
0H
0[
0m
#9755000000
1!
1(
04
07
1H
0Z
1[
1m
0s
#9760000000
0!
0%
0(
0,
0H
0[
0m
0n
#9765000000
1!
1(
1H
1[
1m
0w
#9770000000
0!
0(
0H
0[
0m
#9775000000
1!
1(
1H
1[
1m
#9780000000
0!
1%
0(
1,
0H
0[
0m
1n
#9785000000
1!
1(
1H
1[
1m
b001 t
1w
#9790000000
0!
0(
0H
0[
0m
#9795000000
1!
1(
1H
1[
1m
#9800000000
0!
0%
0(
0,
0H
0[
0m
0n
#9805000000
1!
1(
1H
1[
1m
0w
#9810000000
0!
0(
0H
0[
0m
#9815000000
1!
1(
1H
1[
1m
#9820000000
0!
1%
0(
1,
0H
0[
0m
1n
#9825000000
1!
1(
1H
1[
1m
b010 t
1w
#9830000000
0!
0(
0H
0[
0m
#9835000000
1!
1(
1H
1[
1m
#9840000000
0!
0%
0(
0,
0H
0[
0m
0n
#9845000000
1!
1(
1H
1[
1m
0w
#9850000000
0!
0(
0H
0[
0m
#9855000000
1!
1(
1H
1[
1m
#9860000000
0!
1%
0(
1,
0H
0[
0m
1n
#9865000000
1!
1(
1H
1[
1m
b011 t
1w
#9870000000
0!
0(
0H
0[
0m
#9875000000
1!
1(
1H
1[
1m
#9880000000
0!
0%
0(
0,
0H
0[
0m
0n
#9885000000
1!
1(
1H
1[
1m
0w
#9890000000
0!
0(
0H
0[
0m
#9895000000
1!
1(
1H
1[
1m
#9900000000
0!
1%
0(
1,
0H
0[
0m
1n
#9905000000
1!
1(
1H
1[
1m
b100 t
1w
#9910000000
0!
0(
0H
0[
0m
#9915000000
1!
1(
1H
1[
1m
#9920000000
0!
0%
0(
0,
0H
0[
0m
0n
#9925000000
1!
1(
1H
1[
1m
0w
#9930000000
0!
0(
0H
0[
0m
#9935000000
1!
1(
1H
1[
1m
#9940000000
0!
1%
0(
1,
0H
0[
0m
1n
#9945000000
1!
1(
1H
1[
1m
b101 t
1w
#9950000000
0!
0(
0H
0[
0m
#9955000000
1!
1(
1H
1[
1m
#9960000000
0!
0%
0(
0,
0H
0[
0m
0n
#9965000000
1!
1(
1H
1[
1m
0w
#9970000000
0!
0(
0H
0[
0m
#9975000000
1!
1(
1H
1[
1m
#9980000000
0!
1%
0(
1,
0H
0[
0m
1n
#9985000000
1!
1(
1H
1[
1m
b110 t
1w
#9990000000
0!
0(
0H
0[
0m
#9995000000
1!
1(
1H
1[
1m
#10000000000
0!
0%
0(
0,
0H
0[
0m
0n
#10005000000
1!
1(
1H
1[
1m
0w
#10010000000
0!
0(
0H
0[
0m
#10015000000
1!
1(
1H
1[
1m
#10020000000
0!
1%
0(
1,
0H
0[
0m
1n
#10025000000
1!
1(
1H
1[
1m
b111 t
1w
#10030000000
0!
0(
0H
0[
0m
#10035000000
1!
1(
1H
1[
1m
#10040000000
0!
0%
0(
0,
0H
0[
0m
0n
#10045000000
1!
1(
1H
1[
1m
0w
#10050000000
0!
0(
0H
0[
0m
#10055000000
1!
1(
1H
1[
1m
#10060000000
0!
1%
0(
1,
0H
0[
0m
1n
#10065000000
1!
1(
b00011110 2
14
b00011110 5
17
1H
b00011110 W
1Z
1[
1m
b00011110 q
1s
b000 t
b00011111 v
1w
#10070000000
0!
0(
0H
0[
0m
#10075000000
1!
1(
04
07
1H
0Z
1[
1m
0s
#10080000000
0!
0%
0(
0,
0H
0[
0m
0n
#10085000000
1!
1(
1H
1[
1m
0w
#10090000000
0!
0(
0H
0[
0m
#10095000000
1!
1(
1H
1[
1m
#10100000000
0!
1%
0(
1,
0H
0[
0m
1n
#10105000000
1!
1(
1H
1[
1m
b001 t
1w
#10110000000
0!
0(
0H
0[
0m
#10115000000
1!
1(
1H
1[
1m
#10120000000
0!
0%
0(
0,
0H
0[
0m
0n
#10125000000
1!
1(
1H
1[
1m
0w
#10130000000
0!
0(
0H
0[
0m
#10135000000
1!
1(
1H
1[
1m
#10140000000
0!
1%
0(
1,
0H
0[
0m
1n
#10145000000
1!
1(
1H
1[
1m
b010 t
1w
#10150000000
0!
0(
0H
0[
0m
#10155000000
1!
1(
1H
1[
1m
#10160000000
0!
0%
0(
0,
0H
0[
0m
0n
#10165000000
1!
1(
1H
1[
1m
0w
#10170000000
0!
0(
0H
0[
0m
#10175000000
1!
1(
1H
1[
1m
#10180000000
0!
1%
0(
1,
0H
0[
0m
1n
#10185000000
1!
1(
1H
1[
1m
b011 t
1w
#10190000000
0!
0(
0H
0[
0m
#10195000000
1!
1(
1H
1[
1m
#10200000000
0!
0%
0(
0,
0H
0[
0m
0n
#10205000000
1!
1(
1H
1[
1m
0w
#10210000000
0!
0(
0H
0[
0m
#10215000000
1!
1(
1H
1[
1m
#10220000000
0!
1%
0(
1,
0H
0[
0m
1n
#10225000000
1!
1(
1H
1[
1m
b100 t
1w
#10230000000
0!
0(
0H
0[
0m
#10235000000
1!
1(
1H
1[
1m
#10240000000
0!
0%
0(
0,
0H
0[
0m
0n
#10245000000
1!
1(
1H
1[
1m
0w
#10250000000
0!
0(
0H
0[
0m
#10255000000
1!
1(
1H
1[
1m
#10260000000
0!
1%
0(
1,
0H
0[
0m
1n
#10265000000
1!
1(
1H
1[
1m
b101 t
1w
#10270000000
0!
0(
0H
0[
0m
#10275000000
1!
1(
1H
1[
1m
#10280000000
0!
0%
0(
0,
0H
0[
0m
0n
#10285000000
1!
1(
1H
1[
1m
0w
#10290000000
0!
0(
0H
0[
0m
#10295000000
1!
1(
1H
1[
1m
#10300000000
0!
1%
0(
1,
0H
0[
0m
1n
#10305000000
1!
1(
1H
1[
1m
b110 t
1w
#10310000000
0!
0(
0H
0[
0m
#10315000000
1!
1(
1H
1[
1m
#10320000000
0!
0%
0(
0,
0H
0[
0m
0n
#10325000000
1!
1(
1H
1[
1m
0w
#10330000000
0!
0(
0H
0[
0m
#10335000000
1!
1(
1H
1[
1m
#10340000000
0!
1%
0(
1,
0H
0[
0m
1n
#10345000000
1!
1(
1H
1[
1m
b111 t
1w
#10350000000
0!
0(
0H
0[
0m
#10355000000
1!
1(
1H
1[
1m
#10360000000
0!
0%
0(
0,
0H
0[
0m
0n
#10365000000
1!
1(
1H
1[
1m
0w
#10370000000
0!
0(
0H
0[
0m
#10375000000
1!
1(
1H
1[
1m
#10380000000
0!
1%
0(
1,
0H
0[
0m
1n
#10385000000
1!
1(
b00011111 2
14
b00011111 5
17
1H
b00011111 W
1Z
1[
1m
b00011111 q
1s
b000 t
b00100000 v
1w
#10390000000
0!
0(
0H
0[
0m
#10395000000
1!
1(
04
07
1H
0Z
1[
1m
0s
#10400000000
0!
0%
0(
0,
0H
0[
0m
0n
#10405000000
1!
1(
1H
1[
1m
0w
#10410000000
0!
0(
0H
0[
0m
#10415000000
1!
1(
1H
1[
1m
#10420000000
0!
1%
0(
1,
0H
0[
0m
1n
#10425000000
1!
1(
1H
1[
1m
b001 t
1w
#10430000000
0!
0(
0H
0[
0m
#10435000000
1!
1(
1H
1[
1m
#10440000000
0!
0%
0(
0,
0H
0[
0m
0n
#10445000000
1!
1(
1H
1[
1m
0w
#10450000000
0!
0(
0H
0[
0m
#10455000000
1!
1(
1H
1[
1m
#10460000000
0!
1%
0(
1,
0H
0[
0m
1n
#10465000000
1!
1(
1H
1[
1m
b010 t
1w
#10470000000
0!
0(
0H
0[
0m
#10475000000
1!
1(
1H
1[
1m
#10480000000
0!
0%
0(
0,
0H
0[
0m
0n
#10485000000
1!
1(
1H
1[
1m
0w
#10490000000
0!
0(
0H
0[
0m
#10495000000
1!
1(
1H
1[
1m
#10500000000
0!
1%
0(
1,
0H
0[
0m
1n
#10505000000
1!
1(
1H
1[
1m
b011 t
1w
#10510000000
0!
0(
0H
0[
0m
#10515000000
1!
1(
1H
1[
1m
#10520000000
0!
0%
0(
0,
0H
0[
0m
0n
#10525000000
1!
1(
1H
1[
1m
0w
#10530000000
0!
0(
0H
0[
0m
#10535000000
1!
1(
1H
1[
1m
#10540000000
0!
1%
0(
1,
0H
0[
0m
1n
#10545000000
1!
1(
1H
1[
1m
b100 t
1w
#10550000000
0!
0(
0H
0[
0m
#10555000000
1!
1(
1H
1[
1m
#10560000000
0!
0%
0(
0,
0H
0[
0m
0n
#10565000000
1!
1(
1H
1[
1m
0w
#10570000000
0!
0(
0H
0[
0m
#10575000000
1!
1(
1H
1[
1m
#10580000000
0!
1%
0(
1,
0H
0[
0m
1n
#10585000000
1!
1(
1H
1[
1m
b101 t
1w
#10590000000
0!
0(
0H
0[
0m
#10595000000
1!
1(
1H
1[
1m
#10600000000
0!
0%
0(
0,
0H
0[
0m
0n
#10605000000
1!
1(
1H
1[
1m
0w
#10610000000
0!
0(
0H
0[
0m
#10615000000
1!
1(
1H
1[
1m
#10620000000
0!
1%
0(
1,
0H
0[
0m
1n
#10625000000
1!
1(
1H
1[
1m
b110 t
1w
#10630000000
0!
0(
0H
0[
0m
#10635000000
1!
1(
1H
1[
1m
#10640000000
0!
0%
0(
0,
0H
0[
0m
0n
#10645000000
1!
1(
1H
1[
1m
0w
#10650000000
0!
0(
0H
0[
0m
#10655000000
1!
1(
1H
1[
1m
#10660000000
0!
1%
0(
1,
0H
0[
0m
1n
#10665000000
1!
1(
1H
1[
1m
b111 t
1w
#10670000000
0!
0(
0H
0[
0m
#10675000000
1!
1(
1H
1[
1m
#10680000000
0!
0%
0(
0,
0H
0[
0m
0n
#10685000000
1!
1(
1H
1[
1m
0w
#10690000000
0!
0(
0H
0[
0m
#10695000000
1!
1(
1H
1[
1m
#10700000000
0!
1%
0(
1,
0H
0[
0m
1n
#10705000000
1!
1(
b00100000 2
14
b00100000 5
17
1H
b00100000 W
1Z
1[
1m
b00100000 q
1s
b000 t
b00100001 v
1w
#10710000000
0!
0(
0H
0[
0m
#10715000000
1!
1(
04
07
1H
0Z
1[
1m
0s
#10720000000
0!
0%
0(
0,
0H
0[
0m
0n
#10725000000
1!
1(
1H
1[
1m
0w
#10730000000
0!
0(
0H
0[
0m
#10735000000
1!
1(
1H
1[
1m
#10740000000
0!
1%
0(
1,
0H
0[
0m
1n
#10745000000
1!
1(
1H
1[
1m
b001 t
1w
#10750000000
0!
0(
0H
0[
0m
#10755000000
1!
1(
1H
1[
1m
#10760000000
0!
0%
0(
0,
0H
0[
0m
0n
#10765000000
1!
1(
1H
1[
1m
0w
#10770000000
0!
0(
0H
0[
0m
#10775000000
1!
1(
1H
1[
1m
#10780000000
0!
1%
0(
1,
0H
0[
0m
1n
#10785000000
1!
1(
1H
1[
1m
b010 t
1w
#10790000000
0!
0(
0H
0[
0m
#10795000000
1!
1(
1H
1[
1m
#10800000000
0!
0%
0(
0,
0H
0[
0m
0n
#10805000000
1!
1(
1H
1[
1m
0w
#10810000000
0!
0(
0H
0[
0m
#10815000000
1!
1(
1H
1[
1m
#10820000000
0!
1%
0(
1,
0H
0[
0m
1n
#10825000000
1!
1(
1H
1[
1m
b011 t
1w
#10830000000
0!
0(
0H
0[
0m
#10835000000
1!
1(
1H
1[
1m
#10840000000
0!
0%
0(
0,
0H
0[
0m
0n
#10845000000
1!
1(
1H
1[
1m
0w
#10850000000
0!
0(
0H
0[
0m
#10855000000
1!
1(
1H
1[
1m
#10860000000
0!
1%
0(
1,
0H
0[
0m
1n
#10865000000
1!
1(
1H
1[
1m
b100 t
1w
#10870000000
0!
0(
0H
0[
0m
#10875000000
1!
1(
1H
1[
1m
#10880000000
0!
0%
0(
0,
0H
0[
0m
0n
#10885000000
1!
1(
1H
1[
1m
0w
#10890000000
0!
0(
0H
0[
0m
#10895000000
1!
1(
1H
1[
1m
#10900000000
0!
1%
0(
1,
0H
0[
0m
1n
#10905000000
1!
1(
1H
1[
1m
b101 t
1w
#10910000000
0!
0(
0H
0[
0m
#10915000000
1!
1(
1H
1[
1m
#10920000000
0!
0%
0(
0,
0H
0[
0m
0n
#10925000000
1!
1(
1H
1[
1m
0w
#10930000000
0!
0(
0H
0[
0m
#10935000000
1!
1(
1H
1[
1m
#10940000000
0!
1%
0(
1,
0H
0[
0m
1n
#10945000000
1!
1(
1H
1[
1m
b110 t
1w
#10950000000
0!
0(
0H
0[
0m
#10955000000
1!
1(
1H
1[
1m
#10960000000
0!
0%
0(
0,
0H
0[
0m
0n
#10965000000
1!
1(
1H
1[
1m
0w
#10970000000
0!
0(
0H
0[
0m
#10975000000
1!
1(
1H
1[
1m
#10980000000
0!
1%
0(
1,
0H
0[
0m
1n
#10985000000
1!
1(
1H
1[
1m
b111 t
1w
#10990000000
0!
0(
0H
0[
0m
#10995000000
1!
1(
1H
1[
1m
#11000000000
0!
0%
0(
0,
0H
0[
0m
0n
#11005000000
1!
1(
1H
1[
1m
0w
#11010000000
0!
0(
0H
0[
0m
#11015000000
1!
1(
1H
1[
1m
#11020000000
0!
1%
0(
1,
0H
0[
0m
1n
#11025000000
1!
1(
b00100001 2
14
b00100001 5
17
1H
b00100001 W
1Z
1[
1m
b00100001 q
1s
b000 t
b00100010 v
1w
#11030000000
0!
0(
0H
0[
0m
#11035000000
1!
1(
04
07
1H
0Z
1[
1m
0s
#11040000000
0!
0%
0(
0,
0H
0[
0m
0n
#11045000000
1!
1(
1H
1[
1m
0w
#11050000000
0!
0(
0H
0[
0m
#11055000000
1!
1(
1H
1[
1m
#11060000000
0!
1%
0(
1,
0H
0[
0m
1n
#11065000000
1!
1(
1H
1[
1m
b001 t
1w
#11070000000
0!
0(
0H
0[
0m
#11075000000
1!
1(
1H
1[
1m
#11080000000
0!
0%
0(
0,
0H
0[
0m
0n
#11085000000
1!
1(
1H
1[
1m
0w
#11090000000
0!
0(
0H
0[
0m
#11095000000
1!
1(
1H
1[
1m
#11100000000
0!
1%
0(
1,
0H
0[
0m
1n
#11105000000
1!
1(
1H
1[
1m
b010 t
1w
#11110000000
0!
0(
0H
0[
0m
#11115000000
1!
1(
1H
1[
1m
#11120000000
0!
0%
0(
0,
0H
0[
0m
0n
#11125000000
1!
1(
1H
1[
1m
0w
#11130000000
0!
0(
0H
0[
0m
#11135000000
1!
1(
1H
1[
1m
#11140000000
0!
1%
0(
1,
0H
0[
0m
1n
#11145000000
1!
1(
1H
1[
1m
b011 t
1w
#11150000000
0!
0(
0H
0[
0m
#11155000000
1!
1(
1H
1[
1m
#11160000000
0!
0%
0(
0,
0H
0[
0m
0n
#11165000000
1!
1(
1H
1[
1m
0w
#11170000000
0!
0(
0H
0[
0m
#11175000000
1!
1(
1H
1[
1m
#11180000000
0!
1%
0(
1,
0H
0[
0m
1n
#11185000000
1!
1(
1H
1[
1m
b100 t
1w
#11190000000
0!
0(
0H
0[
0m
#11195000000
1!
1(
1H
1[
1m
#11200000000
0!
0%
0(
0,
0H
0[
0m
0n
#11205000000
1!
1(
1H
1[
1m
0w
#11210000000
0!
0(
0H
0[
0m
#11215000000
1!
1(
1H
1[
1m
#11220000000
0!
1%
0(
1,
0H
0[
0m
1n
#11225000000
1!
1(
1H
1[
1m
b101 t
1w
#11230000000
0!
0(
0H
0[
0m
#11235000000
1!
1(
1H
1[
1m
#11240000000
0!
0%
0(
0,
0H
0[
0m
0n
#11245000000
1!
1(
1H
1[
1m
0w
#11250000000
0!
0(
0H
0[
0m
#11255000000
1!
1(
1H
1[
1m
#11260000000
0!
1%
0(
1,
0H
0[
0m
1n
#11265000000
1!
1(
1H
1[
1m
b110 t
1w
#11270000000
0!
0(
0H
0[
0m
#11275000000
1!
1(
1H
1[
1m
#11280000000
0!
0%
0(
0,
0H
0[
0m
0n
#11285000000
1!
1(
1H
1[
1m
0w
#11290000000
0!
0(
0H
0[
0m
#11295000000
1!
1(
1H
1[
1m
#11300000000
0!
1%
0(
1,
0H
0[
0m
1n
#11305000000
1!
1(
1H
1[
1m
b111 t
1w
#11310000000
0!
0(
0H
0[
0m
#11315000000
1!
1(
1H
1[
1m
#11320000000
0!
0%
0(
0,
0H
0[
0m
0n
#11325000000
1!
1(
1H
1[
1m
0w
#11330000000
0!
0(
0H
0[
0m
#11335000000
1!
1(
1H
1[
1m
#11340000000
0!
1%
0(
1,
0H
0[
0m
1n
#11345000000
1!
1(
b00100010 2
14
b00100010 5
17
1H
b00100010 W
1Z
1[
1m
b00100010 q
1s
b000 t
b00100011 v
1w
#11350000000
0!
0(
0H
0[
0m
#11355000000
1!
1(
04
07
1H
0Z
1[
1m
0s
#11360000000
0!
0%
0(
0,
0H
0[
0m
0n
#11365000000
1!
1(
1H
1[
1m
0w
#11370000000
0!
0(
0H
0[
0m
#11375000000
1!
1(
1H
1[
1m
#11380000000
0!
1%
0(
1,
0H
0[
0m
1n
#11385000000
1!
1(
1H
1[
1m
b001 t
1w
#11390000000
0!
0(
0H
0[
0m
#11395000000
1!
1(
1H
1[
1m
#11400000000
0!
0%
0(
0,
0H
0[
0m
0n
#11405000000
1!
1(
1H
1[
1m
0w
#11410000000
0!
0(
0H
0[
0m
#11415000000
1!
1(
1H
1[
1m
#11420000000
0!
1%
0(
1,
0H
0[
0m
1n
#11425000000
1!
1(
1H
1[
1m
b010 t
1w
#11430000000
0!
0(
0H
0[
0m
#11435000000
1!
1(
1H
1[
1m
#11440000000
0!
0%
0(
0,
0H
0[
0m
0n
#11445000000
1!
1(
1H
1[
1m
0w
#11450000000
0!
0(
0H
0[
0m
#11455000000
1!
1(
1H
1[
1m
#11460000000
0!
1%
0(
1,
0H
0[
0m
1n
#11465000000
1!
1(
1H
1[
1m
b011 t
1w
#11470000000
0!
0(
0H
0[
0m
#11475000000
1!
1(
1H
1[
1m
#11480000000
0!
0%
0(
0,
0H
0[
0m
0n
#11485000000
1!
1(
1H
1[
1m
0w
#11490000000
0!
0(
0H
0[
0m
#11495000000
1!
1(
1H
1[
1m
#11500000000
0!
1%
0(
1,
0H
0[
0m
1n
#11505000000
1!
1(
1H
1[
1m
b100 t
1w
#11510000000
0!
0(
0H
0[
0m
#11515000000
1!
1(
1H
1[
1m
#11520000000
0!
0%
0(
0,
0H
0[
0m
0n
#11525000000
1!
1(
1H
1[
1m
0w
#11530000000
0!
0(
0H
0[
0m
#11535000000
1!
1(
1H
1[
1m
#11540000000
0!
1%
0(
1,
0H
0[
0m
1n
#11545000000
1!
1(
1H
1[
1m
b101 t
1w
#11550000000
0!
0(
0H
0[
0m
#11555000000
1!
1(
1H
1[
1m
#11560000000
0!
0%
0(
0,
0H
0[
0m
0n
#11565000000
1!
1(
1H
1[
1m
0w
#11570000000
0!
0(
0H
0[
0m
#11575000000
1!
1(
1H
1[
1m
#11580000000
0!
1%
0(
1,
0H
0[
0m
1n
#11585000000
1!
1(
1H
1[
1m
b110 t
1w
#11590000000
0!
0(
0H
0[
0m
#11595000000
1!
1(
1H
1[
1m
#11600000000
0!
0%
0(
0,
0H
0[
0m
0n
#11605000000
1!
1(
1H
1[
1m
0w
#11610000000
0!
0(
0H
0[
0m
#11615000000
1!
1(
1H
1[
1m
#11620000000
0!
1%
0(
1,
0H
0[
0m
1n
#11625000000
1!
1(
1H
1[
1m
b111 t
1w
#11630000000
0!
0(
0H
0[
0m
#11635000000
1!
1(
1H
1[
1m
#11640000000
0!
0%
0(
0,
0H
0[
0m
0n
#11645000000
1!
1(
1H
1[
1m
0w
#11650000000
0!
0(
0H
0[
0m
#11655000000
1!
1(
1H
1[
1m
#11660000000
0!
1%
0(
1,
0H
0[
0m
1n
#11665000000
1!
1(
b00100011 2
14
b00100011 5
17
1H
b00100011 W
1Z
1[
1m
b00100011 q
1s
b000 t
b00100100 v
1w
#11670000000
0!
0(
0H
0[
0m
#11675000000
1!
1(
04
07
1H
0Z
1[
1m
0s
#11680000000
0!
0%
0(
0,
0H
0[
0m
0n
#11685000000
1!
1(
1H
1[
1m
0w
#11690000000
0!
0(
0H
0[
0m
#11695000000
1!
1(
1H
1[
1m
#11700000000
0!
1%
0(
1,
0H
0[
0m
1n
#11705000000
1!
1(
1H
1[
1m
b001 t
1w
#11710000000
0!
0(
0H
0[
0m
#11715000000
1!
1(
1H
1[
1m
#11720000000
0!
0%
0(
0,
0H
0[
0m
0n
#11725000000
1!
1(
1H
1[
1m
0w
#11730000000
0!
0(
0H
0[
0m
#11735000000
1!
1(
1H
1[
1m
#11740000000
0!
1%
0(
1,
0H
0[
0m
1n
#11745000000
1!
1(
1H
1[
1m
b010 t
1w
#11750000000
0!
0(
0H
0[
0m
#11755000000
1!
1(
1H
1[
1m
#11760000000
0!
0%
0(
0,
0H
0[
0m
0n
#11765000000
1!
1(
1H
1[
1m
0w
#11770000000
0!
0(
0H
0[
0m
#11775000000
1!
1(
1H
1[
1m
#11780000000
0!
1%
0(
1,
0H
0[
0m
1n
#11785000000
1!
1(
1H
1[
1m
b011 t
1w
#11790000000
0!
0(
0H
0[
0m
#11795000000
1!
1(
1H
1[
1m
#11800000000
0!
0%
0(
0,
0H
0[
0m
0n
#11805000000
1!
1(
1H
1[
1m
0w
#11810000000
0!
0(
0H
0[
0m
#11815000000
1!
1(
1H
1[
1m
#11820000000
0!
1%
0(
1,
0H
0[
0m
1n
#11825000000
1!
1(
1H
1[
1m
b100 t
1w
#11830000000
0!
0(
0H
0[
0m
#11835000000
1!
1(
1H
1[
1m
#11840000000
0!
0%
0(
0,
0H
0[
0m
0n
#11845000000
1!
1(
1H
1[
1m
0w
#11850000000
0!
0(
0H
0[
0m
#11855000000
1!
1(
1H
1[
1m
#11860000000
0!
1%
0(
1,
0H
0[
0m
1n
#11865000000
1!
1(
1H
1[
1m
b101 t
1w
#11870000000
0!
0(
0H
0[
0m
#11875000000
1!
1(
1H
1[
1m
#11880000000
0!
0%
0(
0,
0H
0[
0m
0n
#11885000000
1!
1(
1H
1[
1m
0w
#11890000000
0!
0(
0H
0[
0m
#11895000000
1!
1(
1H
1[
1m
#11900000000
0!
1%
0(
1,
0H
0[
0m
1n
#11905000000
1!
1(
1H
1[
1m
b110 t
1w
#11910000000
0!
0(
0H
0[
0m
#11915000000
1!
1(
1H
1[
1m
#11920000000
0!
0%
0(
0,
0H
0[
0m
0n
#11925000000
1!
1(
1H
1[
1m
0w
#11930000000
0!
0(
0H
0[
0m
#11935000000
1!
1(
1H
1[
1m
#11940000000
0!
1%
0(
1,
0H
0[
0m
1n
#11945000000
1!
1(
1H
1[
1m
b111 t
1w
#11950000000
0!
0(
0H
0[
0m
#11955000000
1!
1(
1H
1[
1m
#11960000000
0!
0%
0(
0,
0H
0[
0m
0n
#11965000000
1!
1(
1H
1[
1m
0w
#11970000000
0!
0(
0H
0[
0m
#11975000000
1!
1(
1H
1[
1m
#11980000000
0!
1%
0(
1,
0H
0[
0m
1n
#11985000000
1!
1(
b00100100 2
14
b00100100 5
17
1H
b00100100 W
1Z
1[
1m
b00100100 q
1s
b000 t
b00100101 v
1w
#11990000000
0!
0(
0H
0[
0m
#11995000000
1!
1(
04
07
1H
0Z
1[
1m
0s
#12000000000
0!
0%
0(
0,
0H
0[
0m
0n
#12005000000
1!
1(
1H
1[
1m
0w
#12010000000
0!
0(
0H
0[
0m
#12015000000
1!
1(
1H
1[
1m
#12020000000
0!
1%
0(
1,
0H
0[
0m
1n
#12025000000
1!
1(
1H
1[
1m
b001 t
1w
#12030000000
0!
0(
0H
0[
0m
#12035000000
1!
1(
1H
1[
1m
#12040000000
0!
0%
0(
0,
0H
0[
0m
0n
#12045000000
1!
1(
1H
1[
1m
0w
#12050000000
0!
0(
0H
0[
0m
#12055000000
1!
1(
1H
1[
1m
#12060000000
0!
1%
0(
1,
0H
0[
0m
1n
#12065000000
1!
1(
1H
1[
1m
b010 t
1w
#12070000000
0!
0(
0H
0[
0m
#12075000000
1!
1(
1H
1[
1m
#12080000000
0!
0%
0(
0,
0H
0[
0m
0n
#12085000000
1!
1(
1H
1[
1m
0w
#12090000000
0!
0(
0H
0[
0m
#12095000000
1!
1(
1H
1[
1m
#12100000000
0!
1%
0(
1,
0H
0[
0m
1n
#12105000000
1!
1(
1H
1[
1m
b011 t
1w
#12110000000
0!
0(
0H
0[
0m
#12115000000
1!
1(
1H
1[
1m
#12120000000
0!
0%
0(
0,
0H
0[
0m
0n
#12125000000
1!
1(
1H
1[
1m
0w
#12130000000
0!
0(
0H
0[
0m
#12135000000
1!
1(
1H
1[
1m
#12140000000
0!
1%
0(
1,
0H
0[
0m
1n
#12145000000
1!
1(
1H
1[
1m
b100 t
1w
#12150000000
0!
0(
0H
0[
0m
#12155000000
1!
1(
1H
1[
1m
#12160000000
0!
0%
0(
0,
0H
0[
0m
0n
#12165000000
1!
1(
1H
1[
1m
0w
#12170000000
0!
0(
0H
0[
0m
#12175000000
1!
1(
1H
1[
1m
#12180000000
0!
1%
0(
1,
0H
0[
0m
1n
#12185000000
1!
1(
1H
1[
1m
b101 t
1w
#12190000000
0!
0(
0H
0[
0m
#12195000000
1!
1(
1H
1[
1m
#12200000000
0!
0%
0(
0,
0H
0[
0m
0n
#12205000000
1!
1(
1H
1[
1m
0w
#12210000000
0!
0(
0H
0[
0m
#12215000000
1!
1(
1H
1[
1m
#12220000000
0!
1%
0(
1,
0H
0[
0m
1n
#12225000000
1!
1(
1H
1[
1m
b110 t
1w
#12230000000
0!
0(
0H
0[
0m
#12235000000
1!
1(
1H
1[
1m
#12240000000
0!
0%
0(
0,
0H
0[
0m
0n
#12245000000
1!
1(
1H
1[
1m
0w
#12250000000
0!
0(
0H
0[
0m
#12255000000
1!
1(
1H
1[
1m
#12260000000
0!
1%
0(
1,
0H
0[
0m
1n
#12265000000
1!
1(
1H
1[
1m
b111 t
1w
#12270000000
0!
0(
0H
0[
0m
#12275000000
1!
1(
1H
1[
1m
#12280000000
0!
0%
0(
0,
0H
0[
0m
0n
#12285000000
1!
1(
1H
1[
1m
0w
#12290000000
0!
0(
0H
0[
0m
#12295000000
1!
1(
1H
1[
1m
#12300000000
0!
1%
0(
1,
0H
0[
0m
1n
#12305000000
1!
1(
b00100101 2
14
b00100101 5
17
1H
b00100101 W
1Z
1[
1m
b00100101 q
1s
b000 t
b00100110 v
1w
#12310000000
0!
0(
0H
0[
0m
#12315000000
1!
1(
04
07
1H
0Z
1[
1m
0s
#12320000000
0!
0%
0(
0,
0H
0[
0m
0n
#12325000000
1!
1(
1H
1[
1m
0w
#12330000000
0!
0(
0H
0[
0m
#12335000000
1!
1(
1H
1[
1m
#12340000000
0!
1%
0(
1,
0H
0[
0m
1n
#12345000000
1!
1(
1H
1[
1m
b001 t
1w
#12350000000
0!
0(
0H
0[
0m
#12355000000
1!
1(
1H
1[
1m
#12360000000
0!
0%
0(
0,
0H
0[
0m
0n
#12365000000
1!
1(
1H
1[
1m
0w
#12370000000
0!
0(
0H
0[
0m
#12375000000
1!
1(
1H
1[
1m
#12380000000
0!
1%
0(
1,
0H
0[
0m
1n
#12385000000
1!
1(
1H
1[
1m
b010 t
1w
#12390000000
0!
0(
0H
0[
0m
#12395000000
1!
1(
1H
1[
1m
#12400000000
0!
0%
0(
0,
0H
0[
0m
0n
#12405000000
1!
1(
1H
1[
1m
0w
#12410000000
0!
0(
0H
0[
0m
#12415000000
1!
1(
1H
1[
1m
#12420000000
0!
1%
0(
1,
0H
0[
0m
1n
#12425000000
1!
1(
1H
1[
1m
b011 t
1w
#12430000000
0!
0(
0H
0[
0m
#12435000000
1!
1(
1H
1[
1m
#12440000000
0!
0%
0(
0,
0H
0[
0m
0n
#12445000000
1!
1(
1H
1[
1m
0w
#12450000000
0!
0(
0H
0[
0m
#12455000000
1!
1(
1H
1[
1m
#12460000000
0!
1%
0(
1,
0H
0[
0m
1n
#12465000000
1!
1(
1H
1[
1m
b100 t
1w
#12470000000
0!
0(
0H
0[
0m
#12475000000
1!
1(
1H
1[
1m
#12480000000
0!
0%
0(
0,
0H
0[
0m
0n
#12485000000
1!
1(
1H
1[
1m
0w
#12490000000
0!
0(
0H
0[
0m
#12495000000
1!
1(
1H
1[
1m
#12500000000
0!
1%
0(
1,
0H
0[
0m
1n
#12505000000
1!
1(
1H
1[
1m
b101 t
1w
#12510000000
0!
0(
0H
0[
0m
#12515000000
1!
1(
1H
1[
1m
#12520000000
0!
0%
0(
0,
0H
0[
0m
0n
#12525000000
1!
1(
1H
1[
1m
0w
#12530000000
0!
0(
0H
0[
0m
#12535000000
1!
1(
1H
1[
1m
#12540000000
0!
1%
0(
1,
0H
0[
0m
1n
#12545000000
1!
1(
1H
1[
1m
b110 t
1w
#12550000000
0!
0(
0H
0[
0m
#12555000000
1!
1(
1H
1[
1m
#12560000000
0!
0%
0(
0,
0H
0[
0m
0n
#12565000000
1!
1(
1H
1[
1m
0w
#12570000000
0!
0(
0H
0[
0m
#12575000000
1!
1(
1H
1[
1m
#12580000000
0!
1%
0(
1,
0H
0[
0m
1n
#12585000000
1!
1(
1H
1[
1m
b111 t
1w
#12590000000
0!
0(
0H
0[
0m
#12595000000
1!
1(
1H
1[
1m
#12600000000
0!
0%
0(
0,
0H
0[
0m
0n
#12605000000
1!
1(
1H
1[
1m
0w
#12610000000
0!
0(
0H
0[
0m
#12615000000
1!
1(
1H
1[
1m
#12620000000
0!
1%
0(
1,
0H
0[
0m
1n
#12625000000
1!
1(
b00100110 2
14
b00100110 5
17
1H
b00100110 W
1Z
1[
1m
b00100110 q
1s
b000 t
b00100111 v
1w
#12630000000
0!
0(
0H
0[
0m
#12635000000
1!
1(
04
07
1H
0Z
1[
1m
0s
#12640000000
0!
0%
0(
0,
0H
0[
0m
0n
#12645000000
1!
1(
1H
1[
1m
0w
#12650000000
0!
0(
0H
0[
0m
#12655000000
1!
1(
1H
1[
1m
#12660000000
0!
1%
0(
1,
0H
0[
0m
1n
#12665000000
1!
1(
1H
1[
1m
b001 t
1w
#12670000000
0!
0(
0H
0[
0m
#12675000000
1!
1(
1H
1[
1m
#12680000000
0!
0%
0(
0,
0H
0[
0m
0n
#12685000000
1!
1(
1H
1[
1m
0w
#12690000000
0!
0(
0H
0[
0m
#12695000000
1!
1(
1H
1[
1m
#12700000000
0!
1%
0(
1,
0H
0[
0m
1n
#12705000000
1!
1(
1H
1[
1m
b010 t
1w
#12710000000
0!
0(
0H
0[
0m
#12715000000
1!
1(
1H
1[
1m
#12720000000
0!
0%
0(
0,
0H
0[
0m
0n
#12725000000
1!
1(
1H
1[
1m
0w
#12730000000
0!
0(
0H
0[
0m
#12735000000
1!
1(
1H
1[
1m
#12740000000
0!
1%
0(
1,
0H
0[
0m
1n
#12745000000
1!
1(
1H
1[
1m
b011 t
1w
#12750000000
0!
0(
0H
0[
0m
#12755000000
1!
1(
1H
1[
1m
#12760000000
0!
0%
0(
0,
0H
0[
0m
0n
#12765000000
1!
1(
1H
1[
1m
0w
#12770000000
0!
0(
0H
0[
0m
#12775000000
1!
1(
1H
1[
1m
#12780000000
0!
1%
0(
1,
0H
0[
0m
1n
#12785000000
1!
1(
1H
1[
1m
b100 t
1w
#12790000000
0!
0(
0H
0[
0m
#12795000000
1!
1(
1H
1[
1m
#12800000000
0!
0%
0(
0,
0H
0[
0m
0n
#12805000000
1!
1(
1H
1[
1m
0w
#12810000000
0!
0(
0H
0[
0m
#12815000000
1!
1(
1H
1[
1m
#12820000000
0!
1%
0(
1,
0H
0[
0m
1n
#12825000000
1!
1(
1H
1[
1m
b101 t
1w
#12830000000
0!
0(
0H
0[
0m
#12835000000
1!
1(
1H
1[
1m
#12840000000
0!
0%
0(
0,
0H
0[
0m
0n
#12845000000
1!
1(
1H
1[
1m
0w
#12850000000
0!
0(
0H
0[
0m
#12855000000
1!
1(
1H
1[
1m
#12860000000
0!
1%
0(
1,
0H
0[
0m
1n
#12865000000
1!
1(
1H
1[
1m
b110 t
1w
#12870000000
0!
0(
0H
0[
0m
#12875000000
1!
1(
1H
1[
1m
#12880000000
0!
0%
0(
0,
0H
0[
0m
0n
#12885000000
1!
1(
1H
1[
1m
0w
#12890000000
0!
0(
0H
0[
0m
#12895000000
1!
1(
1H
1[
1m
#12900000000
0!
1%
0(
1,
0H
0[
0m
1n
#12905000000
1!
1(
1H
1[
1m
b111 t
1w
#12910000000
0!
0(
0H
0[
0m
#12915000000
1!
1(
1H
1[
1m
#12920000000
0!
0%
0(
0,
0H
0[
0m
0n
#12925000000
1!
1(
1H
1[
1m
0w
#12930000000
0!
0(
0H
0[
0m
#12935000000
1!
1(
1H
1[
1m
#12940000000
0!
1%
0(
1,
0H
0[
0m
1n
#12945000000
1!
1(
b00100111 2
14
b00100111 5
17
1H
b00100111 W
1Z
1[
1m
b00100111 q
1s
b000 t
b00101000 v
1w
#12950000000
0!
0(
0H
0[
0m
#12955000000
1!
1(
04
07
1H
0Z
1[
1m
0s
#12960000000
0!
0%
0(
0,
0H
0[
0m
0n
#12965000000
1!
1(
1H
1[
1m
0w
#12970000000
0!
0(
0H
0[
0m
#12975000000
1!
1(
1H
1[
1m
#12980000000
0!
1%
0(
1,
0H
0[
0m
1n
#12985000000
1!
1(
1H
1[
1m
b001 t
1w
#12990000000
0!
0(
0H
0[
0m
#12995000000
1!
1(
1H
1[
1m
#13000000000
0!
0%
0(
0,
0H
0[
0m
0n
#13005000000
1!
1(
1H
1[
1m
0w
#13010000000
0!
0(
0H
0[
0m
#13015000000
1!
1(
1H
1[
1m
#13020000000
0!
1%
0(
1,
0H
0[
0m
1n
#13025000000
1!
1(
1H
1[
1m
b010 t
1w
#13030000000
0!
0(
0H
0[
0m
#13035000000
1!
1(
1H
1[
1m
#13040000000
0!
0%
0(
0,
0H
0[
0m
0n
#13045000000
1!
1(
1H
1[
1m
0w
#13050000000
0!
0(
0H
0[
0m
#13055000000
1!
1(
1H
1[
1m
#13060000000
0!
1%
0(
1,
0H
0[
0m
1n
#13065000000
1!
1(
1H
1[
1m
b011 t
1w
#13070000000
0!
0(
0H
0[
0m
#13075000000
1!
1(
1H
1[
1m
#13080000000
0!
0%
0(
0,
0H
0[
0m
0n
#13085000000
1!
1(
1H
1[
1m
0w
#13090000000
0!
0(
0H
0[
0m
#13095000000
1!
1(
1H
1[
1m
#13100000000
0!
1%
0(
1,
0H
0[
0m
1n
#13105000000
1!
1(
1H
1[
1m
b100 t
1w
#13110000000
0!
0(
0H
0[
0m
#13115000000
1!
1(
1H
1[
1m
#13120000000
0!
0%
0(
0,
0H
0[
0m
0n
#13125000000
1!
1(
1H
1[
1m
0w
#13130000000
0!
0(
0H
0[
0m
#13135000000
1!
1(
1H
1[
1m
#13140000000
0!
1%
0(
1,
0H
0[
0m
1n
#13145000000
1!
1(
1H
1[
1m
b101 t
1w
#13150000000
0!
0(
0H
0[
0m
#13155000000
1!
1(
1H
1[
1m
#13160000000
0!
0%
0(
0,
0H
0[
0m
0n
#13165000000
1!
1(
1H
1[
1m
0w
#13170000000
0!
0(
0H
0[
0m
#13175000000
1!
1(
1H
1[
1m
#13180000000
0!
1%
0(
1,
0H
0[
0m
1n
#13185000000
1!
1(
1H
1[
1m
b110 t
1w
#13190000000
0!
0(
0H
0[
0m
#13195000000
1!
1(
1H
1[
1m
#13200000000
0!
0%
0(
0,
0H
0[
0m
0n
#13205000000
1!
1(
1H
1[
1m
0w
#13210000000
0!
0(
0H
0[
0m
#13215000000
1!
1(
1H
1[
1m
#13220000000
0!
1%
0(
1,
0H
0[
0m
1n
#13225000000
1!
1(
1H
1[
1m
b111 t
1w
#13230000000
0!
0(
0H
0[
0m
#13235000000
1!
1(
1H
1[
1m
#13240000000
0!
0%
0(
0,
0H
0[
0m
0n
#13245000000
1!
1(
1H
1[
1m
0w
#13250000000
0!
0(
0H
0[
0m
#13255000000
1!
1(
1H
1[
1m
#13260000000
0!
1%
0(
1,
0H
0[
0m
1n
#13265000000
1!
1(
b00101000 2
14
b00101000 5
17
1H
b00101000 W
1Z
1[
1m
b00101000 q
1s
b000 t
b00101001 v
1w
#13270000000
0!
0(
0H
0[
0m
#13275000000
1!
1(
04
07
1H
0Z
1[
1m
0s
#13280000000
0!
0%
0(
0,
0H
0[
0m
0n
#13285000000
1!
1(
1H
1[
1m
0w
#13290000000
0!
0(
0H
0[
0m
#13295000000
1!
1(
1H
1[
1m
#13300000000
0!
1%
0(
1,
0H
0[
0m
1n
#13305000000
1!
1(
1H
1[
1m
b001 t
1w
#13310000000
0!
0(
0H
0[
0m
#13315000000
1!
1(
1H
1[
1m
#13320000000
0!
0%
0(
0,
0H
0[
0m
0n
#13325000000
1!
1(
1H
1[
1m
0w
#13330000000
0!
0(
0H
0[
0m
#13335000000
1!
1(
1H
1[
1m
#13340000000
0!
1%
0(
1,
0H
0[
0m
1n
#13345000000
1!
1(
1H
1[
1m
b010 t
1w
#13350000000
0!
0(
0H
0[
0m
#13355000000
1!
1(
1H
1[
1m
#13360000000
0!
0%
0(
0,
0H
0[
0m
0n
#13365000000
1!
1(
1H
1[
1m
0w
#13370000000
0!
0(
0H
0[
0m
#13375000000
1!
1(
1H
1[
1m
#13380000000
0!
1%
0(
1,
0H
0[
0m
1n
#13385000000
1!
1(
1H
1[
1m
b011 t
1w
#13390000000
0!
0(
0H
0[
0m
#13395000000
1!
1(
1H
1[
1m
#13400000000
0!
0%
0(
0,
0H
0[
0m
0n
#13405000000
1!
1(
1H
1[
1m
0w
#13410000000
0!
0(
0H
0[
0m
#13415000000
1!
1(
1H
1[
1m
#13420000000
0!
1%
0(
1,
0H
0[
0m
1n
#13425000000
1!
1(
1H
1[
1m
b100 t
1w
#13430000000
0!
0(
0H
0[
0m
#13435000000
1!
1(
1H
1[
1m
#13440000000
0!
0%
0(
0,
0H
0[
0m
0n
#13445000000
1!
1(
1H
1[
1m
0w
#13450000000
0!
0(
0H
0[
0m
#13455000000
1!
1(
1H
1[
1m
#13460000000
0!
1%
0(
1,
0H
0[
0m
1n
#13465000000
1!
1(
1H
1[
1m
b101 t
1w
#13470000000
0!
0(
0H
0[
0m
#13475000000
1!
1(
1H
1[
1m
#13480000000
0!
0%
0(
0,
0H
0[
0m
0n
#13485000000
1!
1(
1H
1[
1m
0w
#13490000000
0!
0(
0H
0[
0m
#13495000000
1!
1(
1H
1[
1m
#13500000000
0!
1%
0(
1,
0H
0[
0m
1n
#13505000000
1!
1(
1H
1[
1m
b110 t
1w
#13510000000
0!
0(
0H
0[
0m
#13515000000
1!
1(
1H
1[
1m
#13520000000
0!
0%
0(
0,
0H
0[
0m
0n
#13525000000
1!
1(
1H
1[
1m
0w
#13530000000
0!
0(
0H
0[
0m
#13535000000
1!
1(
1H
1[
1m
#13540000000
0!
1%
0(
1,
0H
0[
0m
1n
#13545000000
1!
1(
1H
1[
1m
b111 t
1w
#13550000000
0!
0(
0H
0[
0m
#13555000000
1!
1(
1H
1[
1m
#13560000000
0!
0%
0(
0,
0H
0[
0m
0n
#13565000000
1!
1(
1H
1[
1m
0w
#13570000000
0!
0(
0H
0[
0m
#13575000000
1!
1(
1H
1[
1m
#13580000000
0!
1%
0(
1,
0H
0[
0m
1n
#13585000000
1!
1(
b00101001 2
14
b00101001 5
17
1H
b00101001 W
1Z
1[
1m
b00101001 q
1s
b000 t
b00101010 v
1w
#13590000000
0!
0(
0H
0[
0m
#13595000000
1!
1(
04
07
1H
0Z
1[
1m
0s
#13600000000
0!
0%
0(
0,
0H
0[
0m
0n
#13605000000
1!
1(
1H
1[
1m
0w
#13610000000
0!
0(
0H
0[
0m
#13615000000
1!
1(
1H
1[
1m
#13620000000
0!
1%
0(
1,
0H
0[
0m
1n
#13625000000
1!
1(
1H
1[
1m
b001 t
1w
#13630000000
0!
0(
0H
0[
0m
#13635000000
1!
1(
1H
1[
1m
#13640000000
0!
0%
0(
0,
0H
0[
0m
0n
#13645000000
1!
1(
1H
1[
1m
0w
#13650000000
0!
0(
0H
0[
0m
#13655000000
1!
1(
1H
1[
1m
#13660000000
0!
1%
0(
1,
0H
0[
0m
1n
#13665000000
1!
1(
1H
1[
1m
b010 t
1w
#13670000000
0!
0(
0H
0[
0m
#13675000000
1!
1(
1H
1[
1m
#13680000000
0!
0%
0(
0,
0H
0[
0m
0n
#13685000000
1!
1(
1H
1[
1m
0w
#13690000000
0!
0(
0H
0[
0m
#13695000000
1!
1(
1H
1[
1m
#13700000000
0!
1%
0(
1,
0H
0[
0m
1n
#13705000000
1!
1(
1H
1[
1m
b011 t
1w
#13710000000
0!
0(
0H
0[
0m
#13715000000
1!
1(
1H
1[
1m
#13720000000
0!
0%
0(
0,
0H
0[
0m
0n
#13725000000
1!
1(
1H
1[
1m
0w
#13730000000
0!
0(
0H
0[
0m
#13735000000
1!
1(
1H
1[
1m
#13740000000
0!
1%
0(
1,
0H
0[
0m
1n
#13745000000
1!
1(
1H
1[
1m
b100 t
1w
#13750000000
0!
0(
0H
0[
0m
#13755000000
1!
1(
1H
1[
1m
#13760000000
0!
0%
0(
0,
0H
0[
0m
0n
#13765000000
1!
1(
1H
1[
1m
0w
#13770000000
0!
0(
0H
0[
0m
#13775000000
1!
1(
1H
1[
1m
#13780000000
0!
1%
0(
1,
0H
0[
0m
1n
#13785000000
1!
1(
1H
1[
1m
b101 t
1w
#13790000000
0!
0(
0H
0[
0m
#13795000000
1!
1(
1H
1[
1m
#13800000000
0!
0%
0(
0,
0H
0[
0m
0n
#13805000000
1!
1(
1H
1[
1m
0w
#13810000000
0!
0(
0H
0[
0m
#13815000000
1!
1(
1H
1[
1m
#13820000000
0!
1%
0(
1,
0H
0[
0m
1n
#13825000000
1!
1(
1H
1[
1m
b110 t
1w
#13830000000
0!
0(
0H
0[
0m
#13835000000
1!
1(
1H
1[
1m
#13840000000
0!
0%
0(
0,
0H
0[
0m
0n
#13845000000
1!
1(
1H
1[
1m
0w
#13850000000
0!
0(
0H
0[
0m
#13855000000
1!
1(
1H
1[
1m
#13860000000
0!
1%
0(
1,
0H
0[
0m
1n
#13865000000
1!
1(
1H
1[
1m
b111 t
1w
#13870000000
0!
0(
0H
0[
0m
#13875000000
1!
1(
1H
1[
1m
#13880000000
0!
0%
0(
0,
0H
0[
0m
0n
#13885000000
1!
1(
1H
1[
1m
0w
#13890000000
0!
0(
0H
0[
0m
#13895000000
1!
1(
1H
1[
1m
#13900000000
0!
1%
0(
1,
0H
0[
0m
1n
#13905000000
1!
1(
b00101010 2
14
b00101010 5
17
1H
b00101010 W
1Z
1[
1m
b00101010 q
1s
b000 t
b00101011 v
1w
#13910000000
0!
0(
0H
0[
0m
#13915000000
1!
1(
04
07
1H
0Z
1[
1m
0s
#13920000000
0!
0%
0(
0,
0H
0[
0m
0n
#13925000000
1!
1(
1H
1[
1m
0w
#13930000000
0!
0(
0H
0[
0m
#13935000000
1!
1(
1H
1[
1m
#13940000000
0!
1%
0(
1,
0H
0[
0m
1n
#13945000000
1!
1(
1H
1[
1m
b001 t
1w
#13950000000
0!
0(
0H
0[
0m
#13955000000
1!
1(
1H
1[
1m
#13960000000
0!
0%
0(
0,
0H
0[
0m
0n
#13965000000
1!
1(
1H
1[
1m
0w
#13970000000
0!
0(
0H
0[
0m
#13975000000
1!
1(
1H
1[
1m
#13980000000
0!
1%
0(
1,
0H
0[
0m
1n
#13985000000
1!
1(
1H
1[
1m
b010 t
1w
#13990000000
0!
0(
0H
0[
0m
#13995000000
1!
1(
1H
1[
1m
#14000000000
0!
0%
0(
0,
0H
0[
0m
0n
#14005000000
1!
1(
1H
1[
1m
0w
#14010000000
0!
0(
0H
0[
0m
#14015000000
1!
1(
1H
1[
1m
#14020000000
0!
1%
0(
1,
0H
0[
0m
1n
#14025000000
1!
1(
1H
1[
1m
b011 t
1w
#14030000000
0!
0(
0H
0[
0m
#14035000000
1!
1(
1H
1[
1m
#14040000000
0!
0%
0(
0,
0H
0[
0m
0n
#14045000000
1!
1(
1H
1[
1m
0w
#14050000000
0!
0(
0H
0[
0m
#14055000000
1!
1(
1H
1[
1m
#14060000000
0!
1%
0(
1,
0H
0[
0m
1n
#14065000000
1!
1(
1H
1[
1m
b100 t
1w
#14070000000
0!
0(
0H
0[
0m
#14075000000
1!
1(
1H
1[
1m
#14080000000
0!
0%
0(
0,
0H
0[
0m
0n
#14085000000
1!
1(
1H
1[
1m
0w
#14090000000
0!
0(
0H
0[
0m
#14095000000
1!
1(
1H
1[
1m
#14100000000
0!
1%
0(
1,
0H
0[
0m
1n
#14105000000
1!
1(
1H
1[
1m
b101 t
1w
#14110000000
0!
0(
0H
0[
0m
#14115000000
1!
1(
1H
1[
1m
#14120000000
0!
0%
0(
0,
0H
0[
0m
0n
#14125000000
1!
1(
1H
1[
1m
0w
#14130000000
0!
0(
0H
0[
0m
#14135000000
1!
1(
1H
1[
1m
#14140000000
0!
1%
0(
1,
0H
0[
0m
1n
#14145000000
1!
1(
1H
1[
1m
b110 t
1w
#14150000000
0!
0(
0H
0[
0m
#14155000000
1!
1(
1H
1[
1m
#14160000000
0!
0%
0(
0,
0H
0[
0m
0n
#14165000000
1!
1(
1H
1[
1m
0w
#14170000000
0!
0(
0H
0[
0m
#14175000000
1!
1(
1H
1[
1m
#14180000000
0!
1%
0(
1,
0H
0[
0m
1n
#14185000000
1!
1(
1H
1[
1m
b111 t
1w
#14190000000
0!
0(
0H
0[
0m
#14195000000
1!
1(
1H
1[
1m
#14200000000
0!
0%
0(
0,
0H
0[
0m
0n
#14205000000
1!
1(
1H
1[
1m
0w
#14210000000
0!
0(
0H
0[
0m
#14215000000
1!
1(
1H
1[
1m
#14220000000
0!
1%
0(
1,
0H
0[
0m
1n
#14225000000
1!
1(
b00101011 2
14
b00101011 5
17
1H
b00101011 W
1Z
1[
1m
b00101011 q
1s
b000 t
b00101100 v
1w
#14230000000
0!
0(
0H
0[
0m
#14235000000
1!
1(
04
07
1H
0Z
1[
1m
0s
#14240000000
0!
0%
0(
0,
0H
0[
0m
0n
#14245000000
1!
1(
1H
1[
1m
0w
#14250000000
0!
0(
0H
0[
0m
#14255000000
1!
1(
1H
1[
1m
#14260000000
0!
1%
0(
1,
0H
0[
0m
1n
#14265000000
1!
1(
1H
1[
1m
b001 t
1w
#14270000000
0!
0(
0H
0[
0m
#14275000000
1!
1(
1H
1[
1m
#14280000000
0!
0%
0(
0,
0H
0[
0m
0n
#14285000000
1!
1(
1H
1[
1m
0w
#14290000000
0!
0(
0H
0[
0m
#14295000000
1!
1(
1H
1[
1m
#14300000000
0!
1%
0(
1,
0H
0[
0m
1n
#14305000000
1!
1(
1H
1[
1m
b010 t
1w
#14310000000
0!
0(
0H
0[
0m
#14315000000
1!
1(
1H
1[
1m
#14320000000
0!
0%
0(
0,
0H
0[
0m
0n
#14325000000
1!
1(
1H
1[
1m
0w
#14330000000
0!
0(
0H
0[
0m
#14335000000
1!
1(
1H
1[
1m
#14340000000
0!
1%
0(
1,
0H
0[
0m
1n
#14345000000
1!
1(
1H
1[
1m
b011 t
1w
#14350000000
0!
0(
0H
0[
0m
#14355000000
1!
1(
1H
1[
1m
#14360000000
0!
0%
0(
0,
0H
0[
0m
0n
#14365000000
1!
1(
1H
1[
1m
0w
#14370000000
0!
0(
0H
0[
0m
#14375000000
1!
1(
1H
1[
1m
#14380000000
0!
1%
0(
1,
0H
0[
0m
1n
#14385000000
1!
1(
1H
1[
1m
b100 t
1w
#14390000000
0!
0(
0H
0[
0m
#14395000000
1!
1(
1H
1[
1m
#14400000000
0!
0%
0(
0,
0H
0[
0m
0n
#14405000000
1!
1(
1H
1[
1m
0w
#14410000000
0!
0(
0H
0[
0m
#14415000000
1!
1(
1H
1[
1m
#14420000000
0!
1%
0(
1,
0H
0[
0m
1n
#14425000000
1!
1(
1H
1[
1m
b101 t
1w
#14430000000
0!
0(
0H
0[
0m
#14435000000
1!
1(
1H
1[
1m
#14440000000
0!
0%
0(
0,
0H
0[
0m
0n
#14445000000
1!
1(
1H
1[
1m
0w
#14450000000
0!
0(
0H
0[
0m
#14455000000
1!
1(
1H
1[
1m
#14460000000
0!
1%
0(
1,
0H
0[
0m
1n
#14465000000
1!
1(
1H
1[
1m
b110 t
1w
#14470000000
0!
0(
0H
0[
0m
#14475000000
1!
1(
1H
1[
1m
#14480000000
0!
0%
0(
0,
0H
0[
0m
0n
#14485000000
1!
1(
1H
1[
1m
0w
#14490000000
0!
0(
0H
0[
0m
#14495000000
1!
1(
1H
1[
1m
#14500000000
0!
1%
0(
1,
0H
0[
0m
1n
#14505000000
1!
1(
1H
1[
1m
b111 t
1w
#14510000000
0!
0(
0H
0[
0m
#14515000000
1!
1(
1H
1[
1m
#14520000000
0!
0%
0(
0,
0H
0[
0m
0n
#14525000000
1!
1(
1H
1[
1m
0w
#14530000000
0!
0(
0H
0[
0m
#14535000000
1!
1(
1H
1[
1m
#14540000000
0!
1%
0(
1,
0H
0[
0m
1n
#14545000000
1!
1(
b00101100 2
14
b00101100 5
17
1H
b00101100 W
1Z
1[
1m
b00101100 q
1s
b000 t
b00101101 v
1w
#14550000000
0!
0(
0H
0[
0m
#14555000000
1!
1(
04
07
1H
0Z
1[
1m
0s
#14560000000
0!
0%
0(
0,
0H
0[
0m
0n
#14565000000
1!
1(
1H
1[
1m
0w
#14570000000
0!
0(
0H
0[
0m
#14575000000
1!
1(
1H
1[
1m
#14580000000
0!
1%
0(
1,
0H
0[
0m
1n
#14585000000
1!
1(
1H
1[
1m
b001 t
1w
#14590000000
0!
0(
0H
0[
0m
#14595000000
1!
1(
1H
1[
1m
#14600000000
0!
0%
0(
0,
0H
0[
0m
0n
#14605000000
1!
1(
1H
1[
1m
0w
#14610000000
0!
0(
0H
0[
0m
#14615000000
1!
1(
1H
1[
1m
#14620000000
0!
1%
0(
1,
0H
0[
0m
1n
#14625000000
1!
1(
1H
1[
1m
b010 t
1w
#14630000000
0!
0(
0H
0[
0m
#14635000000
1!
1(
1H
1[
1m
#14640000000
0!
0%
0(
0,
0H
0[
0m
0n
#14645000000
1!
1(
1H
1[
1m
0w
#14650000000
0!
0(
0H
0[
0m
#14655000000
1!
1(
1H
1[
1m
#14660000000
0!
1%
0(
1,
0H
0[
0m
1n
#14665000000
1!
1(
1H
1[
1m
b011 t
1w
#14670000000
0!
0(
0H
0[
0m
#14675000000
1!
1(
1H
1[
1m
#14680000000
0!
0%
0(
0,
0H
0[
0m
0n
#14685000000
1!
1(
1H
1[
1m
0w
#14690000000
0!
0(
0H
0[
0m
#14695000000
1!
1(
1H
1[
1m
#14700000000
0!
1%
0(
1,
0H
0[
0m
1n
#14705000000
1!
1(
1H
1[
1m
b100 t
1w
#14710000000
0!
0(
0H
0[
0m
#14715000000
1!
1(
1H
1[
1m
#14720000000
0!
0%
0(
0,
0H
0[
0m
0n
#14725000000
1!
1(
1H
1[
1m
0w
#14730000000
0!
0(
0H
0[
0m
#14735000000
1!
1(
1H
1[
1m
#14740000000
0!
1%
0(
1,
0H
0[
0m
1n
#14745000000
1!
1(
1H
1[
1m
b101 t
1w
#14750000000
0!
0(
0H
0[
0m
#14755000000
1!
1(
1H
1[
1m
#14760000000
0!
0%
0(
0,
0H
0[
0m
0n
#14765000000
1!
1(
1H
1[
1m
0w
#14770000000
0!
0(
0H
0[
0m
#14775000000
1!
1(
1H
1[
1m
#14780000000
0!
1%
0(
1,
0H
0[
0m
1n
#14785000000
1!
1(
1H
1[
1m
b110 t
1w
#14790000000
0!
0(
0H
0[
0m
#14795000000
1!
1(
1H
1[
1m
#14800000000
0!
0%
0(
0,
0H
0[
0m
0n
#14805000000
1!
1(
1H
1[
1m
0w
#14810000000
0!
0(
0H
0[
0m
#14815000000
1!
1(
1H
1[
1m
#14820000000
0!
1%
0(
1,
0H
0[
0m
1n
#14825000000
1!
1(
1H
1[
1m
b111 t
1w
#14830000000
0!
0(
0H
0[
0m
#14835000000
1!
1(
1H
1[
1m
#14840000000
0!
0%
0(
0,
0H
0[
0m
0n
#14845000000
1!
1(
1H
1[
1m
0w
#14850000000
0!
0(
0H
0[
0m
#14855000000
1!
1(
1H
1[
1m
#14860000000
0!
1%
0(
1,
0H
0[
0m
1n
#14865000000
1!
1(
b00101101 2
14
b00101101 5
17
1H
b00101101 W
1Z
1[
1m
b00101101 q
1s
b000 t
b00101110 v
1w
#14870000000
0!
0(
0H
0[
0m
#14875000000
1!
1(
04
07
1H
0Z
1[
1m
0s
#14880000000
0!
0%
0(
0,
0H
0[
0m
0n
#14885000000
1!
1(
1H
1[
1m
0w
#14890000000
0!
0(
0H
0[
0m
#14895000000
1!
1(
1H
1[
1m
#14900000000
0!
1%
0(
1,
0H
0[
0m
1n
#14905000000
1!
1(
1H
1[
1m
b001 t
1w
#14910000000
0!
0(
0H
0[
0m
#14915000000
1!
1(
1H
1[
1m
#14920000000
0!
0%
0(
0,
0H
0[
0m
0n
#14925000000
1!
1(
1H
1[
1m
0w
#14930000000
0!
0(
0H
0[
0m
#14935000000
1!
1(
1H
1[
1m
#14940000000
0!
1%
0(
1,
0H
0[
0m
1n
#14945000000
1!
1(
1H
1[
1m
b010 t
1w
#14950000000
0!
0(
0H
0[
0m
#14955000000
1!
1(
1H
1[
1m
#14960000000
0!
0%
0(
0,
0H
0[
0m
0n
#14965000000
1!
1(
1H
1[
1m
0w
#14970000000
0!
0(
0H
0[
0m
#14975000000
1!
1(
1H
1[
1m
#14980000000
0!
1%
0(
1,
0H
0[
0m
1n
#14985000000
1!
1(
1H
1[
1m
b011 t
1w
#14990000000
0!
0(
0H
0[
0m
#14995000000
1!
1(
1H
1[
1m
#15000000000
0!
0%
0(
0,
0H
0[
0m
0n
#15005000000
1!
1(
1H
1[
1m
0w
#15010000000
0!
0(
0H
0[
0m
#15015000000
1!
1(
1H
1[
1m
#15020000000
0!
1%
0(
1,
0H
0[
0m
1n
#15025000000
1!
1(
1H
1[
1m
b100 t
1w
#15030000000
0!
0(
0H
0[
0m
#15035000000
1!
1(
1H
1[
1m
#15040000000
0!
0%
0(
0,
0H
0[
0m
0n
#15045000000
1!
1(
1H
1[
1m
0w
#15050000000
0!
0(
0H
0[
0m
#15055000000
1!
1(
1H
1[
1m
#15060000000
0!
1%
0(
1,
0H
0[
0m
1n
#15065000000
1!
1(
1H
1[
1m
b101 t
1w
#15070000000
0!
0(
0H
0[
0m
#15075000000
1!
1(
1H
1[
1m
#15080000000
0!
0%
0(
0,
0H
0[
0m
0n
#15085000000
1!
1(
1H
1[
1m
0w
#15090000000
0!
0(
0H
0[
0m
#15095000000
1!
1(
1H
1[
1m
#15100000000
0!
1%
0(
1,
0H
0[
0m
1n
#15105000000
1!
1(
1H
1[
1m
b110 t
1w
#15110000000
0!
0(
0H
0[
0m
#15115000000
1!
1(
1H
1[
1m
#15120000000
0!
0%
0(
0,
0H
0[
0m
0n
#15125000000
1!
1(
1H
1[
1m
0w
#15130000000
0!
0(
0H
0[
0m
#15135000000
1!
1(
1H
1[
1m
#15140000000
0!
1%
0(
1,
0H
0[
0m
1n
#15145000000
1!
1(
1H
1[
1m
b111 t
1w
#15150000000
0!
0(
0H
0[
0m
#15155000000
1!
1(
1H
1[
1m
#15160000000
0!
0%
0(
0,
0H
0[
0m
0n
#15165000000
1!
1(
1H
1[
1m
0w
#15170000000
0!
0(
0H
0[
0m
#15175000000
1!
1(
1H
1[
1m
#15180000000
0!
1%
0(
1,
0H
0[
0m
1n
#15185000000
1!
1(
b00101110 2
14
b00101110 5
17
1H
b00101110 W
1Z
1[
1m
b00101110 q
1s
b000 t
b00101111 v
1w
#15190000000
0!
0(
0H
0[
0m
#15195000000
1!
1(
04
07
1H
0Z
1[
1m
0s
#15200000000
0!
0%
0(
0,
0H
0[
0m
0n
#15205000000
1!
1(
1H
1[
1m
0w
#15210000000
0!
0(
0H
0[
0m
#15215000000
1!
1(
1H
1[
1m
#15220000000
0!
1%
0(
1,
0H
0[
0m
1n
#15225000000
1!
1(
1H
1[
1m
b001 t
1w
#15230000000
0!
0(
0H
0[
0m
#15235000000
1!
1(
1H
1[
1m
#15240000000
0!
0%
0(
0,
0H
0[
0m
0n
#15245000000
1!
1(
1H
1[
1m
0w
#15250000000
0!
0(
0H
0[
0m
#15255000000
1!
1(
1H
1[
1m
#15260000000
0!
1%
0(
1,
0H
0[
0m
1n
#15265000000
1!
1(
1H
1[
1m
b010 t
1w
#15270000000
0!
0(
0H
0[
0m
#15275000000
1!
1(
1H
1[
1m
#15280000000
0!
0%
0(
0,
0H
0[
0m
0n
#15285000000
1!
1(
1H
1[
1m
0w
#15290000000
0!
0(
0H
0[
0m
#15295000000
1!
1(
1H
1[
1m
#15300000000
0!
1%
0(
1,
0H
0[
0m
1n
#15305000000
1!
1(
1H
1[
1m
b011 t
1w
#15310000000
0!
0(
0H
0[
0m
#15315000000
1!
1(
1H
1[
1m
#15320000000
0!
0%
0(
0,
0H
0[
0m
0n
#15325000000
1!
1(
1H
1[
1m
0w
#15330000000
0!
0(
0H
0[
0m
#15335000000
1!
1(
1H
1[
1m
#15340000000
0!
1%
0(
1,
0H
0[
0m
1n
#15345000000
1!
1(
1H
1[
1m
b100 t
1w
#15350000000
0!
0(
0H
0[
0m
#15355000000
1!
1(
1H
1[
1m
#15360000000
0!
0%
0(
0,
0H
0[
0m
0n
#15365000000
1!
1(
1H
1[
1m
0w
#15370000000
0!
0(
0H
0[
0m
#15375000000
1!
1(
1H
1[
1m
#15380000000
0!
1%
0(
1,
0H
0[
0m
1n
#15385000000
1!
1(
1H
1[
1m
b101 t
1w
#15390000000
0!
0(
0H
0[
0m
#15395000000
1!
1(
1H
1[
1m
#15400000000
0!
0%
0(
0,
0H
0[
0m
0n
#15405000000
1!
1(
1H
1[
1m
0w
#15410000000
0!
0(
0H
0[
0m
#15415000000
1!
1(
1H
1[
1m
#15420000000
0!
1%
0(
1,
0H
0[
0m
1n
#15425000000
1!
1(
1H
1[
1m
b110 t
1w
#15430000000
0!
0(
0H
0[
0m
#15435000000
1!
1(
1H
1[
1m
#15440000000
0!
0%
0(
0,
0H
0[
0m
0n
#15445000000
1!
1(
1H
1[
1m
0w
#15450000000
0!
0(
0H
0[
0m
#15455000000
1!
1(
1H
1[
1m
#15460000000
0!
1%
0(
1,
0H
0[
0m
1n
#15465000000
1!
1(
1H
1[
1m
b111 t
1w
#15470000000
0!
0(
0H
0[
0m
#15475000000
1!
1(
1H
1[
1m
#15480000000
0!
0%
0(
0,
0H
0[
0m
0n
#15485000000
1!
1(
1H
1[
1m
0w
#15490000000
0!
0(
0H
0[
0m
#15495000000
1!
1(
1H
1[
1m
#15500000000
0!
1%
0(
1,
0H
0[
0m
1n
#15505000000
1!
1(
b00101111 2
14
b00101111 5
17
1H
b00101111 W
1Z
1[
1m
b00101111 q
1s
b000 t
b00110000 v
1w
#15510000000
0!
0(
0H
0[
0m
#15515000000
1!
1(
04
07
1H
0Z
1[
1m
0s
#15520000000
0!
0%
0(
0,
0H
0[
0m
0n
#15525000000
1!
1(
1H
1[
1m
0w
#15530000000
0!
0(
0H
0[
0m
#15535000000
1!
1(
1H
1[
1m
#15540000000
0!
1%
0(
1,
0H
0[
0m
1n
#15545000000
1!
1(
1H
1[
1m
b001 t
1w
#15550000000
0!
0(
0H
0[
0m
#15555000000
1!
1(
1H
1[
1m
#15560000000
0!
0%
0(
0,
0H
0[
0m
0n
#15565000000
1!
1(
1H
1[
1m
0w
#15570000000
0!
0(
0H
0[
0m
#15575000000
1!
1(
1H
1[
1m
#15580000000
0!
1%
0(
1,
0H
0[
0m
1n
#15585000000
1!
1(
1H
1[
1m
b010 t
1w
#15590000000
0!
0(
0H
0[
0m
#15595000000
1!
1(
1H
1[
1m
#15600000000
0!
0%
0(
0,
0H
0[
0m
0n
#15605000000
1!
1(
1H
1[
1m
0w
#15610000000
0!
0(
0H
0[
0m
#15615000000
1!
1(
1H
1[
1m
#15620000000
0!
1%
0(
1,
0H
0[
0m
1n
#15625000000
1!
1(
1H
1[
1m
b011 t
1w
#15630000000
0!
0(
0H
0[
0m
#15635000000
1!
1(
1H
1[
1m
#15640000000
0!
0%
0(
0,
0H
0[
0m
0n
#15645000000
1!
1(
1H
1[
1m
0w
#15650000000
0!
0(
0H
0[
0m
#15655000000
1!
1(
1H
1[
1m
#15660000000
0!
1%
0(
1,
0H
0[
0m
1n
#15665000000
1!
1(
1H
1[
1m
b100 t
1w
#15670000000
0!
0(
0H
0[
0m
#15675000000
1!
1(
1H
1[
1m
#15680000000
0!
0%
0(
0,
0H
0[
0m
0n
#15685000000
1!
1(
1H
1[
1m
0w
#15690000000
0!
0(
0H
0[
0m
#15695000000
1!
1(
1H
1[
1m
#15700000000
0!
1%
0(
1,
0H
0[
0m
1n
#15705000000
1!
1(
1H
1[
1m
b101 t
1w
#15710000000
0!
0(
0H
0[
0m
#15715000000
1!
1(
1H
1[
1m
#15720000000
0!
0%
0(
0,
0H
0[
0m
0n
#15725000000
1!
1(
1H
1[
1m
0w
#15730000000
0!
0(
0H
0[
0m
#15735000000
1!
1(
1H
1[
1m
#15740000000
0!
1%
0(
1,
0H
0[
0m
1n
#15745000000
1!
1(
1H
1[
1m
b110 t
1w
#15750000000
0!
0(
0H
0[
0m
#15755000000
1!
1(
1H
1[
1m
#15760000000
0!
0%
0(
0,
0H
0[
0m
0n
#15765000000
1!
1(
1H
1[
1m
0w
#15770000000
0!
0(
0H
0[
0m
#15775000000
1!
1(
1H
1[
1m
#15780000000
0!
1%
0(
1,
0H
0[
0m
1n
#15785000000
1!
1(
1H
1[
1m
b111 t
1w
#15790000000
0!
0(
0H
0[
0m
#15795000000
1!
1(
1H
1[
1m
#15800000000
0!
0%
0(
0,
0H
0[
0m
0n
#15805000000
1!
1(
1H
1[
1m
0w
#15810000000
0!
0(
0H
0[
0m
#15815000000
1!
1(
1H
1[
1m
#15820000000
0!
1%
0(
1,
0H
0[
0m
1n
#15825000000
1!
1(
b00110000 2
14
b00110000 5
17
1H
b00110000 W
1Z
1[
1m
b00110000 q
1s
b000 t
b00110001 v
1w
#15830000000
0!
0(
0H
0[
0m
#15835000000
1!
1(
04
07
1H
0Z
1[
1m
0s
#15840000000
0!
0%
0(
0,
0H
0[
0m
0n
#15845000000
1!
1(
1H
1[
1m
0w
#15850000000
0!
0(
0H
0[
0m
#15855000000
1!
1(
1H
1[
1m
#15860000000
0!
1%
0(
1,
0H
0[
0m
1n
#15865000000
1!
1(
1H
1[
1m
b001 t
1w
#15870000000
0!
0(
0H
0[
0m
#15875000000
1!
1(
1H
1[
1m
#15880000000
0!
0%
0(
0,
0H
0[
0m
0n
#15885000000
1!
1(
1H
1[
1m
0w
#15890000000
0!
0(
0H
0[
0m
#15895000000
1!
1(
1H
1[
1m
#15900000000
0!
1%
0(
1,
0H
0[
0m
1n
#15905000000
1!
1(
1H
1[
1m
b010 t
1w
#15910000000
0!
0(
0H
0[
0m
#15915000000
1!
1(
1H
1[
1m
#15920000000
0!
0%
0(
0,
0H
0[
0m
0n
#15925000000
1!
1(
1H
1[
1m
0w
#15930000000
0!
0(
0H
0[
0m
#15935000000
1!
1(
1H
1[
1m
#15940000000
0!
1%
0(
1,
0H
0[
0m
1n
#15945000000
1!
1(
1H
1[
1m
b011 t
1w
#15950000000
0!
0(
0H
0[
0m
#15955000000
1!
1(
1H
1[
1m
#15960000000
0!
0%
0(
0,
0H
0[
0m
0n
#15965000000
1!
1(
1H
1[
1m
0w
#15970000000
0!
0(
0H
0[
0m
#15975000000
1!
1(
1H
1[
1m
#15980000000
0!
1%
0(
1,
0H
0[
0m
1n
#15985000000
1!
1(
1H
1[
1m
b100 t
1w
#15990000000
0!
0(
0H
0[
0m
#15995000000
1!
1(
1H
1[
1m
#16000000000
0!
0%
0(
0,
0H
0[
0m
0n
#16005000000
1!
1(
1H
1[
1m
0w
#16010000000
0!
0(
0H
0[
0m
#16015000000
1!
1(
1H
1[
1m
#16020000000
0!
1%
0(
1,
0H
0[
0m
1n
#16025000000
1!
1(
1H
1[
1m
b101 t
1w
#16030000000
0!
0(
0H
0[
0m
#16035000000
1!
1(
1H
1[
1m
#16040000000
0!
0%
0(
0,
0H
0[
0m
0n
#16045000000
1!
1(
1H
1[
1m
0w
#16050000000
0!
0(
0H
0[
0m
#16055000000
1!
1(
1H
1[
1m
#16060000000
0!
1%
0(
1,
0H
0[
0m
1n
#16065000000
1!
1(
1H
1[
1m
b110 t
1w
#16070000000
0!
0(
0H
0[
0m
#16075000000
1!
1(
1H
1[
1m
#16080000000
0!
0%
0(
0,
0H
0[
0m
0n
#16085000000
1!
1(
1H
1[
1m
0w
#16090000000
0!
0(
0H
0[
0m
#16095000000
1!
1(
1H
1[
1m
#16100000000
0!
1%
0(
1,
0H
0[
0m
1n
#16105000000
1!
1(
1H
1[
1m
b111 t
1w
#16110000000
0!
0(
0H
0[
0m
#16115000000
1!
1(
1H
1[
1m
#16120000000
0!
0%
0(
0,
0H
0[
0m
0n
#16125000000
1!
1(
1H
1[
1m
0w
#16130000000
0!
0(
0H
0[
0m
#16135000000
1!
1(
1H
1[
1m
#16140000000
0!
1%
0(
1,
0H
0[
0m
1n
#16145000000
1!
1(
b00110001 2
14
b00110001 5
17
1H
b00110001 W
1Z
1[
1m
b00110001 q
1s
b000 t
b00110010 v
1w
#16150000000
0!
0(
0H
0[
0m
#16155000000
1!
1(
04
07
1H
0Z
1[
1m
0s
#16160000000
0!
0%
0(
0,
0H
0[
0m
0n
#16165000000
1!
1(
1H
1[
1m
0w
#16170000000
0!
0(
0H
0[
0m
#16175000000
1!
1(
1H
1[
1m
#16180000000
0!
1%
0(
1,
0H
0[
0m
1n
#16185000000
1!
1(
1H
1[
1m
b001 t
1w
#16190000000
0!
0(
0H
0[
0m
#16195000000
1!
1(
1H
1[
1m
#16200000000
0!
0%
0(
0,
0H
0[
0m
0n
#16205000000
1!
1(
1H
1[
1m
0w
#16210000000
0!
0(
0H
0[
0m
#16215000000
1!
1(
1H
1[
1m
#16220000000
0!
1%
0(
1,
0H
0[
0m
1n
#16225000000
1!
1(
1H
1[
1m
b010 t
1w
#16230000000
0!
0(
0H
0[
0m
#16235000000
1!
1(
1H
1[
1m
#16240000000
0!
0%
0(
0,
0H
0[
0m
0n
#16245000000
1!
1(
1H
1[
1m
0w
#16250000000
0!
0(
0H
0[
0m
#16255000000
1!
1(
1H
1[
1m
#16260000000
0!
1%
0(
1,
0H
0[
0m
1n
#16265000000
1!
1(
1H
1[
1m
b011 t
1w
#16270000000
0!
0(
0H
0[
0m
#16275000000
1!
1(
1H
1[
1m
#16280000000
0!
0%
0(
0,
0H
0[
0m
0n
#16285000000
1!
1(
1H
1[
1m
0w
#16290000000
0!
0(
0H
0[
0m
#16295000000
1!
1(
1H
1[
1m
#16300000000
0!
1%
0(
1,
0H
0[
0m
1n
#16305000000
1!
1(
1H
1[
1m
b100 t
1w
#16310000000
0!
0(
0H
0[
0m
#16315000000
1!
1(
1H
1[
1m
#16320000000
0!
0%
0(
0,
0H
0[
0m
0n
#16325000000
1!
1(
1H
1[
1m
0w
#16330000000
0!
0(
0H
0[
0m
#16335000000
1!
1(
1H
1[
1m
#16340000000
0!
1%
0(
1,
0H
0[
0m
1n
#16345000000
1!
1(
1H
1[
1m
b101 t
1w
#16350000000
0!
0(
0H
0[
0m
#16355000000
1!
1(
1H
1[
1m
#16360000000
0!
0%
0(
0,
0H
0[
0m
0n
#16365000000
1!
1(
1H
1[
1m
0w
#16370000000
0!
0(
0H
0[
0m
#16375000000
1!
1(
1H
1[
1m
#16380000000
0!
1%
0(
1,
0H
0[
0m
1n
#16385000000
1!
1(
1H
1[
1m
b110 t
1w
#16390000000
0!
0(
0H
0[
0m
#16395000000
1!
1(
1H
1[
1m
#16400000000
0!
0%
0(
0,
0H
0[
0m
0n
#16405000000
1!
1(
1H
1[
1m
0w
#16410000000
0!
0(
0H
0[
0m
#16415000000
1!
1(
1H
1[
1m
#16420000000
0!
1%
0(
1,
0H
0[
0m
1n
#16425000000
1!
1(
1H
1[
1m
b111 t
1w
#16430000000
0!
0(
0H
0[
0m
#16435000000
1!
1(
1H
1[
1m
#16440000000
0!
0%
0(
0,
0H
0[
0m
0n
#16445000000
1!
1(
1H
1[
1m
0w
#16450000000
0!
0(
0H
0[
0m
#16455000000
1!
1(
1H
1[
1m
#16460000000
0!
1%
0(
1,
0H
0[
0m
1n
#16465000000
1!
1(
b00110010 2
14
b00110010 5
17
1H
b00110010 W
1Z
1[
1m
b00110010 q
1s
b000 t
b00110011 v
1w
#16470000000
0!
0(
0H
0[
0m
#16475000000
1!
1(
04
07
1H
0Z
1[
1m
0s
#16480000000
0!
0%
0(
0,
0H
0[
0m
0n
#16485000000
1!
1(
1H
1[
1m
0w
#16490000000
0!
0(
0H
0[
0m
#16495000000
1!
1(
1H
1[
1m
#16500000000
0!
1%
0(
1,
0H
0[
0m
1n
#16505000000
1!
1(
1H
1[
1m
b001 t
1w
#16510000000
0!
0(
0H
0[
0m
#16515000000
1!
1(
1H
1[
1m
#16520000000
0!
0%
0(
0,
0H
0[
0m
0n
#16525000000
1!
1(
1H
1[
1m
0w
#16530000000
0!
0(
0H
0[
0m
#16535000000
1!
1(
1H
1[
1m
#16540000000
0!
1%
0(
1,
0H
0[
0m
1n
#16545000000
1!
1(
1H
1[
1m
b010 t
1w
#16550000000
0!
0(
0H
0[
0m
#16555000000
1!
1(
1H
1[
1m
#16560000000
0!
0%
0(
0,
0H
0[
0m
0n
#16565000000
1!
1(
1H
1[
1m
0w
#16570000000
0!
0(
0H
0[
0m
#16575000000
1!
1(
1H
1[
1m
#16580000000
0!
1%
0(
1,
0H
0[
0m
1n
#16585000000
1!
1(
1H
1[
1m
b011 t
1w
#16590000000
0!
0(
0H
0[
0m
#16595000000
1!
1(
1H
1[
1m
#16600000000
0!
0%
0(
0,
0H
0[
0m
0n
#16605000000
1!
1(
1H
1[
1m
0w
#16610000000
0!
0(
0H
0[
0m
#16615000000
1!
1(
1H
1[
1m
#16620000000
0!
1%
0(
1,
0H
0[
0m
1n
#16625000000
1!
1(
1H
1[
1m
b100 t
1w
#16630000000
0!
0(
0H
0[
0m
#16635000000
1!
1(
1H
1[
1m
#16640000000
0!
0%
0(
0,
0H
0[
0m
0n
#16645000000
1!
1(
1H
1[
1m
0w
#16650000000
0!
0(
0H
0[
0m
#16655000000
1!
1(
1H
1[
1m
#16660000000
0!
1%
0(
1,
0H
0[
0m
1n
#16665000000
1!
1(
1H
1[
1m
b101 t
1w
#16670000000
0!
0(
0H
0[
0m
#16675000000
1!
1(
1H
1[
1m
#16680000000
0!
0%
0(
0,
0H
0[
0m
0n
#16685000000
1!
1(
1H
1[
1m
0w
#16690000000
0!
0(
0H
0[
0m
#16695000000
1!
1(
1H
1[
1m
#16700000000
0!
1%
0(
1,
0H
0[
0m
1n
#16705000000
1!
1(
1H
1[
1m
b110 t
1w
#16710000000
0!
0(
0H
0[
0m
#16715000000
1!
1(
1H
1[
1m
#16720000000
0!
0%
0(
0,
0H
0[
0m
0n
#16725000000
1!
1(
1H
1[
1m
0w
#16730000000
0!
0(
0H
0[
0m
#16735000000
1!
1(
1H
1[
1m
#16740000000
0!
1%
0(
1,
0H
0[
0m
1n
#16745000000
1!
1(
1H
1[
1m
b111 t
1w
#16750000000
0!
0(
0H
0[
0m
#16755000000
1!
1(
1H
1[
1m
#16760000000
0!
0%
0(
0,
0H
0[
0m
0n
#16765000000
1!
1(
1H
1[
1m
0w
#16770000000
0!
0(
0H
0[
0m
#16775000000
1!
1(
1H
1[
1m
#16780000000
0!
1%
0(
1,
0H
0[
0m
1n
#16785000000
1!
1(
b00110011 2
14
b00110011 5
17
1H
b00110011 W
1Z
1[
1m
b00110011 q
1s
b000 t
b00110100 v
1w
#16790000000
0!
0(
0H
0[
0m
#16795000000
1!
1(
04
07
1H
0Z
1[
1m
0s
#16800000000
0!
0%
0(
0,
0H
0[
0m
0n
#16805000000
1!
1(
1H
1[
1m
0w
#16810000000
0!
0(
0H
0[
0m
#16815000000
1!
1(
1H
1[
1m
#16820000000
0!
1%
0(
1,
0H
0[
0m
1n
#16825000000
1!
1(
1H
1[
1m
b001 t
1w
#16830000000
0!
0(
0H
0[
0m
#16835000000
1!
1(
1H
1[
1m
#16840000000
0!
0%
0(
0,
0H
0[
0m
0n
#16845000000
1!
1(
1H
1[
1m
0w
#16850000000
0!
0(
0H
0[
0m
#16855000000
1!
1(
1H
1[
1m
#16860000000
0!
1%
0(
1,
0H
0[
0m
1n
#16865000000
1!
1(
1H
1[
1m
b010 t
1w
#16870000000
0!
0(
0H
0[
0m
#16875000000
1!
1(
1H
1[
1m
#16880000000
0!
0%
0(
0,
0H
0[
0m
0n
#16885000000
1!
1(
1H
1[
1m
0w
#16890000000
0!
0(
0H
0[
0m
#16895000000
1!
1(
1H
1[
1m
#16900000000
0!
1%
0(
1,
0H
0[
0m
1n
#16905000000
1!
1(
1H
1[
1m
b011 t
1w
#16910000000
0!
0(
0H
0[
0m
#16915000000
1!
1(
1H
1[
1m
#16920000000
0!
0%
0(
0,
0H
0[
0m
0n
#16925000000
1!
1(
1H
1[
1m
0w
#16930000000
0!
0(
0H
0[
0m
#16935000000
1!
1(
1H
1[
1m
#16940000000
0!
1%
0(
1,
0H
0[
0m
1n
#16945000000
1!
1(
1H
1[
1m
b100 t
1w
#16950000000
0!
0(
0H
0[
0m
#16955000000
1!
1(
1H
1[
1m
#16960000000
0!
0%
0(
0,
0H
0[
0m
0n
#16965000000
1!
1(
1H
1[
1m
0w
#16970000000
0!
0(
0H
0[
0m
#16975000000
1!
1(
1H
1[
1m
#16980000000
0!
1%
0(
1,
0H
0[
0m
1n
#16985000000
1!
1(
1H
1[
1m
b101 t
1w
#16990000000
0!
0(
0H
0[
0m
#16995000000
1!
1(
1H
1[
1m
#17000000000
0!
0%
0(
0,
0H
0[
0m
0n
#17005000000
1!
1(
1H
1[
1m
0w
#17010000000
0!
0(
0H
0[
0m
#17015000000
1!
1(
1H
1[
1m
#17020000000
0!
1%
0(
1,
0H
0[
0m
1n
#17025000000
1!
1(
1H
1[
1m
b110 t
1w
#17030000000
0!
0(
0H
0[
0m
#17035000000
1!
1(
1H
1[
1m
#17040000000
0!
0%
0(
0,
0H
0[
0m
0n
#17045000000
1!
1(
1H
1[
1m
0w
#17050000000
0!
0(
0H
0[
0m
#17055000000
1!
1(
1H
1[
1m
#17060000000
0!
1%
0(
1,
0H
0[
0m
1n
#17065000000
1!
1(
1H
1[
1m
b111 t
1w
#17070000000
0!
0(
0H
0[
0m
#17075000000
1!
1(
1H
1[
1m
#17080000000
0!
0%
0(
0,
0H
0[
0m
0n
#17085000000
1!
1(
1H
1[
1m
0w
#17090000000
0!
0(
0H
0[
0m
#17095000000
1!
1(
1H
1[
1m
#17100000000
0!
1%
0(
1,
0H
0[
0m
1n
#17105000000
1!
1(
b00110100 2
14
b00110100 5
17
1H
b00110100 W
1Z
1[
1m
b00110100 q
1s
b000 t
b00110101 v
1w
#17110000000
0!
0(
0H
0[
0m
#17115000000
1!
1(
04
07
1H
0Z
1[
1m
0s
#17120000000
0!
0%
0(
0,
0H
0[
0m
0n
#17125000000
1!
1(
1H
1[
1m
0w
#17130000000
0!
0(
0H
0[
0m
#17135000000
1!
1(
1H
1[
1m
#17140000000
0!
1%
0(
1,
0H
0[
0m
1n
#17145000000
1!
1(
1H
1[
1m
b001 t
1w
#17150000000
0!
0(
0H
0[
0m
#17155000000
1!
1(
1H
1[
1m
#17160000000
0!
0%
0(
0,
0H
0[
0m
0n
#17165000000
1!
1(
1H
1[
1m
0w
#17170000000
0!
0(
0H
0[
0m
#17175000000
1!
1(
1H
1[
1m
#17180000000
0!
1%
0(
1,
0H
0[
0m
1n
#17185000000
1!
1(
1H
1[
1m
b010 t
1w
#17190000000
0!
0(
0H
0[
0m
#17195000000
1!
1(
1H
1[
1m
#17200000000
0!
0%
0(
0,
0H
0[
0m
0n
#17205000000
1!
1(
1H
1[
1m
0w
#17210000000
0!
0(
0H
0[
0m
#17215000000
1!
1(
1H
1[
1m
#17220000000
0!
1%
0(
1,
0H
0[
0m
1n
#17225000000
1!
1(
1H
1[
1m
b011 t
1w
#17230000000
0!
0(
0H
0[
0m
#17235000000
1!
1(
1H
1[
1m
#17240000000
0!
0%
0(
0,
0H
0[
0m
0n
#17245000000
1!
1(
1H
1[
1m
0w
#17250000000
0!
0(
0H
0[
0m
#17255000000
1!
1(
1H
1[
1m
#17260000000
0!
1%
0(
1,
0H
0[
0m
1n
#17265000000
1!
1(
1H
1[
1m
b100 t
1w
#17270000000
0!
0(
0H
0[
0m
#17275000000
1!
1(
1H
1[
1m
#17280000000
0!
0%
0(
0,
0H
0[
0m
0n
#17285000000
1!
1(
1H
1[
1m
0w
#17290000000
0!
0(
0H
0[
0m
#17295000000
1!
1(
1H
1[
1m
#17300000000
0!
1%
0(
1,
0H
0[
0m
1n
#17305000000
1!
1(
1H
1[
1m
b101 t
1w
#17310000000
0!
0(
0H
0[
0m
#17315000000
1!
1(
1H
1[
1m
#17320000000
0!
0%
0(
0,
0H
0[
0m
0n
#17325000000
1!
1(
1H
1[
1m
0w
#17330000000
0!
0(
0H
0[
0m
#17335000000
1!
1(
1H
1[
1m
#17340000000
0!
1%
0(
1,
0H
0[
0m
1n
#17345000000
1!
1(
1H
1[
1m
b110 t
1w
#17350000000
0!
0(
0H
0[
0m
#17355000000
1!
1(
1H
1[
1m
#17360000000
0!
0%
0(
0,
0H
0[
0m
0n
#17365000000
1!
1(
1H
1[
1m
0w
#17370000000
0!
0(
0H
0[
0m
#17375000000
1!
1(
1H
1[
1m
#17380000000
0!
1%
0(
1,
0H
0[
0m
1n
#17385000000
1!
1(
1H
1[
1m
b111 t
1w
#17390000000
0!
0(
0H
0[
0m
#17395000000
1!
1(
1H
1[
1m
#17400000000
0!
0%
0(
0,
0H
0[
0m
0n
#17405000000
1!
1(
1H
1[
1m
0w
#17410000000
0!
0(
0H
0[
0m
#17415000000
1!
1(
1H
1[
1m
#17420000000
0!
1%
0(
1,
0H
0[
0m
1n
#17425000000
1!
1(
b00110101 2
14
b00110101 5
17
1H
b00110101 W
1Z
1[
1m
b00110101 q
1s
b000 t
b00110110 v
1w
#17430000000
0!
0(
0H
0[
0m
#17435000000
1!
1(
04
07
1H
0Z
1[
1m
0s
#17440000000
0!
0%
0(
0,
0H
0[
0m
0n
#17445000000
1!
1(
1H
1[
1m
0w
#17450000000
0!
0(
0H
0[
0m
#17455000000
1!
1(
1H
1[
1m
#17460000000
0!
1%
0(
1,
0H
0[
0m
1n
#17465000000
1!
1(
1H
1[
1m
b001 t
1w
#17470000000
0!
0(
0H
0[
0m
#17475000000
1!
1(
1H
1[
1m
#17480000000
0!
0%
0(
0,
0H
0[
0m
0n
#17485000000
1!
1(
1H
1[
1m
0w
#17490000000
0!
0(
0H
0[
0m
#17495000000
1!
1(
1H
1[
1m
#17500000000
0!
1%
0(
1,
0H
0[
0m
1n
#17505000000
1!
1(
1H
1[
1m
b010 t
1w
#17510000000
0!
0(
0H
0[
0m
#17515000000
1!
1(
1H
1[
1m
#17520000000
0!
0%
0(
0,
0H
0[
0m
0n
#17525000000
1!
1(
1H
1[
1m
0w
#17530000000
0!
0(
0H
0[
0m
#17535000000
1!
1(
1H
1[
1m
#17540000000
0!
1%
0(
1,
0H
0[
0m
1n
#17545000000
1!
1(
1H
1[
1m
b011 t
1w
#17550000000
0!
0(
0H
0[
0m
#17555000000
1!
1(
1H
1[
1m
#17560000000
0!
0%
0(
0,
0H
0[
0m
0n
#17565000000
1!
1(
1H
1[
1m
0w
#17570000000
0!
0(
0H
0[
0m
#17575000000
1!
1(
1H
1[
1m
#17580000000
0!
1%
0(
1,
0H
0[
0m
1n
#17585000000
1!
1(
1H
1[
1m
b100 t
1w
#17590000000
0!
0(
0H
0[
0m
#17595000000
1!
1(
1H
1[
1m
#17600000000
0!
0%
0(
0,
0H
0[
0m
0n
#17605000000
1!
1(
1H
1[
1m
0w
#17610000000
0!
0(
0H
0[
0m
#17615000000
1!
1(
1H
1[
1m
#17620000000
0!
1%
0(
1,
0H
0[
0m
1n
#17625000000
1!
1(
1H
1[
1m
b101 t
1w
#17630000000
0!
0(
0H
0[
0m
#17635000000
1!
1(
1H
1[
1m
#17640000000
0!
0%
0(
0,
0H
0[
0m
0n
#17645000000
1!
1(
1H
1[
1m
0w
#17650000000
0!
0(
0H
0[
0m
#17655000000
1!
1(
1H
1[
1m
#17660000000
0!
1%
0(
1,
0H
0[
0m
1n
#17665000000
1!
1(
1H
1[
1m
b110 t
1w
#17670000000
0!
0(
0H
0[
0m
#17675000000
1!
1(
1H
1[
1m
#17680000000
0!
0%
0(
0,
0H
0[
0m
0n
#17685000000
1!
1(
1H
1[
1m
0w
#17690000000
0!
0(
0H
0[
0m
#17695000000
1!
1(
1H
1[
1m
#17700000000
0!
1%
0(
1,
0H
0[
0m
1n
#17705000000
1!
1(
1H
1[
1m
b111 t
1w
#17710000000
0!
0(
0H
0[
0m
#17715000000
1!
1(
1H
1[
1m
#17720000000
0!
0%
0(
0,
0H
0[
0m
0n
#17725000000
1!
1(
1H
1[
1m
0w
#17730000000
0!
0(
0H
0[
0m
#17735000000
1!
1(
1H
1[
1m
#17740000000
0!
1%
0(
1,
0H
0[
0m
1n
#17745000000
1!
1(
b00110110 2
14
b00110110 5
17
1H
b00110110 W
1Z
1[
1m
b00110110 q
1s
b000 t
b00110111 v
1w
#17750000000
0!
0(
0H
0[
0m
#17755000000
1!
1(
04
07
1H
0Z
1[
1m
0s
#17760000000
0!
0%
0(
0,
0H
0[
0m
0n
#17765000000
1!
1(
1H
1[
1m
0w
#17770000000
0!
0(
0H
0[
0m
#17775000000
1!
1(
1H
1[
1m
#17780000000
0!
1%
0(
1,
0H
0[
0m
1n
#17785000000
1!
1(
1H
1[
1m
b001 t
1w
#17790000000
0!
0(
0H
0[
0m
#17795000000
1!
1(
1H
1[
1m
#17800000000
0!
0%
0(
0,
0H
0[
0m
0n
#17805000000
1!
1(
1H
1[
1m
0w
#17810000000
0!
0(
0H
0[
0m
#17815000000
1!
1(
1H
1[
1m
#17820000000
0!
1%
0(
1,
0H
0[
0m
1n
#17825000000
1!
1(
1H
1[
1m
b010 t
1w
#17830000000
0!
0(
0H
0[
0m
#17835000000
1!
1(
1H
1[
1m
#17840000000
0!
0%
0(
0,
0H
0[
0m
0n
#17845000000
1!
1(
1H
1[
1m
0w
#17850000000
0!
0(
0H
0[
0m
#17855000000
1!
1(
1H
1[
1m
#17860000000
0!
1%
0(
1,
0H
0[
0m
1n
#17865000000
1!
1(
1H
1[
1m
b011 t
1w
#17870000000
0!
0(
0H
0[
0m
#17875000000
1!
1(
1H
1[
1m
#17880000000
0!
0%
0(
0,
0H
0[
0m
0n
#17885000000
1!
1(
1H
1[
1m
0w
#17890000000
0!
0(
0H
0[
0m
#17895000000
1!
1(
1H
1[
1m
#17900000000
0!
1%
0(
1,
0H
0[
0m
1n
#17905000000
1!
1(
1H
1[
1m
b100 t
1w
#17910000000
0!
0(
0H
0[
0m
#17915000000
1!
1(
1H
1[
1m
#17920000000
0!
0%
0(
0,
0H
0[
0m
0n
#17925000000
1!
1(
1H
1[
1m
0w
#17930000000
0!
0(
0H
0[
0m
#17935000000
1!
1(
1H
1[
1m
#17940000000
0!
1%
0(
1,
0H
0[
0m
1n
#17945000000
1!
1(
1H
1[
1m
b101 t
1w
#17950000000
0!
0(
0H
0[
0m
#17955000000
1!
1(
1H
1[
1m
#17960000000
0!
0%
0(
0,
0H
0[
0m
0n
#17965000000
1!
1(
1H
1[
1m
0w
#17970000000
0!
0(
0H
0[
0m
#17975000000
1!
1(
1H
1[
1m
#17980000000
0!
1%
0(
1,
0H
0[
0m
1n
#17985000000
1!
1(
1H
1[
1m
b110 t
1w
#17990000000
0!
0(
0H
0[
0m
#17995000000
1!
1(
1H
1[
1m
#18000000000
0!
0%
0(
0,
0H
0[
0m
0n
#18005000000
1!
1(
1H
1[
1m
0w
#18010000000
0!
0(
0H
0[
0m
#18015000000
1!
1(
1H
1[
1m
#18020000000
0!
1%
0(
1,
0H
0[
0m
1n
#18025000000
1!
1(
1H
1[
1m
b111 t
1w
#18030000000
0!
0(
0H
0[
0m
#18035000000
1!
1(
1H
1[
1m
#18040000000
0!
0%
0(
0,
0H
0[
0m
0n
#18045000000
1!
1(
1H
1[
1m
0w
#18050000000
0!
0(
0H
0[
0m
#18055000000
1!
1(
1H
1[
1m
#18060000000
0!
1%
0(
1,
0H
0[
0m
1n
#18065000000
1!
1(
b00110111 2
14
b00110111 5
17
1H
b00110111 W
1Z
1[
1m
b00110111 q
1s
b000 t
b00111000 v
1w
#18070000000
0!
0(
0H
0[
0m
#18075000000
1!
1(
04
07
1H
0Z
1[
1m
0s
#18080000000
0!
0%
0(
0,
0H
0[
0m
0n
#18085000000
1!
1(
1H
1[
1m
0w
#18090000000
0!
0(
0H
0[
0m
#18095000000
1!
1(
1H
1[
1m
#18100000000
0!
1%
0(
1,
0H
0[
0m
1n
#18105000000
1!
1(
1H
1[
1m
b001 t
1w
#18110000000
0!
0(
0H
0[
0m
#18115000000
1!
1(
1H
1[
1m
#18120000000
0!
0%
0(
0,
0H
0[
0m
0n
#18125000000
1!
1(
1H
1[
1m
0w
#18130000000
0!
0(
0H
0[
0m
#18135000000
1!
1(
1H
1[
1m
#18140000000
0!
1%
0(
1,
0H
0[
0m
1n
#18145000000
1!
1(
1H
1[
1m
b010 t
1w
#18150000000
0!
0(
0H
0[
0m
#18155000000
1!
1(
1H
1[
1m
#18160000000
0!
0%
0(
0,
0H
0[
0m
0n
#18165000000
1!
1(
1H
1[
1m
0w
#18170000000
0!
0(
0H
0[
0m
#18175000000
1!
1(
1H
1[
1m
#18180000000
0!
1%
0(
1,
0H
0[
0m
1n
#18185000000
1!
1(
1H
1[
1m
b011 t
1w
#18190000000
0!
0(
0H
0[
0m
#18195000000
1!
1(
1H
1[
1m
#18200000000
0!
0%
0(
0,
0H
0[
0m
0n
#18205000000
1!
1(
1H
1[
1m
0w
#18210000000
0!
0(
0H
0[
0m
#18215000000
1!
1(
1H
1[
1m
#18220000000
0!
1%
0(
1,
0H
0[
0m
1n
#18225000000
1!
1(
1H
1[
1m
b100 t
1w
#18230000000
0!
0(
0H
0[
0m
#18235000000
1!
1(
1H
1[
1m
#18240000000
0!
0%
0(
0,
0H
0[
0m
0n
#18245000000
1!
1(
1H
1[
1m
0w
#18250000000
0!
0(
0H
0[
0m
#18255000000
1!
1(
1H
1[
1m
#18260000000
0!
1%
0(
1,
0H
0[
0m
1n
#18265000000
1!
1(
1H
1[
1m
b101 t
1w
#18270000000
0!
0(
0H
0[
0m
#18275000000
1!
1(
1H
1[
1m
#18280000000
0!
0%
0(
0,
0H
0[
0m
0n
#18285000000
1!
1(
1H
1[
1m
0w
#18290000000
0!
0(
0H
0[
0m
#18295000000
1!
1(
1H
1[
1m
#18300000000
0!
1%
0(
1,
0H
0[
0m
1n
#18305000000
1!
1(
1H
1[
1m
b110 t
1w
#18310000000
0!
0(
0H
0[
0m
#18315000000
1!
1(
1H
1[
1m
#18320000000
0!
0%
0(
0,
0H
0[
0m
0n
#18325000000
1!
1(
1H
1[
1m
0w
#18330000000
0!
0(
0H
0[
0m
#18335000000
1!
1(
1H
1[
1m
#18340000000
0!
1%
0(
1,
0H
0[
0m
1n
#18345000000
1!
1(
1H
1[
1m
b111 t
1w
#18350000000
0!
0(
0H
0[
0m
#18355000000
1!
1(
1H
1[
1m
#18360000000
0!
0%
0(
0,
0H
0[
0m
0n
#18365000000
1!
1(
1H
1[
1m
0w
#18370000000
0!
0(
0H
0[
0m
#18375000000
1!
1(
1H
1[
1m
#18380000000
0!
1%
0(
1,
0H
0[
0m
1n
#18385000000
1!
1(
b00111000 2
14
b00111000 5
17
1H
b00111000 W
1Z
1[
1m
b00111000 q
1s
b000 t
b00111001 v
1w
#18390000000
0!
0(
0H
0[
0m
#18395000000
1!
1(
04
07
1H
0Z
1[
1m
0s
#18400000000
0!
0%
0(
0,
0H
0[
0m
0n
#18405000000
1!
1(
1H
1[
1m
0w
#18410000000
0!
0(
0H
0[
0m
#18415000000
1!
1(
1H
1[
1m
#18420000000
0!
1%
0(
1,
0H
0[
0m
1n
#18425000000
1!
1(
1H
1[
1m
b001 t
1w
#18430000000
0!
0(
0H
0[
0m
#18435000000
1!
1(
1H
1[
1m
#18440000000
0!
0%
0(
0,
0H
0[
0m
0n
#18445000000
1!
1(
1H
1[
1m
0w
#18450000000
0!
0(
0H
0[
0m
#18455000000
1!
1(
1H
1[
1m
#18460000000
0!
1%
0(
1,
0H
0[
0m
1n
#18465000000
1!
1(
1H
1[
1m
b010 t
1w
#18470000000
0!
0(
0H
0[
0m
#18475000000
1!
1(
1H
1[
1m
#18480000000
0!
0%
0(
0,
0H
0[
0m
0n
#18485000000
1!
1(
1H
1[
1m
0w
#18490000000
0!
0(
0H
0[
0m
#18495000000
1!
1(
1H
1[
1m
#18500000000
0!
1%
0(
1,
0H
0[
0m
1n
#18505000000
1!
1(
1H
1[
1m
b011 t
1w
#18510000000
0!
0(
0H
0[
0m
#18515000000
1!
1(
1H
1[
1m
#18520000000
0!
0%
0(
0,
0H
0[
0m
0n
#18525000000
1!
1(
1H
1[
1m
0w
#18530000000
0!
0(
0H
0[
0m
#18535000000
1!
1(
1H
1[
1m
#18540000000
0!
1%
0(
1,
0H
0[
0m
1n
#18545000000
1!
1(
1H
1[
1m
b100 t
1w
#18550000000
0!
0(
0H
0[
0m
#18555000000
1!
1(
1H
1[
1m
#18560000000
0!
0%
0(
0,
0H
0[
0m
0n
#18565000000
1!
1(
1H
1[
1m
0w
#18570000000
0!
0(
0H
0[
0m
#18575000000
1!
1(
1H
1[
1m
#18580000000
0!
1%
0(
1,
0H
0[
0m
1n
#18585000000
1!
1(
1H
1[
1m
b101 t
1w
#18590000000
0!
0(
0H
0[
0m
#18595000000
1!
1(
1H
1[
1m
#18600000000
0!
0%
0(
0,
0H
0[
0m
0n
#18605000000
1!
1(
1H
1[
1m
0w
#18610000000
0!
0(
0H
0[
0m
#18615000000
1!
1(
1H
1[
1m
#18620000000
0!
1%
0(
1,
0H
0[
0m
1n
#18625000000
1!
1(
1H
1[
1m
b110 t
1w
#18630000000
0!
0(
0H
0[
0m
#18635000000
1!
1(
1H
1[
1m
#18640000000
0!
0%
0(
0,
0H
0[
0m
0n
#18645000000
1!
1(
1H
1[
1m
0w
#18650000000
0!
0(
0H
0[
0m
#18655000000
1!
1(
1H
1[
1m
#18660000000
0!
1%
0(
1,
0H
0[
0m
1n
#18665000000
1!
1(
1H
1[
1m
b111 t
1w
#18670000000
0!
0(
0H
0[
0m
#18675000000
1!
1(
1H
1[
1m
#18680000000
0!
0%
0(
0,
0H
0[
0m
0n
#18685000000
1!
1(
1H
1[
1m
0w
#18690000000
0!
0(
0H
0[
0m
#18695000000
1!
1(
1H
1[
1m
#18700000000
0!
1%
0(
1,
0H
0[
0m
1n
#18705000000
1!
1(
b00111001 2
14
b00111001 5
17
1H
b00111001 W
1Z
1[
1m
b00111001 q
1s
b000 t
b00111010 v
1w
#18710000000
0!
0(
0H
0[
0m
#18715000000
1!
1(
04
07
1H
0Z
1[
1m
0s
#18720000000
0!
0%
0(
0,
0H
0[
0m
0n
#18725000000
1!
1(
1H
1[
1m
0w
#18730000000
0!
0(
0H
0[
0m
#18735000000
1!
1(
1H
1[
1m
#18740000000
0!
1%
0(
1,
0H
0[
0m
1n
#18745000000
1!
1(
1H
1[
1m
b001 t
1w
#18750000000
0!
0(
0H
0[
0m
#18755000000
1!
1(
1H
1[
1m
#18760000000
0!
0%
0(
0,
0H
0[
0m
0n
#18765000000
1!
1(
1H
1[
1m
0w
#18770000000
0!
0(
0H
0[
0m
#18775000000
1!
1(
1H
1[
1m
#18780000000
0!
1%
0(
1,
0H
0[
0m
1n
#18785000000
1!
1(
1H
1[
1m
b010 t
1w
#18790000000
0!
0(
0H
0[
0m
#18795000000
1!
1(
1H
1[
1m
#18800000000
0!
0%
0(
0,
0H
0[
0m
0n
#18805000000
1!
1(
1H
1[
1m
0w
#18810000000
0!
0(
0H
0[
0m
#18815000000
1!
1(
1H
1[
1m
#18820000000
0!
1%
0(
1,
0H
0[
0m
1n
#18825000000
1!
1(
1H
1[
1m
b011 t
1w
#18830000000
0!
0(
0H
0[
0m
#18835000000
1!
1(
1H
1[
1m
#18840000000
0!
0%
0(
0,
0H
0[
0m
0n
#18845000000
1!
1(
1H
1[
1m
0w
#18850000000
0!
0(
0H
0[
0m
#18855000000
1!
1(
1H
1[
1m
#18860000000
0!
1%
0(
1,
0H
0[
0m
1n
#18865000000
1!
1(
1H
1[
1m
b100 t
1w
#18870000000
0!
0(
0H
0[
0m
#18875000000
1!
1(
1H
1[
1m
#18880000000
0!
0%
0(
0,
0H
0[
0m
0n
#18885000000
1!
1(
1H
1[
1m
0w
#18890000000
0!
0(
0H
0[
0m
#18895000000
1!
1(
1H
1[
1m
#18900000000
0!
1%
0(
1,
0H
0[
0m
1n
#18905000000
1!
1(
1H
1[
1m
b101 t
1w
#18910000000
0!
0(
0H
0[
0m
#18915000000
1!
1(
1H
1[
1m
#18920000000
0!
0%
0(
0,
0H
0[
0m
0n
#18925000000
1!
1(
1H
1[
1m
0w
#18930000000
0!
0(
0H
0[
0m
#18935000000
1!
1(
1H
1[
1m
#18940000000
0!
1%
0(
1,
0H
0[
0m
1n
#18945000000
1!
1(
1H
1[
1m
b110 t
1w
#18950000000
0!
0(
0H
0[
0m
#18955000000
1!
1(
1H
1[
1m
#18960000000
0!
0%
0(
0,
0H
0[
0m
0n
#18965000000
1!
1(
1H
1[
1m
0w
#18970000000
0!
0(
0H
0[
0m
#18975000000
1!
1(
1H
1[
1m
#18980000000
0!
1%
0(
1,
0H
0[
0m
1n
#18985000000
1!
1(
1H
1[
1m
b111 t
1w
#18990000000
0!
0(
0H
0[
0m
#18995000000
1!
1(
1H
1[
1m
#19000000000
0!
0%
0(
0,
0H
0[
0m
0n
#19005000000
1!
1(
1H
1[
1m
0w
#19010000000
0!
0(
0H
0[
0m
#19015000000
1!
1(
1H
1[
1m
#19020000000
0!
1%
0(
1,
0H
0[
0m
1n
#19025000000
1!
1(
b00111010 2
14
b00111010 5
17
1H
b00111010 W
1Z
1[
1m
b00111010 q
1s
b000 t
b00111011 v
1w
#19030000000
0!
0(
0H
0[
0m
#19035000000
1!
1(
04
07
1H
0Z
1[
1m
0s
#19040000000
0!
0%
0(
0,
0H
0[
0m
0n
#19045000000
1!
1(
1H
1[
1m
0w
#19050000000
0!
0(
0H
0[
0m
#19055000000
1!
1(
1H
1[
1m
#19060000000
0!
1%
0(
1,
0H
0[
0m
1n
#19065000000
1!
1(
1H
1[
1m
b001 t
1w
#19070000000
0!
0(
0H
0[
0m
#19075000000
1!
1(
1H
1[
1m
#19080000000
0!
0%
0(
0,
0H
0[
0m
0n
#19085000000
1!
1(
1H
1[
1m
0w
#19090000000
0!
0(
0H
0[
0m
#19095000000
1!
1(
1H
1[
1m
#19100000000
0!
1%
0(
1,
0H
0[
0m
1n
#19105000000
1!
1(
1H
1[
1m
b010 t
1w
#19110000000
0!
0(
0H
0[
0m
#19115000000
1!
1(
1H
1[
1m
#19120000000
0!
0%
0(
0,
0H
0[
0m
0n
#19125000000
1!
1(
1H
1[
1m
0w
#19130000000
0!
0(
0H
0[
0m
#19135000000
1!
1(
1H
1[
1m
#19140000000
0!
1%
0(
1,
0H
0[
0m
1n
#19145000000
1!
1(
1H
1[
1m
b011 t
1w
#19150000000
0!
0(
0H
0[
0m
#19155000000
1!
1(
1H
1[
1m
#19160000000
0!
0%
0(
0,
0H
0[
0m
0n
#19165000000
1!
1(
1H
1[
1m
0w
#19170000000
0!
0(
0H
0[
0m
#19175000000
1!
1(
1H
1[
1m
#19180000000
0!
1%
0(
1,
0H
0[
0m
1n
#19185000000
1!
1(
1H
1[
1m
b100 t
1w
#19190000000
0!
0(
0H
0[
0m
#19195000000
1!
1(
1H
1[
1m
#19200000000
0!
0%
0(
0,
0H
0[
0m
0n
#19205000000
1!
1(
1H
1[
1m
0w
#19210000000
0!
0(
0H
0[
0m
#19215000000
1!
1(
1H
1[
1m
#19220000000
0!
1%
0(
1,
0H
0[
0m
1n
#19225000000
1!
1(
1H
1[
1m
b101 t
1w
#19230000000
0!
0(
0H
0[
0m
#19235000000
1!
1(
1H
1[
1m
#19240000000
0!
0%
0(
0,
0H
0[
0m
0n
#19245000000
1!
1(
1H
1[
1m
0w
#19250000000
0!
0(
0H
0[
0m
#19255000000
1!
1(
1H
1[
1m
#19260000000
0!
1%
0(
1,
0H
0[
0m
1n
#19265000000
1!
1(
1H
1[
1m
b110 t
1w
#19270000000
0!
0(
0H
0[
0m
#19275000000
1!
1(
1H
1[
1m
#19280000000
0!
0%
0(
0,
0H
0[
0m
0n
#19285000000
1!
1(
1H
1[
1m
0w
#19290000000
0!
0(
0H
0[
0m
#19295000000
1!
1(
1H
1[
1m
#19300000000
0!
1%
0(
1,
0H
0[
0m
1n
#19305000000
1!
1(
1H
1[
1m
b111 t
1w
#19310000000
0!
0(
0H
0[
0m
#19315000000
1!
1(
1H
1[
1m
#19320000000
0!
0%
0(
0,
0H
0[
0m
0n
#19325000000
1!
1(
1H
1[
1m
0w
#19330000000
0!
0(
0H
0[
0m
#19335000000
1!
1(
1H
1[
1m
#19340000000
0!
1%
0(
1,
0H
0[
0m
1n
#19345000000
1!
1(
b00111011 2
14
b00111011 5
17
1H
b00111011 W
1Z
1[
1m
b00111011 q
1s
b000 t
b00111100 v
1w
#19350000000
0!
0(
0H
0[
0m
#19355000000
1!
1(
04
07
1H
0Z
1[
1m
0s
#19360000000
0!
0%
0(
0,
0H
0[
0m
0n
#19365000000
1!
1(
1H
1[
1m
0w
#19370000000
0!
0(
0H
0[
0m
#19375000000
1!
1(
1H
1[
1m
#19380000000
0!
1%
0(
1,
0H
0[
0m
1n
#19385000000
1!
1(
1H
1[
1m
b001 t
1w
#19390000000
0!
0(
0H
0[
0m
#19395000000
1!
1(
1H
1[
1m
#19400000000
0!
0%
0(
0,
0H
0[
0m
0n
#19405000000
1!
1(
1H
1[
1m
0w
#19410000000
0!
0(
0H
0[
0m
#19415000000
1!
1(
1H
1[
1m
#19420000000
0!
1%
0(
1,
0H
0[
0m
1n
#19425000000
1!
1(
1H
1[
1m
b010 t
1w
#19430000000
0!
0(
0H
0[
0m
#19435000000
1!
1(
1H
1[
1m
#19440000000
0!
0%
0(
0,
0H
0[
0m
0n
#19445000000
1!
1(
1H
1[
1m
0w
#19450000000
0!
0(
0H
0[
0m
#19455000000
1!
1(
1H
1[
1m
#19460000000
0!
1%
0(
1,
0H
0[
0m
1n
#19465000000
1!
1(
1H
1[
1m
b011 t
1w
#19470000000
0!
0(
0H
0[
0m
#19475000000
1!
1(
1H
1[
1m
#19480000000
0!
0%
0(
0,
0H
0[
0m
0n
#19485000000
1!
1(
1H
1[
1m
0w
#19490000000
0!
0(
0H
0[
0m
#19495000000
1!
1(
1H
1[
1m
#19500000000
0!
1%
0(
1,
0H
0[
0m
1n
#19505000000
1!
1(
1H
1[
1m
b100 t
1w
#19510000000
0!
0(
0H
0[
0m
#19515000000
1!
1(
1H
1[
1m
#19520000000
0!
0%
0(
0,
0H
0[
0m
0n
#19525000000
1!
1(
1H
1[
1m
0w
#19530000000
0!
0(
0H
0[
0m
#19535000000
1!
1(
1H
1[
1m
#19540000000
0!
1%
0(
1,
0H
0[
0m
1n
#19545000000
1!
1(
1H
1[
1m
b101 t
1w
#19550000000
0!
0(
0H
0[
0m
#19555000000
1!
1(
1H
1[
1m
#19560000000
0!
0%
0(
0,
0H
0[
0m
0n
#19565000000
1!
1(
1H
1[
1m
0w
#19570000000
0!
0(
0H
0[
0m
#19575000000
1!
1(
1H
1[
1m
#19580000000
0!
1%
0(
1,
0H
0[
0m
1n
#19585000000
1!
1(
1H
1[
1m
b110 t
1w
#19590000000
0!
0(
0H
0[
0m
#19595000000
1!
1(
1H
1[
1m
#19600000000
0!
0%
0(
0,
0H
0[
0m
0n
#19605000000
1!
1(
1H
1[
1m
0w
#19610000000
0!
0(
0H
0[
0m
#19615000000
1!
1(
1H
1[
1m
#19620000000
0!
1%
0(
1,
0H
0[
0m
1n
#19625000000
1!
1(
1H
1[
1m
b111 t
1w
#19630000000
0!
0(
0H
0[
0m
#19635000000
1!
1(
1H
1[
1m
#19640000000
0!
0%
0(
0,
0H
0[
0m
0n
#19645000000
1!
1(
1H
1[
1m
0w
#19650000000
0!
0(
0H
0[
0m
#19655000000
1!
1(
1H
1[
1m
#19660000000
0!
1%
0(
1,
0H
0[
0m
1n
#19665000000
1!
1(
b00111100 2
14
b00111100 5
17
1H
b00111100 W
1Z
1[
1m
b00111100 q
1s
b000 t
b00111101 v
1w
#19670000000
0!
0(
0H
0[
0m
#19675000000
1!
1(
04
07
1H
0Z
1[
1m
0s
#19680000000
0!
0%
0(
0,
0H
0[
0m
0n
#19685000000
1!
1(
1H
1[
1m
0w
#19690000000
0!
0(
0H
0[
0m
#19695000000
1!
1(
1H
1[
1m
#19700000000
0!
1%
0(
1,
0H
0[
0m
1n
#19705000000
1!
1(
1H
1[
1m
b001 t
1w
#19710000000
0!
0(
0H
0[
0m
#19715000000
1!
1(
1H
1[
1m
#19720000000
0!
0%
0(
0,
0H
0[
0m
0n
#19725000000
1!
1(
1H
1[
1m
0w
#19730000000
0!
0(
0H
0[
0m
#19735000000
1!
1(
1H
1[
1m
#19740000000
0!
1%
0(
1,
0H
0[
0m
1n
#19745000000
1!
1(
1H
1[
1m
b010 t
1w
#19750000000
0!
0(
0H
0[
0m
#19755000000
1!
1(
1H
1[
1m
#19760000000
0!
0%
0(
0,
0H
0[
0m
0n
#19765000000
1!
1(
1H
1[
1m
0w
#19770000000
0!
0(
0H
0[
0m
#19775000000
1!
1(
1H
1[
1m
#19780000000
0!
1%
0(
1,
0H
0[
0m
1n
#19785000000
1!
1(
1H
1[
1m
b011 t
1w
#19790000000
0!
0(
0H
0[
0m
#19795000000
1!
1(
1H
1[
1m
#19800000000
0!
0%
0(
0,
0H
0[
0m
0n
#19805000000
1!
1(
1H
1[
1m
0w
#19810000000
0!
0(
0H
0[
0m
#19815000000
1!
1(
1H
1[
1m
#19820000000
0!
1%
0(
1,
0H
0[
0m
1n
#19825000000
1!
1(
1H
1[
1m
b100 t
1w
#19830000000
0!
0(
0H
0[
0m
#19835000000
1!
1(
1H
1[
1m
#19840000000
0!
0%
0(
0,
0H
0[
0m
0n
#19845000000
1!
1(
1H
1[
1m
0w
#19850000000
0!
0(
0H
0[
0m
#19855000000
1!
1(
1H
1[
1m
#19860000000
0!
1%
0(
1,
0H
0[
0m
1n
#19865000000
1!
1(
1H
1[
1m
b101 t
1w
#19870000000
0!
0(
0H
0[
0m
#19875000000
1!
1(
1H
1[
1m
#19880000000
0!
0%
0(
0,
0H
0[
0m
0n
#19885000000
1!
1(
1H
1[
1m
0w
#19890000000
0!
0(
0H
0[
0m
#19895000000
1!
1(
1H
1[
1m
#19900000000
0!
1%
0(
1,
0H
0[
0m
1n
#19905000000
1!
1(
1H
1[
1m
b110 t
1w
#19910000000
0!
0(
0H
0[
0m
#19915000000
1!
1(
1H
1[
1m
#19920000000
0!
0%
0(
0,
0H
0[
0m
0n
#19925000000
1!
1(
1H
1[
1m
0w
#19930000000
0!
0(
0H
0[
0m
#19935000000
1!
1(
1H
1[
1m
#19940000000
0!
1%
0(
1,
0H
0[
0m
1n
#19945000000
1!
1(
1H
1[
1m
b111 t
1w
#19950000000
0!
0(
0H
0[
0m
#19955000000
1!
1(
1H
1[
1m
#19960000000
0!
0%
0(
0,
0H
0[
0m
0n
#19965000000
1!
1(
1H
1[
1m
0w
#19970000000
0!
0(
0H
0[
0m
#19975000000
1!
1(
1H
1[
1m
#19980000000
0!
1%
0(
1,
0H
0[
0m
1n
#19985000000
1!
1(
b00111101 2
14
b00111101 5
17
1H
b00111101 W
1Z
1[
1m
b00111101 q
1s
b000 t
b00111110 v
1w
#19990000000
0!
0(
0H
0[
0m
#19995000000
1!
1(
04
07
1H
0Z
1[
1m
0s
#20000000000
0!
0%
0(
0,
0H
0[
0m
0n
#20005000000
1!
1(
1H
1[
1m
0w
#20010000000
0!
0(
0H
0[
0m
#20015000000
1!
1(
1H
1[
1m
#20020000000
0!
1%
0(
1,
0H
0[
0m
1n
#20025000000
1!
1(
1H
1[
1m
b001 t
1w
#20030000000
0!
0(
0H
0[
0m
#20035000000
1!
1(
1H
1[
1m
#20040000000
0!
0%
0(
0,
0H
0[
0m
0n
#20045000000
1!
1(
1H
1[
1m
0w
#20050000000
0!
0(
0H
0[
0m
#20055000000
1!
1(
1H
1[
1m
#20060000000
0!
1%
0(
1,
0H
0[
0m
1n
#20065000000
1!
1(
1H
1[
1m
b010 t
1w
#20070000000
0!
0(
0H
0[
0m
#20075000000
1!
1(
1H
1[
1m
#20080000000
0!
0%
0(
0,
0H
0[
0m
0n
#20085000000
1!
1(
1H
1[
1m
0w
#20090000000
0!
0(
0H
0[
0m
#20095000000
1!
1(
1H
1[
1m
#20100000000
0!
1%
0(
1,
0H
0[
0m
1n
#20105000000
1!
1(
1H
1[
1m
b011 t
1w
#20110000000
0!
0(
0H
0[
0m
#20115000000
1!
1(
1H
1[
1m
#20120000000
0!
0%
0(
0,
0H
0[
0m
0n
#20125000000
1!
1(
1H
1[
1m
0w
#20130000000
0!
0(
0H
0[
0m
#20135000000
1!
1(
1H
1[
1m
#20140000000
0!
1%
0(
1,
0H
0[
0m
1n
#20145000000
1!
1(
1H
1[
1m
b100 t
1w
#20150000000
0!
0(
0H
0[
0m
#20155000000
1!
1(
1H
1[
1m
#20160000000
0!
0%
0(
0,
0H
0[
0m
0n
#20165000000
1!
1(
1H
1[
1m
0w
#20170000000
0!
0(
0H
0[
0m
#20175000000
1!
1(
1H
1[
1m
#20180000000
0!
1%
0(
1,
0H
0[
0m
1n
#20185000000
1!
1(
1H
1[
1m
b101 t
1w
#20190000000
0!
0(
0H
0[
0m
#20195000000
1!
1(
1H
1[
1m
#20200000000
0!
0%
0(
0,
0H
0[
0m
0n
#20205000000
1!
1(
1H
1[
1m
0w
#20210000000
0!
0(
0H
0[
0m
#20215000000
1!
1(
1H
1[
1m
#20220000000
0!
1%
0(
1,
0H
0[
0m
1n
#20225000000
1!
1(
1H
1[
1m
b110 t
1w
#20230000000
0!
0(
0H
0[
0m
#20235000000
1!
1(
1H
1[
1m
#20240000000
0!
0%
0(
0,
0H
0[
0m
0n
#20245000000
1!
1(
1H
1[
1m
0w
#20250000000
0!
0(
0H
0[
0m
#20255000000
1!
1(
1H
1[
1m
#20260000000
0!
1%
0(
1,
0H
0[
0m
1n
#20265000000
1!
1(
1H
1[
1m
b111 t
1w
#20270000000
0!
0(
0H
0[
0m
#20275000000
1!
1(
1H
1[
1m
#20280000000
0!
0%
0(
0,
0H
0[
0m
0n
#20285000000
1!
1(
1H
1[
1m
0w
#20290000000
0!
0(
0H
0[
0m
#20295000000
1!
1(
1H
1[
1m
#20300000000
0!
1%
0(
1,
0H
0[
0m
1n
#20305000000
1!
1(
b00111110 2
14
b00111110 5
17
1H
b00111110 W
1Z
1[
1m
b00111110 q
1s
b000 t
b00111111 v
1w
#20310000000
0!
0(
0H
0[
0m
#20315000000
1!
1(
04
07
1H
0Z
1[
1m
0s
#20320000000
0!
0%
0(
0,
0H
0[
0m
0n
#20325000000
1!
1(
1H
1[
1m
0w
#20330000000
0!
0(
0H
0[
0m
#20335000000
1!
1(
1H
1[
1m
#20340000000
0!
1%
0(
1,
0H
0[
0m
1n
#20345000000
1!
1(
1H
1[
1m
b001 t
1w
#20350000000
0!
0(
0H
0[
0m
#20355000000
1!
1(
1H
1[
1m
#20360000000
0!
0%
0(
0,
0H
0[
0m
0n
#20365000000
1!
1(
1H
1[
1m
0w
#20370000000
0!
0(
0H
0[
0m
#20375000000
1!
1(
1H
1[
1m
#20380000000
0!
1%
0(
1,
0H
0[
0m
1n
#20385000000
1!
1(
1H
1[
1m
b010 t
1w
#20390000000
0!
0(
0H
0[
0m
#20395000000
1!
1(
1H
1[
1m
#20400000000
0!
0%
0(
0,
0H
0[
0m
0n
#20405000000
1!
1(
1H
1[
1m
0w
#20410000000
0!
0(
0H
0[
0m
#20415000000
1!
1(
1H
1[
1m
#20420000000
0!
1%
0(
1,
0H
0[
0m
1n
#20425000000
1!
1(
1H
1[
1m
b011 t
1w
#20430000000
0!
0(
0H
0[
0m
#20435000000
1!
1(
1H
1[
1m
#20440000000
0!
0%
0(
0,
0H
0[
0m
0n
#20445000000
1!
1(
1H
1[
1m
0w
#20450000000
0!
0(
0H
0[
0m
#20455000000
1!
1(
1H
1[
1m
#20460000000
0!
1%
0(
1,
0H
0[
0m
1n
#20465000000
1!
1(
1H
1[
1m
b100 t
1w
#20470000000
0!
0(
0H
0[
0m
#20475000000
1!
1(
1H
1[
1m
#20480000000
0!
0%
0(
0,
0H
0[
0m
0n
#20485000000
1!
1(
1H
1[
1m
0w
#20490000000
0!
0(
0H
0[
0m
#20495000000
1!
1(
1H
1[
1m
#20500000000
0!
1%
0(
1,
0H
0[
0m
1n
#20505000000
1!
1(
1H
1[
1m
b101 t
1w
#20510000000
0!
0(
0H
0[
0m
#20515000000
1!
1(
1H
1[
1m
#20520000000
0!
0%
0(
0,
0H
0[
0m
0n
#20525000000
1!
1(
1H
1[
1m
0w
#20530000000
0!
0(
0H
0[
0m
#20535000000
1!
1(
1H
1[
1m
#20540000000
0!
1%
0(
1,
0H
0[
0m
1n
#20545000000
1!
1(
1H
1[
1m
b110 t
1w
#20550000000
0!
0(
0H
0[
0m
#20555000000
1!
1(
1H
1[
1m
#20560000000
0!
0%
0(
0,
0H
0[
0m
0n
#20565000000
1!
1(
1H
1[
1m
0w
#20570000000
0!
0(
0H
0[
0m
#20575000000
1!
1(
1H
1[
1m
#20580000000
0!
1%
0(
1,
0H
0[
0m
1n
#20585000000
1!
1(
1H
1[
1m
b111 t
1w
#20590000000
0!
0(
0H
0[
0m
#20595000000
1!
1(
1H
1[
1m
#20600000000
0!
0%
0(
0,
0H
0[
0m
0n
#20605000000
1!
1(
1H
1[
1m
0w
#20610000000
0!
0(
0H
0[
0m
#20615000000
1!
1(
1H
1[
1m
#20620000000
0!
1%
0(
1,
0H
0[
0m
1n
#20625000000
1!
1(
b00111111 2
14
b00111111 5
17
1H
b00111111 W
1Z
1[
1m
b00111111 q
1s
b000 t
b01000000 v
1w
#20630000000
0!
0(
0H
0[
0m
#20635000000
1!
1(
04
07
1H
0Z
1[
1m
0s
#20640000000
0!
0%
0(
0,
0H
0[
0m
0n
#20645000000
1!
1(
1H
1[
1m
0w
#20650000000
0!
0(
0H
0[
0m
#20655000000
1!
1(
1H
1[
1m
#20660000000
0!
1%
0(
1,
0H
0[
0m
1n
#20665000000
1!
1(
1H
1[
1m
b001 t
1w
#20670000000
0!
0(
0H
0[
0m
#20675000000
1!
1(
1H
1[
1m
#20680000000
0!
0%
0(
0,
0H
0[
0m
0n
#20685000000
1!
1(
1H
1[
1m
0w
#20690000000
0!
0(
0H
0[
0m
#20695000000
1!
1(
1H
1[
1m
#20700000000
0!
1%
0(
1,
0H
0[
0m
1n
#20705000000
1!
1(
1H
1[
1m
b010 t
1w
#20710000000
0!
0(
0H
0[
0m
#20715000000
1!
1(
1H
1[
1m
#20720000000
0!
0%
0(
0,
0H
0[
0m
0n
#20725000000
1!
1(
1H
1[
1m
0w
#20730000000
0!
0(
0H
0[
0m
#20735000000
1!
1(
1H
1[
1m
#20740000000
0!
1%
0(
1,
0H
0[
0m
1n
#20745000000
1!
1(
1H
1[
1m
b011 t
1w
#20750000000
0!
0(
0H
0[
0m
#20755000000
1!
1(
1H
1[
1m
#20760000000
0!
0%
0(
0,
0H
0[
0m
0n
#20765000000
1!
1(
1H
1[
1m
0w
#20770000000
0!
0(
0H
0[
0m
#20775000000
1!
1(
1H
1[
1m
#20780000000
0!
1%
0(
1,
0H
0[
0m
1n
#20785000000
1!
1(
1H
1[
1m
b100 t
1w
#20790000000
0!
0(
0H
0[
0m
#20795000000
1!
1(
1H
1[
1m
#20800000000
0!
0%
0(
0,
0H
0[
0m
0n
#20805000000
1!
1(
1H
1[
1m
0w
#20810000000
0!
0(
0H
0[
0m
#20815000000
1!
1(
1H
1[
1m
#20820000000
0!
1%
0(
1,
0H
0[
0m
1n
#20825000000
1!
1(
1H
1[
1m
b101 t
1w
#20830000000
0!
0(
0H
0[
0m
#20835000000
1!
1(
1H
1[
1m
#20840000000
0!
0%
0(
0,
0H
0[
0m
0n
#20845000000
1!
1(
1H
1[
1m
0w
#20850000000
0!
0(
0H
0[
0m
#20855000000
1!
1(
1H
1[
1m
#20860000000
0!
1%
0(
1,
0H
0[
0m
1n
#20865000000
1!
1(
1H
1[
1m
b110 t
1w
#20870000000
0!
0(
0H
0[
0m
#20875000000
1!
1(
1H
1[
1m
#20880000000
0!
0%
0(
0,
0H
0[
0m
0n
#20885000000
1!
1(
1H
1[
1m
0w
#20890000000
0!
0(
0H
0[
0m
#20895000000
1!
1(
1H
1[
1m
#20900000000
0!
1%
0(
1,
0H
0[
0m
1n
#20905000000
1!
1(
1H
1[
1m
b111 t
1w
#20910000000
0!
0(
0H
0[
0m
#20915000000
1!
1(
1H
1[
1m
#20920000000
0!
0%
0(
0,
0H
0[
0m
0n
#20925000000
1!
1(
1H
1[
1m
0w
#20930000000
0!
0(
0H
0[
0m
#20935000000
1!
1(
1H
1[
1m
#20940000000
0!
1%
0(
1,
0H
0[
0m
1n
#20945000000
1!
1(
b01000000 2
14
b01000000 5
17
1H
b01000000 W
1Z
1[
1m
b01000000 q
1s
b000 t
b01000001 v
1w
#20950000000
0!
0(
0H
0[
0m
#20955000000
1!
1(
04
07
1H
0Z
1[
1m
0s
#20960000000
0!
0%
0(
0,
0H
0[
0m
0n
#20965000000
1!
1(
1H
1[
1m
0w
#20970000000
0!
0(
0H
0[
0m
#20975000000
1!
1(
1H
1[
1m
#20980000000
0!
1%
0(
1,
0H
0[
0m
1n
#20985000000
1!
1(
1H
1[
1m
b001 t
1w
#20990000000
0!
0(
0H
0[
0m
#20995000000
1!
1(
1H
1[
1m
#21000000000
0!
0%
0(
0,
0H
0[
0m
0n
#21005000000
1!
1(
1H
1[
1m
0w
#21010000000
0!
0(
0H
0[
0m
#21015000000
1!
1(
1H
1[
1m
#21020000000
0!
1%
0(
1,
0H
0[
0m
1n
#21025000000
1!
1(
1H
1[
1m
b010 t
1w
#21030000000
0!
0(
0H
0[
0m
#21035000000
1!
1(
1H
1[
1m
#21040000000
0!
0%
0(
0,
0H
0[
0m
0n
#21045000000
1!
1(
1H
1[
1m
0w
#21050000000
0!
0(
0H
0[
0m
#21055000000
1!
1(
1H
1[
1m
#21060000000
0!
1%
0(
1,
0H
0[
0m
1n
#21065000000
1!
1(
1H
1[
1m
b011 t
1w
#21070000000
0!
0(
0H
0[
0m
#21075000000
1!
1(
1H
1[
1m
#21080000000
0!
0%
0(
0,
0H
0[
0m
0n
#21085000000
1!
1(
1H
1[
1m
0w
#21090000000
0!
0(
0H
0[
0m
#21095000000
1!
1(
1H
1[
1m
#21100000000
0!
1%
0(
1,
0H
0[
0m
1n
#21105000000
1!
1(
1H
1[
1m
b100 t
1w
#21110000000
0!
0(
0H
0[
0m
#21115000000
1!
1(
1H
1[
1m
#21120000000
0!
0%
0(
0,
0H
0[
0m
0n
#21125000000
1!
1(
1H
1[
1m
0w
#21130000000
0!
0(
0H
0[
0m
#21135000000
1!
1(
1H
1[
1m
#21140000000
0!
1%
0(
1,
0H
0[
0m
1n
#21145000000
1!
1(
1H
1[
1m
b101 t
1w
#21150000000
0!
0(
0H
0[
0m
#21155000000
1!
1(
1H
1[
1m
#21160000000
0!
0%
0(
0,
0H
0[
0m
0n
#21165000000
1!
1(
1H
1[
1m
0w
#21170000000
0!
0(
0H
0[
0m
#21175000000
1!
1(
1H
1[
1m
#21180000000
0!
1%
0(
1,
0H
0[
0m
1n
#21185000000
1!
1(
1H
1[
1m
b110 t
1w
#21190000000
0!
0(
0H
0[
0m
#21195000000
1!
1(
1H
1[
1m
#21200000000
0!
0%
0(
0,
0H
0[
0m
0n
#21205000000
1!
1(
1H
1[
1m
0w
#21210000000
0!
0(
0H
0[
0m
#21215000000
1!
1(
1H
1[
1m
#21220000000
0!
1%
0(
1,
0H
0[
0m
1n
#21225000000
1!
1(
1H
1[
1m
b111 t
1w
#21230000000
0!
0(
0H
0[
0m
#21235000000
1!
1(
1H
1[
1m
#21240000000
0!
0%
0(
0,
0H
0[
0m
0n
#21245000000
1!
1(
1H
1[
1m
0w
#21250000000
0!
0(
0H
0[
0m
#21255000000
1!
1(
1H
1[
1m
#21260000000
0!
1%
0(
1,
0H
0[
0m
1n
#21265000000
1!
1(
b01000001 2
14
b01000001 5
17
1H
b01000001 W
1Z
1[
1m
b01000001 q
1s
b000 t
b01000010 v
1w
#21270000000
0!
0(
0H
0[
0m
#21275000000
1!
1(
04
07
1H
0Z
1[
1m
0s
#21280000000
0!
0%
0(
0,
0H
0[
0m
0n
#21285000000
1!
1(
1H
1[
1m
0w
#21290000000
0!
0(
0H
0[
0m
#21295000000
1!
1(
1H
1[
1m
#21300000000
0!
1%
0(
1,
0H
0[
0m
1n
#21305000000
1!
1(
1H
1[
1m
b001 t
1w
#21310000000
0!
0(
0H
0[
0m
#21315000000
1!
1(
1H
1[
1m
#21320000000
0!
0%
0(
0,
0H
0[
0m
0n
#21325000000
1!
1(
1H
1[
1m
0w
#21330000000
0!
0(
0H
0[
0m
#21335000000
1!
1(
1H
1[
1m
#21340000000
0!
1%
0(
1,
0H
0[
0m
1n
#21345000000
1!
1(
1H
1[
1m
b010 t
1w
#21350000000
0!
0(
0H
0[
0m
#21355000000
1!
1(
1H
1[
1m
#21360000000
0!
0%
0(
0,
0H
0[
0m
0n
#21365000000
1!
1(
1H
1[
1m
0w
#21370000000
0!
0(
0H
0[
0m
#21375000000
1!
1(
1H
1[
1m
#21380000000
0!
1%
0(
1,
0H
0[
0m
1n
#21385000000
1!
1(
1H
1[
1m
b011 t
1w
#21390000000
0!
0(
0H
0[
0m
#21395000000
1!
1(
1H
1[
1m
#21400000000
0!
0%
0(
0,
0H
0[
0m
0n
#21405000000
1!
1(
1H
1[
1m
0w
#21410000000
0!
0(
0H
0[
0m
#21415000000
1!
1(
1H
1[
1m
#21420000000
0!
1%
0(
1,
0H
0[
0m
1n
#21425000000
1!
1(
1H
1[
1m
b100 t
1w
#21430000000
0!
0(
0H
0[
0m
#21435000000
1!
1(
1H
1[
1m
#21440000000
0!
0%
0(
0,
0H
0[
0m
0n
#21445000000
1!
1(
1H
1[
1m
0w
#21450000000
0!
0(
0H
0[
0m
#21455000000
1!
1(
1H
1[
1m
#21460000000
0!
1%
0(
1,
0H
0[
0m
1n
#21465000000
1!
1(
1H
1[
1m
b101 t
1w
#21470000000
0!
0(
0H
0[
0m
#21475000000
1!
1(
1H
1[
1m
#21480000000
0!
0%
0(
0,
0H
0[
0m
0n
#21485000000
1!
1(
1H
1[
1m
0w
#21490000000
0!
0(
0H
0[
0m
#21495000000
1!
1(
1H
1[
1m
#21500000000
0!
1%
0(
1,
0H
0[
0m
1n
#21505000000
1!
1(
1H
1[
1m
b110 t
1w
#21510000000
0!
0(
0H
0[
0m
#21515000000
1!
1(
1H
1[
1m
#21520000000
0!
0%
0(
0,
0H
0[
0m
0n
#21525000000
1!
1(
1H
1[
1m
0w
#21530000000
0!
0(
0H
0[
0m
#21535000000
1!
1(
1H
1[
1m
#21540000000
0!
1%
0(
1,
0H
0[
0m
1n
#21545000000
1!
1(
1H
1[
1m
b111 t
1w
#21550000000
0!
0(
0H
0[
0m
#21555000000
1!
1(
1H
1[
1m
#21560000000
0!
0%
0(
0,
0H
0[
0m
0n
#21565000000
1!
1(
1H
1[
1m
0w
#21570000000
0!
0(
0H
0[
0m
#21575000000
1!
1(
1H
1[
1m
#21580000000
0!
1%
0(
1,
0H
0[
0m
1n
#21585000000
1!
1(
b01000010 2
14
b01000010 5
17
1H
b01000010 W
1Z
1[
1m
b01000010 q
1s
b000 t
b01000011 v
1w
#21590000000
0!
0(
0H
0[
0m
#21595000000
1!
1(
04
07
1H
0Z
1[
1m
0s
#21600000000
0!
0%
0(
0,
0H
0[
0m
0n
#21605000000
1!
1(
1H
1[
1m
0w
#21610000000
0!
0(
0H
0[
0m
#21615000000
1!
1(
1H
1[
1m
#21620000000
0!
1%
0(
1,
0H
0[
0m
1n
#21625000000
1!
1(
1H
1[
1m
b001 t
1w
#21630000000
0!
0(
0H
0[
0m
#21635000000
1!
1(
1H
1[
1m
#21640000000
0!
0%
0(
0,
0H
0[
0m
0n
#21645000000
1!
1(
1H
1[
1m
0w
#21650000000
0!
0(
0H
0[
0m
#21655000000
1!
1(
1H
1[
1m
#21660000000
0!
1%
0(
1,
0H
0[
0m
1n
#21665000000
1!
1(
1H
1[
1m
b010 t
1w
#21670000000
0!
0(
0H
0[
0m
#21675000000
1!
1(
1H
1[
1m
#21680000000
0!
0%
0(
0,
0H
0[
0m
0n
#21685000000
1!
1(
1H
1[
1m
0w
#21690000000
0!
0(
0H
0[
0m
#21695000000
1!
1(
1H
1[
1m
#21700000000
0!
1%
0(
1,
0H
0[
0m
1n
#21705000000
1!
1(
1H
1[
1m
b011 t
1w
#21710000000
0!
0(
0H
0[
0m
#21715000000
1!
1(
1H
1[
1m
#21720000000
0!
0%
0(
0,
0H
0[
0m
0n
#21725000000
1!
1(
1H
1[
1m
0w
#21730000000
0!
0(
0H
0[
0m
#21735000000
1!
1(
1H
1[
1m
#21740000000
0!
1%
0(
1,
0H
0[
0m
1n
#21745000000
1!
1(
1H
1[
1m
b100 t
1w
#21750000000
0!
0(
0H
0[
0m
#21755000000
1!
1(
1H
1[
1m
#21760000000
0!
0%
0(
0,
0H
0[
0m
0n
#21765000000
1!
1(
1H
1[
1m
0w
#21770000000
0!
0(
0H
0[
0m
#21775000000
1!
1(
1H
1[
1m
#21780000000
0!
1%
0(
1,
0H
0[
0m
1n
#21785000000
1!
1(
1H
1[
1m
b101 t
1w
#21790000000
0!
0(
0H
0[
0m
#21795000000
1!
1(
1H
1[
1m
#21800000000
0!
0%
0(
0,
0H
0[
0m
0n
#21805000000
1!
1(
1H
1[
1m
0w
#21810000000
0!
0(
0H
0[
0m
#21815000000
1!
1(
1H
1[
1m
#21820000000
0!
1%
0(
1,
0H
0[
0m
1n
#21825000000
1!
1(
1H
1[
1m
b110 t
1w
#21830000000
0!
0(
0H
0[
0m
#21835000000
1!
1(
1H
1[
1m
#21840000000
0!
0%
0(
0,
0H
0[
0m
0n
#21845000000
1!
1(
1H
1[
1m
0w
#21850000000
0!
0(
0H
0[
0m
#21855000000
1!
1(
1H
1[
1m
#21860000000
0!
1%
0(
1,
0H
0[
0m
1n
#21865000000
1!
1(
1H
1[
1m
b111 t
1w
#21870000000
0!
0(
0H
0[
0m
#21875000000
1!
1(
1H
1[
1m
#21880000000
0!
0%
0(
0,
0H
0[
0m
0n
#21885000000
1!
1(
1H
1[
1m
0w
#21890000000
0!
0(
0H
0[
0m
#21895000000
1!
1(
1H
1[
1m
#21900000000
0!
1%
0(
1,
0H
0[
0m
1n
#21905000000
1!
1(
b01000011 2
14
b01000011 5
17
1H
b01000011 W
1Z
1[
1m
b01000011 q
1s
b000 t
b01000100 v
1w
#21910000000
0!
0(
0H
0[
0m
#21915000000
1!
1(
04
07
1H
0Z
1[
1m
0s
#21920000000
0!
0%
0(
0,
0H
0[
0m
0n
#21925000000
1!
1(
1H
1[
1m
0w
#21930000000
0!
0(
0H
0[
0m
#21935000000
1!
1(
1H
1[
1m
#21940000000
0!
1%
0(
1,
0H
0[
0m
1n
#21945000000
1!
1(
1H
1[
1m
b001 t
1w
#21950000000
0!
0(
0H
0[
0m
#21955000000
1!
1(
1H
1[
1m
#21960000000
0!
0%
0(
0,
0H
0[
0m
0n
#21965000000
1!
1(
1H
1[
1m
0w
#21970000000
0!
0(
0H
0[
0m
#21975000000
1!
1(
1H
1[
1m
#21980000000
0!
1%
0(
1,
0H
0[
0m
1n
#21985000000
1!
1(
1H
1[
1m
b010 t
1w
#21990000000
0!
0(
0H
0[
0m
#21995000000
1!
1(
1H
1[
1m
#22000000000
0!
0%
0(
0,
0H
0[
0m
0n
#22005000000
1!
1(
1H
1[
1m
0w
#22010000000
0!
0(
0H
0[
0m
#22015000000
1!
1(
1H
1[
1m
#22020000000
0!
1%
0(
1,
0H
0[
0m
1n
#22025000000
1!
1(
1H
1[
1m
b011 t
1w
#22030000000
0!
0(
0H
0[
0m
#22035000000
1!
1(
1H
1[
1m
#22040000000
0!
0%
0(
0,
0H
0[
0m
0n
#22045000000
1!
1(
1H
1[
1m
0w
#22050000000
0!
0(
0H
0[
0m
#22055000000
1!
1(
1H
1[
1m
#22060000000
0!
1%
0(
1,
0H
0[
0m
1n
#22065000000
1!
1(
1H
1[
1m
b100 t
1w
#22070000000
0!
0(
0H
0[
0m
#22075000000
1!
1(
1H
1[
1m
#22080000000
0!
0%
0(
0,
0H
0[
0m
0n
#22085000000
1!
1(
1H
1[
1m
0w
#22090000000
0!
0(
0H
0[
0m
#22095000000
1!
1(
1H
1[
1m
#22100000000
0!
1%
0(
1,
0H
0[
0m
1n
#22105000000
1!
1(
1H
1[
1m
b101 t
1w
#22110000000
0!
0(
0H
0[
0m
#22115000000
1!
1(
1H
1[
1m
#22120000000
0!
0%
0(
0,
0H
0[
0m
0n
#22125000000
1!
1(
1H
1[
1m
0w
#22130000000
0!
0(
0H
0[
0m
#22135000000
1!
1(
1H
1[
1m
#22140000000
0!
1%
0(
1,
0H
0[
0m
1n
#22145000000
1!
1(
1H
1[
1m
b110 t
1w
#22150000000
0!
0(
0H
0[
0m
#22155000000
1!
1(
1H
1[
1m
#22160000000
0!
0%
0(
0,
0H
0[
0m
0n
#22165000000
1!
1(
1H
1[
1m
0w
#22170000000
0!
0(
0H
0[
0m
#22175000000
1!
1(
1H
1[
1m
#22180000000
0!
1%
0(
1,
0H
0[
0m
1n
#22185000000
1!
1(
1H
1[
1m
b111 t
1w
#22190000000
0!
0(
0H
0[
0m
#22195000000
1!
1(
1H
1[
1m
#22200000000
0!
0%
0(
0,
0H
0[
0m
0n
#22205000000
1!
1(
1H
1[
1m
0w
#22210000000
0!
0(
0H
0[
0m
#22215000000
1!
1(
1H
1[
1m
#22220000000
0!
1%
0(
1,
0H
0[
0m
1n
#22225000000
1!
1(
b01000100 2
14
b01000100 5
17
1H
b01000100 W
1Z
1[
1m
b01000100 q
1s
b000 t
b01000101 v
1w
#22230000000
0!
0(
0H
0[
0m
#22235000000
1!
1(
04
07
1H
0Z
1[
1m
0s
#22240000000
0!
0%
0(
0,
0H
0[
0m
0n
#22245000000
1!
1(
1H
1[
1m
0w
#22250000000
0!
0(
0H
0[
0m
#22255000000
1!
1(
1H
1[
1m
#22260000000
0!
1%
0(
1,
0H
0[
0m
1n
#22265000000
1!
1(
1H
1[
1m
b001 t
1w
#22270000000
0!
0(
0H
0[
0m
#22275000000
1!
1(
1H
1[
1m
#22280000000
0!
0%
0(
0,
0H
0[
0m
0n
#22285000000
1!
1(
1H
1[
1m
0w
#22290000000
0!
0(
0H
0[
0m
#22295000000
1!
1(
1H
1[
1m
#22300000000
0!
1%
0(
1,
0H
0[
0m
1n
#22305000000
1!
1(
1H
1[
1m
b010 t
1w
#22310000000
0!
0(
0H
0[
0m
#22315000000
1!
1(
1H
1[
1m
#22320000000
0!
0%
0(
0,
0H
0[
0m
0n
#22325000000
1!
1(
1H
1[
1m
0w
#22330000000
0!
0(
0H
0[
0m
#22335000000
1!
1(
1H
1[
1m
#22340000000
0!
1%
0(
1,
0H
0[
0m
1n
#22345000000
1!
1(
1H
1[
1m
b011 t
1w
#22350000000
0!
0(
0H
0[
0m
#22355000000
1!
1(
1H
1[
1m
#22360000000
0!
0%
0(
0,
0H
0[
0m
0n
#22365000000
1!
1(
1H
1[
1m
0w
#22370000000
0!
0(
0H
0[
0m
#22375000000
1!
1(
1H
1[
1m
#22380000000
0!
1%
0(
1,
0H
0[
0m
1n
#22385000000
1!
1(
1H
1[
1m
b100 t
1w
#22390000000
0!
0(
0H
0[
0m
#22395000000
1!
1(
1H
1[
1m
#22400000000
0!
0%
0(
0,
0H
0[
0m
0n
#22405000000
1!
1(
1H
1[
1m
0w
#22410000000
0!
0(
0H
0[
0m
#22415000000
1!
1(
1H
1[
1m
#22420000000
0!
1%
0(
1,
0H
0[
0m
1n
#22425000000
1!
1(
1H
1[
1m
b101 t
1w
#22430000000
0!
0(
0H
0[
0m
#22435000000
1!
1(
1H
1[
1m
#22440000000
0!
0%
0(
0,
0H
0[
0m
0n
#22445000000
1!
1(
1H
1[
1m
0w
#22450000000
0!
0(
0H
0[
0m
#22455000000
1!
1(
1H
1[
1m
#22460000000
0!
1%
0(
1,
0H
0[
0m
1n
#22465000000
1!
1(
1H
1[
1m
b110 t
1w
#22470000000
0!
0(
0H
0[
0m
#22475000000
1!
1(
1H
1[
1m
#22480000000
0!
0%
0(
0,
0H
0[
0m
0n
#22485000000
1!
1(
1H
1[
1m
0w
#22490000000
0!
0(
0H
0[
0m
#22495000000
1!
1(
1H
1[
1m
#22500000000
0!
1%
0(
1,
0H
0[
0m
1n
#22505000000
1!
1(
1H
1[
1m
b111 t
1w
#22510000000
0!
0(
0H
0[
0m
#22515000000
1!
1(
1H
1[
1m
#22520000000
0!
0%
0(
0,
0H
0[
0m
0n
#22525000000
1!
1(
1H
1[
1m
0w
#22530000000
0!
0(
0H
0[
0m
#22535000000
1!
1(
1H
1[
1m
#22540000000
0!
1%
0(
1,
0H
0[
0m
1n
#22545000000
1!
1(
b01000101 2
14
b01000101 5
17
1H
b01000101 W
1Z
1[
1m
b01000101 q
1s
b000 t
b01000110 v
1w
#22550000000
0!
0(
0H
0[
0m
#22555000000
1!
1(
04
07
1H
0Z
1[
1m
0s
#22560000000
0!
0%
0(
0,
0H
0[
0m
0n
#22565000000
1!
1(
1H
1[
1m
0w
#22570000000
0!
0(
0H
0[
0m
#22575000000
1!
1(
1H
1[
1m
#22580000000
0!
1%
0(
1,
0H
0[
0m
1n
#22585000000
1!
1(
1H
1[
1m
b001 t
1w
#22590000000
0!
0(
0H
0[
0m
#22595000000
1!
1(
1H
1[
1m
#22600000000
0!
0%
0(
0,
0H
0[
0m
0n
#22605000000
1!
1(
1H
1[
1m
0w
#22610000000
0!
0(
0H
0[
0m
#22615000000
1!
1(
1H
1[
1m
#22620000000
0!
1%
0(
1,
0H
0[
0m
1n
#22625000000
1!
1(
1H
1[
1m
b010 t
1w
#22630000000
0!
0(
0H
0[
0m
#22635000000
1!
1(
1H
1[
1m
#22640000000
0!
0%
0(
0,
0H
0[
0m
0n
#22645000000
1!
1(
1H
1[
1m
0w
#22650000000
0!
0(
0H
0[
0m
#22655000000
1!
1(
1H
1[
1m
#22660000000
0!
1%
0(
1,
0H
0[
0m
1n
#22665000000
1!
1(
1H
1[
1m
b011 t
1w
#22670000000
0!
0(
0H
0[
0m
#22675000000
1!
1(
1H
1[
1m
#22680000000
0!
0%
0(
0,
0H
0[
0m
0n
#22685000000
1!
1(
1H
1[
1m
0w
#22690000000
0!
0(
0H
0[
0m
#22695000000
1!
1(
1H
1[
1m
#22700000000
0!
1%
0(
1,
0H
0[
0m
1n
#22705000000
1!
1(
1H
1[
1m
b100 t
1w
#22710000000
0!
0(
0H
0[
0m
#22715000000
1!
1(
1H
1[
1m
#22720000000
0!
0%
0(
0,
0H
0[
0m
0n
#22725000000
1!
1(
1H
1[
1m
0w
#22730000000
0!
0(
0H
0[
0m
#22735000000
1!
1(
1H
1[
1m
#22740000000
0!
1%
0(
1,
0H
0[
0m
1n
#22745000000
1!
1(
1H
1[
1m
b101 t
1w
#22750000000
0!
0(
0H
0[
0m
#22755000000
1!
1(
1H
1[
1m
#22760000000
0!
0%
0(
0,
0H
0[
0m
0n
#22765000000
1!
1(
1H
1[
1m
0w
#22770000000
0!
0(
0H
0[
0m
#22775000000
1!
1(
1H
1[
1m
#22780000000
0!
1%
0(
1,
0H
0[
0m
1n
#22785000000
1!
1(
1H
1[
1m
b110 t
1w
#22790000000
0!
0(
0H
0[
0m
#22795000000
1!
1(
1H
1[
1m
#22800000000
0!
0%
0(
0,
0H
0[
0m
0n
#22805000000
1!
1(
1H
1[
1m
0w
#22810000000
0!
0(
0H
0[
0m
#22815000000
1!
1(
1H
1[
1m
#22820000000
0!
1%
0(
1,
0H
0[
0m
1n
#22825000000
1!
1(
1H
1[
1m
b111 t
1w
#22830000000
0!
0(
0H
0[
0m
#22835000000
1!
1(
1H
1[
1m
#22840000000
0!
0%
0(
0,
0H
0[
0m
0n
#22845000000
1!
1(
1H
1[
1m
0w
#22850000000
0!
0(
0H
0[
0m
#22855000000
1!
1(
1H
1[
1m
#22860000000
0!
1%
0(
1,
0H
0[
0m
1n
#22865000000
1!
1(
b01000110 2
14
b01000110 5
17
1H
b01000110 W
1Z
1[
1m
b01000110 q
1s
b000 t
b01000111 v
1w
#22870000000
0!
0(
0H
0[
0m
#22875000000
1!
1(
04
07
1H
0Z
1[
1m
0s
#22880000000
0!
0%
0(
0,
0H
0[
0m
0n
#22885000000
1!
1(
1H
1[
1m
0w
#22890000000
0!
0(
0H
0[
0m
#22895000000
1!
1(
1H
1[
1m
#22900000000
0!
1%
0(
1,
0H
0[
0m
1n
#22905000000
1!
1(
1H
1[
1m
b001 t
1w
#22910000000
0!
0(
0H
0[
0m
#22915000000
1!
1(
1H
1[
1m
#22920000000
0!
0%
0(
0,
0H
0[
0m
0n
#22925000000
1!
1(
1H
1[
1m
0w
#22930000000
0!
0(
0H
0[
0m
#22935000000
1!
1(
1H
1[
1m
#22940000000
0!
1%
0(
1,
0H
0[
0m
1n
#22945000000
1!
1(
1H
1[
1m
b010 t
1w
#22950000000
0!
0(
0H
0[
0m
#22955000000
1!
1(
1H
1[
1m
#22960000000
0!
0%
0(
0,
0H
0[
0m
0n
#22965000000
1!
1(
1H
1[
1m
0w
#22970000000
0!
0(
0H
0[
0m
#22975000000
1!
1(
1H
1[
1m
#22980000000
0!
1%
0(
1,
0H
0[
0m
1n
#22985000000
1!
1(
1H
1[
1m
b011 t
1w
#22990000000
0!
0(
0H
0[
0m
#22995000000
1!
1(
1H
1[
1m
#23000000000
0!
0%
0(
0,
0H
0[
0m
0n
#23005000000
1!
1(
1H
1[
1m
0w
#23010000000
0!
0(
0H
0[
0m
#23015000000
1!
1(
1H
1[
1m
#23020000000
0!
1%
0(
1,
0H
0[
0m
1n
#23025000000
1!
1(
1H
1[
1m
b100 t
1w
#23030000000
0!
0(
0H
0[
0m
#23035000000
1!
1(
1H
1[
1m
#23040000000
0!
0%
0(
0,
0H
0[
0m
0n
#23045000000
1!
1(
1H
1[
1m
0w
#23050000000
0!
0(
0H
0[
0m
#23055000000
1!
1(
1H
1[
1m
#23060000000
0!
1%
0(
1,
0H
0[
0m
1n
#23065000000
1!
1(
1H
1[
1m
b101 t
1w
#23070000000
0!
0(
0H
0[
0m
#23075000000
1!
1(
1H
1[
1m
#23080000000
0!
0%
0(
0,
0H
0[
0m
0n
#23085000000
1!
1(
1H
1[
1m
0w
#23090000000
0!
0(
0H
0[
0m
#23095000000
1!
1(
1H
1[
1m
#23100000000
0!
1%
0(
1,
0H
0[
0m
1n
#23105000000
1!
1(
1H
1[
1m
b110 t
1w
#23110000000
0!
0(
0H
0[
0m
#23115000000
1!
1(
1H
1[
1m
#23120000000
0!
0%
0(
0,
0H
0[
0m
0n
#23125000000
1!
1(
1H
1[
1m
0w
#23130000000
0!
0(
0H
0[
0m
#23135000000
1!
1(
1H
1[
1m
#23140000000
0!
1%
0(
1,
0H
0[
0m
1n
#23145000000
1!
1(
1H
1[
1m
b111 t
1w
#23150000000
0!
0(
0H
0[
0m
#23155000000
1!
1(
1H
1[
1m
#23160000000
0!
0%
0(
0,
0H
0[
0m
0n
#23165000000
1!
1(
1H
1[
1m
0w
#23170000000
0!
0(
0H
0[
0m
#23175000000
1!
1(
1H
1[
1m
#23180000000
0!
1%
0(
1,
0H
0[
0m
1n
#23185000000
1!
1(
b01000111 2
14
b01000111 5
17
1H
b01000111 W
1Z
1[
1m
b01000111 q
1s
b000 t
b01001000 v
1w
#23190000000
0!
0(
0H
0[
0m
#23195000000
1!
1(
04
07
1H
0Z
1[
1m
0s
#23200000000
0!
0%
0(
0,
0H
0[
0m
0n
#23205000000
1!
1(
1H
1[
1m
0w
#23210000000
0!
0(
0H
0[
0m
#23215000000
1!
1(
1H
1[
1m
#23220000000
0!
1%
0(
1,
0H
0[
0m
1n
#23225000000
1!
1(
1H
1[
1m
b001 t
1w
#23230000000
0!
0(
0H
0[
0m
#23235000000
1!
1(
1H
1[
1m
#23240000000
0!
0%
0(
0,
0H
0[
0m
0n
#23245000000
1!
1(
1H
1[
1m
0w
#23250000000
0!
0(
0H
0[
0m
#23255000000
1!
1(
1H
1[
1m
#23260000000
0!
1%
0(
1,
0H
0[
0m
1n
#23265000000
1!
1(
1H
1[
1m
b010 t
1w
#23270000000
0!
0(
0H
0[
0m
#23275000000
1!
1(
1H
1[
1m
#23280000000
0!
0%
0(
0,
0H
0[
0m
0n
#23285000000
1!
1(
1H
1[
1m
0w
#23290000000
0!
0(
0H
0[
0m
#23295000000
1!
1(
1H
1[
1m
#23300000000
0!
1%
0(
1,
0H
0[
0m
1n
#23305000000
1!
1(
1H
1[
1m
b011 t
1w
#23310000000
0!
0(
0H
0[
0m
#23315000000
1!
1(
1H
1[
1m
#23320000000
0!
0%
0(
0,
0H
0[
0m
0n
#23325000000
1!
1(
1H
1[
1m
0w
#23330000000
0!
0(
0H
0[
0m
#23335000000
1!
1(
1H
1[
1m
#23340000000
0!
1%
0(
1,
0H
0[
0m
1n
#23345000000
1!
1(
1H
1[
1m
b100 t
1w
#23350000000
0!
0(
0H
0[
0m
#23355000000
1!
1(
1H
1[
1m
#23360000000
0!
0%
0(
0,
0H
0[
0m
0n
#23365000000
1!
1(
1H
1[
1m
0w
#23370000000
0!
0(
0H
0[
0m
#23375000000
1!
1(
1H
1[
1m
#23380000000
0!
1%
0(
1,
0H
0[
0m
1n
#23385000000
1!
1(
1H
1[
1m
b101 t
1w
#23390000000
0!
0(
0H
0[
0m
#23395000000
1!
1(
1H
1[
1m
#23400000000
0!
0%
0(
0,
0H
0[
0m
0n
#23405000000
1!
1(
1H
1[
1m
0w
#23410000000
0!
0(
0H
0[
0m
#23415000000
1!
1(
1H
1[
1m
#23420000000
0!
1%
0(
1,
0H
0[
0m
1n
#23425000000
1!
1(
1H
1[
1m
b110 t
1w
#23430000000
0!
0(
0H
0[
0m
#23435000000
1!
1(
1H
1[
1m
#23440000000
0!
0%
0(
0,
0H
0[
0m
0n
#23445000000
1!
1(
1H
1[
1m
0w
#23450000000
0!
0(
0H
0[
0m
#23455000000
1!
1(
1H
1[
1m
#23460000000
0!
1%
0(
1,
0H
0[
0m
1n
#23465000000
1!
1(
1H
1[
1m
b111 t
1w
#23470000000
0!
0(
0H
0[
0m
#23475000000
1!
1(
1H
1[
1m
#23480000000
0!
0%
0(
0,
0H
0[
0m
0n
#23485000000
1!
1(
1H
1[
1m
0w
#23490000000
0!
0(
0H
0[
0m
#23495000000
1!
1(
1H
1[
1m
#23500000000
0!
1%
0(
1,
0H
0[
0m
1n
#23505000000
1!
1(
b01001000 2
14
b01001000 5
17
1H
b01001000 W
1Z
1[
1m
b01001000 q
1s
b000 t
b01001001 v
1w
#23510000000
0!
0(
0H
0[
0m
#23515000000
1!
1(
04
07
1H
0Z
1[
1m
0s
#23520000000
0!
0%
0(
0,
0H
0[
0m
0n
#23525000000
1!
1(
1H
1[
1m
0w
#23530000000
0!
0(
0H
0[
0m
#23535000000
1!
1(
1H
1[
1m
#23540000000
0!
1%
0(
1,
0H
0[
0m
1n
#23545000000
1!
1(
1H
1[
1m
b001 t
1w
#23550000000
0!
0(
0H
0[
0m
#23555000000
1!
1(
1H
1[
1m
#23560000000
0!
0%
0(
0,
0H
0[
0m
0n
#23565000000
1!
1(
1H
1[
1m
0w
#23570000000
0!
0(
0H
0[
0m
#23575000000
1!
1(
1H
1[
1m
#23580000000
0!
1%
0(
1,
0H
0[
0m
1n
#23585000000
1!
1(
1H
1[
1m
b010 t
1w
#23590000000
0!
0(
0H
0[
0m
#23595000000
1!
1(
1H
1[
1m
#23600000000
0!
0%
0(
0,
0H
0[
0m
0n
#23605000000
1!
1(
1H
1[
1m
0w
#23610000000
0!
0(
0H
0[
0m
#23615000000
1!
1(
1H
1[
1m
#23620000000
0!
1%
0(
1,
0H
0[
0m
1n
#23625000000
1!
1(
1H
1[
1m
b011 t
1w
#23630000000
0!
0(
0H
0[
0m
#23635000000
1!
1(
1H
1[
1m
#23640000000
0!
0%
0(
0,
0H
0[
0m
0n
#23645000000
1!
1(
1H
1[
1m
0w
#23650000000
0!
0(
0H
0[
0m
#23655000000
1!
1(
1H
1[
1m
#23660000000
0!
1%
0(
1,
0H
0[
0m
1n
#23665000000
1!
1(
1H
1[
1m
b100 t
1w
#23670000000
0!
0(
0H
0[
0m
#23675000000
1!
1(
1H
1[
1m
#23680000000
0!
0%
0(
0,
0H
0[
0m
0n
#23685000000
1!
1(
1H
1[
1m
0w
#23690000000
0!
0(
0H
0[
0m
#23695000000
1!
1(
1H
1[
1m
#23700000000
0!
1%
0(
1,
0H
0[
0m
1n
#23705000000
1!
1(
1H
1[
1m
b101 t
1w
#23710000000
0!
0(
0H
0[
0m
#23715000000
1!
1(
1H
1[
1m
#23720000000
0!
0%
0(
0,
0H
0[
0m
0n
#23725000000
1!
1(
1H
1[
1m
0w
#23730000000
0!
0(
0H
0[
0m
#23735000000
1!
1(
1H
1[
1m
#23740000000
0!
1%
0(
1,
0H
0[
0m
1n
#23745000000
1!
1(
1H
1[
1m
b110 t
1w
#23750000000
0!
0(
0H
0[
0m
#23755000000
1!
1(
1H
1[
1m
#23760000000
0!
0%
0(
0,
0H
0[
0m
0n
#23765000000
1!
1(
1H
1[
1m
0w
#23770000000
0!
0(
0H
0[
0m
#23775000000
1!
1(
1H
1[
1m
#23780000000
0!
1%
0(
1,
0H
0[
0m
1n
#23785000000
1!
1(
1H
1[
1m
b111 t
1w
#23790000000
0!
0(
0H
0[
0m
#23795000000
1!
1(
1H
1[
1m
#23800000000
0!
0%
0(
0,
0H
0[
0m
0n
#23805000000
1!
1(
1H
1[
1m
0w
#23810000000
0!
0(
0H
0[
0m
#23815000000
1!
1(
1H
1[
1m
#23820000000
0!
1%
0(
1,
0H
0[
0m
1n
#23825000000
1!
1(
b01001001 2
14
b01001001 5
17
1H
b01001001 W
1Z
1[
1m
b01001001 q
1s
b000 t
b01001010 v
1w
#23830000000
0!
0(
0H
0[
0m
#23835000000
1!
1(
04
07
1H
0Z
1[
1m
0s
#23840000000
0!
0%
0(
0,
0H
0[
0m
0n
#23845000000
1!
1(
1H
1[
1m
0w
#23850000000
0!
0(
0H
0[
0m
#23855000000
1!
1(
1H
1[
1m
#23860000000
0!
1%
0(
1,
0H
0[
0m
1n
#23865000000
1!
1(
1H
1[
1m
b001 t
1w
#23870000000
0!
0(
0H
0[
0m
#23875000000
1!
1(
1H
1[
1m
#23880000000
0!
0%
0(
0,
0H
0[
0m
0n
#23885000000
1!
1(
1H
1[
1m
0w
#23890000000
0!
0(
0H
0[
0m
#23895000000
1!
1(
1H
1[
1m
#23900000000
0!
1%
0(
1,
0H
0[
0m
1n
#23905000000
1!
1(
1H
1[
1m
b010 t
1w
#23910000000
0!
0(
0H
0[
0m
#23915000000
1!
1(
1H
1[
1m
#23920000000
0!
0%
0(
0,
0H
0[
0m
0n
#23925000000
1!
1(
1H
1[
1m
0w
#23930000000
0!
0(
0H
0[
0m
#23935000000
1!
1(
1H
1[
1m
#23940000000
0!
1%
0(
1,
0H
0[
0m
1n
#23945000000
1!
1(
1H
1[
1m
b011 t
1w
#23950000000
0!
0(
0H
0[
0m
#23955000000
1!
1(
1H
1[
1m
#23960000000
0!
0%
0(
0,
0H
0[
0m
0n
#23965000000
1!
1(
1H
1[
1m
0w
#23970000000
0!
0(
0H
0[
0m
#23975000000
1!
1(
1H
1[
1m
#23980000000
0!
1%
0(
1,
0H
0[
0m
1n
#23985000000
1!
1(
1H
1[
1m
b100 t
1w
#23990000000
0!
0(
0H
0[
0m
#23995000000
1!
1(
1H
1[
1m
#24000000000
0!
0%
0(
0,
0H
0[
0m
0n
#24005000000
1!
1(
1H
1[
1m
0w
#24010000000
0!
0(
0H
0[
0m
#24015000000
1!
1(
1H
1[
1m
#24020000000
0!
1%
0(
1,
0H
0[
0m
1n
#24025000000
1!
1(
1H
1[
1m
b101 t
1w
#24030000000
0!
0(
0H
0[
0m
#24035000000
1!
1(
1H
1[
1m
#24040000000
0!
0%
0(
0,
0H
0[
0m
0n
#24045000000
1!
1(
1H
1[
1m
0w
#24050000000
0!
0(
0H
0[
0m
#24055000000
1!
1(
1H
1[
1m
#24060000000
0!
1%
0(
1,
0H
0[
0m
1n
#24065000000
1!
1(
1H
1[
1m
b110 t
1w
#24070000000
0!
0(
0H
0[
0m
#24075000000
1!
1(
1H
1[
1m
#24080000000
0!
0%
0(
0,
0H
0[
0m
0n
#24085000000
1!
1(
1H
1[
1m
0w
#24090000000
0!
0(
0H
0[
0m
#24095000000
1!
1(
1H
1[
1m
#24100000000
0!
1%
0(
1,
0H
0[
0m
1n
#24105000000
1!
1(
1H
1[
1m
b111 t
1w
#24110000000
0!
0(
0H
0[
0m
#24115000000
1!
1(
1H
1[
1m
#24120000000
0!
0%
0(
0,
0H
0[
0m
0n
#24125000000
1!
1(
1H
1[
1m
0w
#24130000000
0!
0(
0H
0[
0m
#24135000000
1!
1(
1H
1[
1m
#24140000000
0!
1%
0(
1,
0H
0[
0m
1n
#24145000000
1!
1(
b01001010 2
14
b01001010 5
17
1H
b01001010 W
1Z
1[
1m
b01001010 q
1s
b000 t
b01001011 v
1w
#24150000000
0!
0(
0H
0[
0m
#24155000000
1!
1(
04
07
1H
0Z
1[
1m
0s
#24160000000
0!
0%
0(
0,
0H
0[
0m
0n
#24165000000
1!
1(
1H
1[
1m
0w
#24170000000
0!
0(
0H
0[
0m
#24175000000
1!
1(
1H
1[
1m
#24180000000
0!
1%
0(
1,
0H
0[
0m
1n
#24185000000
1!
1(
1H
1[
1m
b001 t
1w
#24190000000
0!
0(
0H
0[
0m
#24195000000
1!
1(
1H
1[
1m
#24200000000
0!
0%
0(
0,
0H
0[
0m
0n
#24205000000
1!
1(
1H
1[
1m
0w
#24210000000
0!
0(
0H
0[
0m
#24215000000
1!
1(
1H
1[
1m
#24220000000
0!
1%
0(
1,
0H
0[
0m
1n
#24225000000
1!
1(
1H
1[
1m
b010 t
1w
#24230000000
0!
0(
0H
0[
0m
#24235000000
1!
1(
1H
1[
1m
#24240000000
0!
0%
0(
0,
0H
0[
0m
0n
#24245000000
1!
1(
1H
1[
1m
0w
#24250000000
0!
0(
0H
0[
0m
#24255000000
1!
1(
1H
1[
1m
#24260000000
0!
1%
0(
1,
0H
0[
0m
1n
#24265000000
1!
1(
1H
1[
1m
b011 t
1w
#24270000000
0!
0(
0H
0[
0m
#24275000000
1!
1(
1H
1[
1m
#24280000000
0!
0%
0(
0,
0H
0[
0m
0n
#24285000000
1!
1(
1H
1[
1m
0w
#24290000000
0!
0(
0H
0[
0m
#24295000000
1!
1(
1H
1[
1m
#24300000000
0!
1%
0(
1,
0H
0[
0m
1n
#24305000000
1!
1(
1H
1[
1m
b100 t
1w
#24310000000
0!
0(
0H
0[
0m
#24315000000
1!
1(
1H
1[
1m
#24320000000
0!
0%
0(
0,
0H
0[
0m
0n
#24325000000
1!
1(
1H
1[
1m
0w
#24330000000
0!
0(
0H
0[
0m
#24335000000
1!
1(
1H
1[
1m
#24340000000
0!
1%
0(
1,
0H
0[
0m
1n
#24345000000
1!
1(
1H
1[
1m
b101 t
1w
#24350000000
0!
0(
0H
0[
0m
#24355000000
1!
1(
1H
1[
1m
#24360000000
0!
0%
0(
0,
0H
0[
0m
0n
#24365000000
1!
1(
1H
1[
1m
0w
#24370000000
0!
0(
0H
0[
0m
#24375000000
1!
1(
1H
1[
1m
#24380000000
0!
1%
0(
1,
0H
0[
0m
1n
#24385000000
1!
1(
1H
1[
1m
b110 t
1w
#24390000000
0!
0(
0H
0[
0m
#24395000000
1!
1(
1H
1[
1m
#24400000000
0!
0%
0(
0,
0H
0[
0m
0n
#24405000000
1!
1(
1H
1[
1m
0w
#24410000000
0!
0(
0H
0[
0m
#24415000000
1!
1(
1H
1[
1m
#24420000000
0!
1%
0(
1,
0H
0[
0m
1n
#24425000000
1!
1(
1H
1[
1m
b111 t
1w
#24430000000
0!
0(
0H
0[
0m
#24435000000
1!
1(
1H
1[
1m
#24440000000
0!
0%
0(
0,
0H
0[
0m
0n
#24445000000
1!
1(
1H
1[
1m
0w
#24450000000
0!
0(
0H
0[
0m
#24455000000
1!
1(
1H
1[
1m
#24460000000
0!
1%
0(
1,
0H
0[
0m
1n
#24465000000
1!
1(
b01001011 2
14
b01001011 5
17
1H
b01001011 W
1Z
1[
1m
b01001011 q
1s
b000 t
b01001100 v
1w
#24470000000
0!
0(
0H
0[
0m
#24475000000
1!
1(
04
07
1H
0Z
1[
1m
0s
#24480000000
0!
0%
0(
0,
0H
0[
0m
0n
#24485000000
1!
1(
1H
1[
1m
0w
#24490000000
0!
0(
0H
0[
0m
#24495000000
1!
1(
1H
1[
1m
#24500000000
0!
1%
0(
1,
0H
0[
0m
1n
#24505000000
1!
1(
1H
1[
1m
b001 t
1w
#24510000000
0!
0(
0H
0[
0m
#24515000000
1!
1(
1H
1[
1m
#24520000000
0!
0%
0(
0,
0H
0[
0m
0n
#24525000000
1!
1(
1H
1[
1m
0w
#24530000000
0!
0(
0H
0[
0m
#24535000000
1!
1(
1H
1[
1m
#24540000000
0!
1%
0(
1,
0H
0[
0m
1n
#24545000000
1!
1(
1H
1[
1m
b010 t
1w
#24550000000
0!
0(
0H
0[
0m
#24555000000
1!
1(
1H
1[
1m
#24560000000
0!
0%
0(
0,
0H
0[
0m
0n
#24565000000
1!
1(
1H
1[
1m
0w
#24570000000
0!
0(
0H
0[
0m
#24575000000
1!
1(
1H
1[
1m
#24580000000
0!
1%
0(
1,
0H
0[
0m
1n
#24585000000
1!
1(
1H
1[
1m
b011 t
1w
#24590000000
0!
0(
0H
0[
0m
#24595000000
1!
1(
1H
1[
1m
#24600000000
0!
0%
0(
0,
0H
0[
0m
0n
#24605000000
1!
1(
1H
1[
1m
0w
#24610000000
0!
0(
0H
0[
0m
#24615000000
1!
1(
1H
1[
1m
#24620000000
0!
1%
0(
1,
0H
0[
0m
1n
#24625000000
1!
1(
1H
1[
1m
b100 t
1w
#24630000000
0!
0(
0H
0[
0m
#24635000000
1!
1(
1H
1[
1m
#24640000000
0!
0%
0(
0,
0H
0[
0m
0n
#24645000000
1!
1(
1H
1[
1m
0w
#24650000000
0!
0(
0H
0[
0m
#24655000000
1!
1(
1H
1[
1m
#24660000000
0!
1%
0(
1,
0H
0[
0m
1n
#24665000000
1!
1(
1H
1[
1m
b101 t
1w
#24670000000
0!
0(
0H
0[
0m
#24675000000
1!
1(
1H
1[
1m
#24680000000
0!
0%
0(
0,
0H
0[
0m
0n
#24685000000
1!
1(
1H
1[
1m
0w
#24690000000
0!
0(
0H
0[
0m
#24695000000
1!
1(
1H
1[
1m
#24700000000
0!
1%
0(
1,
0H
0[
0m
1n
#24705000000
1!
1(
1H
1[
1m
b110 t
1w
#24710000000
0!
0(
0H
0[
0m
#24715000000
1!
1(
1H
1[
1m
#24720000000
0!
0%
0(
0,
0H
0[
0m
0n
#24725000000
1!
1(
1H
1[
1m
0w
#24730000000
0!
0(
0H
0[
0m
#24735000000
1!
1(
1H
1[
1m
#24740000000
0!
1%
0(
1,
0H
0[
0m
1n
#24745000000
1!
1(
1H
1[
1m
b111 t
1w
#24750000000
0!
0(
0H
0[
0m
#24755000000
1!
1(
1H
1[
1m
#24760000000
0!
0%
0(
0,
0H
0[
0m
0n
#24765000000
1!
1(
1H
1[
1m
0w
#24770000000
0!
0(
0H
0[
0m
#24775000000
1!
1(
1H
1[
1m
#24780000000
0!
1%
0(
1,
0H
0[
0m
1n
#24785000000
1!
1(
b01001100 2
14
b01001100 5
17
1H
b01001100 W
1Z
1[
1m
b01001100 q
1s
b000 t
b01001101 v
1w
#24790000000
0!
0(
0H
0[
0m
#24795000000
1!
1(
04
07
1H
0Z
1[
1m
0s
#24800000000
0!
0%
0(
0,
0H
0[
0m
0n
#24805000000
1!
1(
1H
1[
1m
0w
#24810000000
0!
0(
0H
0[
0m
#24815000000
1!
1(
1H
1[
1m
#24820000000
0!
1%
0(
1,
0H
0[
0m
1n
#24825000000
1!
1(
1H
1[
1m
b001 t
1w
#24830000000
0!
0(
0H
0[
0m
#24835000000
1!
1(
1H
1[
1m
#24840000000
0!
0%
0(
0,
0H
0[
0m
0n
#24845000000
1!
1(
1H
1[
1m
0w
#24850000000
0!
0(
0H
0[
0m
#24855000000
1!
1(
1H
1[
1m
#24860000000
0!
1%
0(
1,
0H
0[
0m
1n
#24865000000
1!
1(
1H
1[
1m
b010 t
1w
#24870000000
0!
0(
0H
0[
0m
#24875000000
1!
1(
1H
1[
1m
#24880000000
0!
0%
0(
0,
0H
0[
0m
0n
#24885000000
1!
1(
1H
1[
1m
0w
#24890000000
0!
0(
0H
0[
0m
#24895000000
1!
1(
1H
1[
1m
#24900000000
0!
1%
0(
1,
0H
0[
0m
1n
#24905000000
1!
1(
1H
1[
1m
b011 t
1w
#24910000000
0!
0(
0H
0[
0m
#24915000000
1!
1(
1H
1[
1m
#24920000000
0!
0%
0(
0,
0H
0[
0m
0n
#24925000000
1!
1(
1H
1[
1m
0w
#24930000000
0!
0(
0H
0[
0m
#24935000000
1!
1(
1H
1[
1m
#24940000000
0!
1%
0(
1,
0H
0[
0m
1n
#24945000000
1!
1(
1H
1[
1m
b100 t
1w
#24950000000
0!
0(
0H
0[
0m
#24955000000
1!
1(
1H
1[
1m
#24960000000
0!
0%
0(
0,
0H
0[
0m
0n
#24965000000
1!
1(
1H
1[
1m
0w
#24970000000
0!
0(
0H
0[
0m
#24975000000
1!
1(
1H
1[
1m
#24980000000
0!
1%
0(
1,
0H
0[
0m
1n
#24985000000
1!
1(
1H
1[
1m
b101 t
1w
#24990000000
0!
0(
0H
0[
0m
#24995000000
1!
1(
1H
1[
1m
#25000000000
0!
0%
0(
0,
0H
0[
0m
0n
#25005000000
1!
1(
1H
1[
1m
0w
#25010000000
0!
0(
0H
0[
0m
#25015000000
1!
1(
1H
1[
1m
#25020000000
0!
1%
0(
1,
0H
0[
0m
1n
#25025000000
1!
1(
1H
1[
1m
b110 t
1w
#25030000000
0!
0(
0H
0[
0m
#25035000000
1!
1(
1H
1[
1m
#25040000000
0!
0%
0(
0,
0H
0[
0m
0n
#25045000000
1!
1(
1H
1[
1m
0w
#25050000000
0!
0(
0H
0[
0m
#25055000000
1!
1(
1H
1[
1m
#25060000000
0!
1%
0(
1,
0H
0[
0m
1n
#25065000000
1!
1(
1H
1[
1m
b111 t
1w
#25070000000
0!
0(
0H
0[
0m
#25075000000
1!
1(
1H
1[
1m
#25080000000
0!
0%
0(
0,
0H
0[
0m
0n
#25085000000
1!
1(
1H
1[
1m
0w
#25090000000
0!
0(
0H
0[
0m
#25095000000
1!
1(
1H
1[
1m
#25100000000
0!
1%
0(
1,
0H
0[
0m
1n
#25105000000
1!
1(
b01001101 2
14
b01001101 5
17
1H
b01001101 W
1Z
1[
1m
b01001101 q
1s
b000 t
b01001110 v
1w
#25110000000
0!
0(
0H
0[
0m
#25115000000
1!
1(
04
07
1H
0Z
1[
1m
0s
#25120000000
0!
0%
0(
0,
0H
0[
0m
0n
#25125000000
1!
1(
1H
1[
1m
0w
#25130000000
0!
0(
0H
0[
0m
#25135000000
1!
1(
1H
1[
1m
#25140000000
0!
1%
0(
1,
0H
0[
0m
1n
#25145000000
1!
1(
1H
1[
1m
b001 t
1w
#25150000000
0!
0(
0H
0[
0m
#25155000000
1!
1(
1H
1[
1m
#25160000000
0!
0%
0(
0,
0H
0[
0m
0n
#25165000000
1!
1(
1H
1[
1m
0w
#25170000000
0!
0(
0H
0[
0m
#25175000000
1!
1(
1H
1[
1m
#25180000000
0!
1%
0(
1,
0H
0[
0m
1n
#25185000000
1!
1(
1H
1[
1m
b010 t
1w
#25190000000
0!
0(
0H
0[
0m
#25195000000
1!
1(
1H
1[
1m
#25200000000
0!
0%
0(
0,
0H
0[
0m
0n
#25205000000
1!
1(
1H
1[
1m
0w
#25210000000
0!
0(
0H
0[
0m
#25215000000
1!
1(
1H
1[
1m
#25220000000
0!
1%
0(
1,
0H
0[
0m
1n
#25225000000
1!
1(
1H
1[
1m
b011 t
1w
#25230000000
0!
0(
0H
0[
0m
#25235000000
1!
1(
1H
1[
1m
#25240000000
0!
0%
0(
0,
0H
0[
0m
0n
#25245000000
1!
1(
1H
1[
1m
0w
#25250000000
0!
0(
0H
0[
0m
#25255000000
1!
1(
1H
1[
1m
#25260000000
0!
1%
0(
1,
0H
0[
0m
1n
#25265000000
1!
1(
1H
1[
1m
b100 t
1w
#25270000000
0!
0(
0H
0[
0m
#25275000000
1!
1(
1H
1[
1m
#25280000000
0!
0%
0(
0,
0H
0[
0m
0n
#25285000000
1!
1(
1H
1[
1m
0w
#25290000000
0!
0(
0H
0[
0m
#25295000000
1!
1(
1H
1[
1m
#25300000000
0!
1%
0(
1,
0H
0[
0m
1n
#25305000000
1!
1(
1H
1[
1m
b101 t
1w
#25310000000
0!
0(
0H
0[
0m
#25315000000
1!
1(
1H
1[
1m
#25320000000
0!
0%
0(
0,
0H
0[
0m
0n
#25325000000
1!
1(
1H
1[
1m
0w
#25330000000
0!
0(
0H
0[
0m
#25335000000
1!
1(
1H
1[
1m
#25340000000
0!
1%
0(
1,
0H
0[
0m
1n
#25345000000
1!
1(
1H
1[
1m
b110 t
1w
#25350000000
0!
0(
0H
0[
0m
#25355000000
1!
1(
1H
1[
1m
#25360000000
0!
0%
0(
0,
0H
0[
0m
0n
#25365000000
1!
1(
1H
1[
1m
0w
#25370000000
0!
0(
0H
0[
0m
#25375000000
1!
1(
1H
1[
1m
#25380000000
0!
1%
0(
1,
0H
0[
0m
1n
#25385000000
1!
1(
1H
1[
1m
b111 t
1w
#25390000000
0!
0(
0H
0[
0m
#25395000000
1!
1(
1H
1[
1m
#25400000000
0!
0%
0(
0,
0H
0[
0m
0n
#25405000000
1!
1(
1H
1[
1m
0w
#25410000000
0!
0(
0H
0[
0m
#25415000000
1!
1(
1H
1[
1m
#25420000000
0!
1%
0(
1,
0H
0[
0m
1n
#25425000000
1!
1(
b01001110 2
14
b01001110 5
17
1H
b01001110 W
1Z
1[
1m
b01001110 q
1s
b000 t
b01001111 v
1w
#25430000000
0!
0(
0H
0[
0m
#25435000000
1!
1(
04
07
1H
0Z
1[
1m
0s
#25440000000
0!
0%
0(
0,
0H
0[
0m
0n
#25445000000
1!
1(
1H
1[
1m
0w
#25450000000
0!
0(
0H
0[
0m
#25455000000
1!
1(
1H
1[
1m
#25460000000
0!
1%
0(
1,
0H
0[
0m
1n
#25465000000
1!
1(
1H
1[
1m
b001 t
1w
#25470000000
0!
0(
0H
0[
0m
#25475000000
1!
1(
1H
1[
1m
#25480000000
0!
0%
0(
0,
0H
0[
0m
0n
#25485000000
1!
1(
1H
1[
1m
0w
#25490000000
0!
0(
0H
0[
0m
#25495000000
1!
1(
1H
1[
1m
#25500000000
0!
1%
0(
1,
0H
0[
0m
1n
#25505000000
1!
1(
1H
1[
1m
b010 t
1w
#25510000000
0!
0(
0H
0[
0m
#25515000000
1!
1(
1H
1[
1m
#25520000000
0!
0%
0(
0,
0H
0[
0m
0n
#25525000000
1!
1(
1H
1[
1m
0w
#25530000000
0!
0(
0H
0[
0m
#25535000000
1!
1(
1H
1[
1m
#25540000000
0!
1%
0(
1,
0H
0[
0m
1n
#25545000000
1!
1(
1H
1[
1m
b011 t
1w
#25550000000
0!
0(
0H
0[
0m
#25555000000
1!
1(
1H
1[
1m
#25560000000
0!
0%
0(
0,
0H
0[
0m
0n
#25565000000
1!
1(
1H
1[
1m
0w
#25570000000
0!
0(
0H
0[
0m
#25575000000
1!
1(
1H
1[
1m
#25580000000
0!
1%
0(
1,
0H
0[
0m
1n
#25585000000
1!
1(
1H
1[
1m
b100 t
1w
#25590000000
0!
0(
0H
0[
0m
#25595000000
1!
1(
1H
1[
1m
#25600000000
0!
0%
0(
0,
0H
0[
0m
0n
#25605000000
1!
1(
1H
1[
1m
0w
#25610000000
0!
0(
0H
0[
0m
#25615000000
1!
1(
1H
1[
1m
#25620000000
0!
1%
0(
1,
0H
0[
0m
1n
#25625000000
1!
1(
1H
1[
1m
b101 t
1w
#25630000000
0!
0(
0H
0[
0m
#25635000000
1!
1(
1H
1[
1m
#25640000000
0!
0%
0(
0,
0H
0[
0m
0n
#25645000000
1!
1(
1H
1[
1m
0w
#25650000000
0!
0(
0H
0[
0m
#25655000000
1!
1(
1H
1[
1m
#25660000000
0!
1%
0(
1,
0H
0[
0m
1n
#25665000000
1!
1(
1H
1[
1m
b110 t
1w
#25670000000
0!
0(
0H
0[
0m
#25675000000
1!
1(
1H
1[
1m
#25680000000
0!
0%
0(
0,
0H
0[
0m
0n
#25685000000
1!
1(
1H
1[
1m
0w
#25690000000
0!
0(
0H
0[
0m
#25695000000
1!
1(
1H
1[
1m
#25700000000
0!
1%
0(
1,
0H
0[
0m
1n
#25705000000
1!
1(
1H
1[
1m
b111 t
1w
#25710000000
0!
0(
0H
0[
0m
#25715000000
1!
1(
1H
1[
1m
#25720000000
0!
0%
0(
0,
0H
0[
0m
0n
#25725000000
1!
1(
1H
1[
1m
0w
#25730000000
0!
0(
0H
0[
0m
#25735000000
1!
1(
1H
1[
1m
#25740000000
0!
1%
0(
1,
0H
0[
0m
1n
#25745000000
1!
1(
b01001111 2
14
b01001111 5
17
1H
b01001111 W
1Z
1[
1m
b01001111 q
1s
b000 t
b01010000 v
1w
#25750000000
0!
0(
0H
0[
0m
#25755000000
1!
1(
04
07
1H
0Z
1[
1m
0s
#25760000000
0!
0%
0(
0,
0H
0[
0m
0n
#25765000000
1!
1(
1H
1[
1m
0w
#25770000000
0!
0(
0H
0[
0m
#25775000000
1!
1(
1H
1[
1m
#25780000000
0!
1%
0(
1,
0H
0[
0m
1n
#25785000000
1!
1(
1H
1[
1m
b001 t
1w
#25790000000
0!
0(
0H
0[
0m
#25795000000
1!
1(
1H
1[
1m
#25800000000
0!
0%
0(
0,
0H
0[
0m
0n
#25805000000
1!
1(
1H
1[
1m
0w
#25810000000
0!
0(
0H
0[
0m
#25815000000
1!
1(
1H
1[
1m
#25820000000
0!
1%
0(
1,
0H
0[
0m
1n
#25825000000
1!
1(
1H
1[
1m
b010 t
1w
#25830000000
0!
0(
0H
0[
0m
#25835000000
1!
1(
1H
1[
1m
#25840000000
0!
0%
0(
0,
0H
0[
0m
0n
#25845000000
1!
1(
1H
1[
1m
0w
#25850000000
0!
0(
0H
0[
0m
#25855000000
1!
1(
1H
1[
1m
#25860000000
0!
1%
0(
1,
0H
0[
0m
1n
#25865000000
1!
1(
1H
1[
1m
b011 t
1w
#25870000000
0!
0(
0H
0[
0m
#25875000000
1!
1(
1H
1[
1m
#25880000000
0!
0%
0(
0,
0H
0[
0m
0n
#25885000000
1!
1(
1H
1[
1m
0w
#25890000000
0!
0(
0H
0[
0m
#25895000000
1!
1(
1H
1[
1m
#25900000000
0!
1%
0(
1,
0H
0[
0m
1n
#25905000000
1!
1(
1H
1[
1m
b100 t
1w
#25910000000
0!
0(
0H
0[
0m
#25915000000
1!
1(
1H
1[
1m
#25920000000
0!
0%
0(
0,
0H
0[
0m
0n
#25925000000
1!
1(
1H
1[
1m
0w
#25930000000
0!
0(
0H
0[
0m
#25935000000
1!
1(
1H
1[
1m
#25940000000
0!
1%
0(
1,
0H
0[
0m
1n
#25945000000
1!
1(
1H
1[
1m
b101 t
1w
#25950000000
0!
0(
0H
0[
0m
#25955000000
1!
1(
1H
1[
1m
#25960000000
0!
0%
0(
0,
0H
0[
0m
0n
#25965000000
1!
1(
1H
1[
1m
0w
#25970000000
0!
0(
0H
0[
0m
#25975000000
1!
1(
1H
1[
1m
#25980000000
0!
1%
0(
1,
0H
0[
0m
1n
#25985000000
1!
1(
1H
1[
1m
b110 t
1w
#25990000000
0!
0(
0H
0[
0m
#25995000000
1!
1(
1H
1[
1m
#26000000000
0!
0%
0(
0,
0H
0[
0m
0n
#26005000000
1!
1(
1H
1[
1m
0w
#26010000000
0!
0(
0H
0[
0m
#26015000000
1!
1(
1H
1[
1m
#26020000000
0!
1%
0(
1,
0H
0[
0m
1n
#26025000000
1!
1(
1H
1[
1m
b111 t
1w
#26030000000
0!
0(
0H
0[
0m
#26035000000
1!
1(
1H
1[
1m
#26040000000
0!
0%
0(
0,
0H
0[
0m
0n
#26045000000
1!
1(
1H
1[
1m
0w
#26050000000
0!
0(
0H
0[
0m
#26055000000
1!
1(
1H
1[
1m
#26060000000
0!
1%
0(
1,
0H
0[
0m
1n
#26065000000
1!
1(
b01010000 2
14
b01010000 5
17
1H
b01010000 W
1Z
1[
1m
b01010000 q
1s
b000 t
b01010001 v
1w
#26070000000
0!
0(
0H
0[
0m
#26075000000
1!
1(
04
07
1H
0Z
1[
1m
0s
#26080000000
0!
0%
0(
0,
0H
0[
0m
0n
#26085000000
1!
1(
1H
1[
1m
0w
#26090000000
0!
0(
0H
0[
0m
#26095000000
1!
1(
1H
1[
1m
#26100000000
0!
1%
0(
1,
0H
0[
0m
1n
#26105000000
1!
1(
1H
1[
1m
b001 t
1w
#26110000000
0!
0(
0H
0[
0m
#26115000000
1!
1(
1H
1[
1m
#26120000000
0!
0%
0(
0,
0H
0[
0m
0n
#26125000000
1!
1(
1H
1[
1m
0w
#26130000000
0!
0(
0H
0[
0m
#26135000000
1!
1(
1H
1[
1m
#26140000000
0!
1%
0(
1,
0H
0[
0m
1n
#26145000000
1!
1(
1H
1[
1m
b010 t
1w
#26150000000
0!
0(
0H
0[
0m
#26155000000
1!
1(
1H
1[
1m
#26160000000
0!
0%
0(
0,
0H
0[
0m
0n
#26165000000
1!
1(
1H
1[
1m
0w
#26170000000
0!
0(
0H
0[
0m
#26175000000
1!
1(
1H
1[
1m
#26180000000
0!
1%
0(
1,
0H
0[
0m
1n
#26185000000
1!
1(
1H
1[
1m
b011 t
1w
#26190000000
0!
0(
0H
0[
0m
#26195000000
1!
1(
1H
1[
1m
#26200000000
0!
0%
0(
0,
0H
0[
0m
0n
#26205000000
1!
1(
1H
1[
1m
0w
#26210000000
0!
0(
0H
0[
0m
#26215000000
1!
1(
1H
1[
1m
#26220000000
0!
1%
0(
1,
0H
0[
0m
1n
#26225000000
1!
1(
1H
1[
1m
b100 t
1w
#26230000000
0!
0(
0H
0[
0m
#26235000000
1!
1(
1H
1[
1m
#26240000000
0!
0%
0(
0,
0H
0[
0m
0n
#26245000000
1!
1(
1H
1[
1m
0w
#26250000000
0!
0(
0H
0[
0m
#26255000000
1!
1(
1H
1[
1m
#26260000000
0!
1%
0(
1,
0H
0[
0m
1n
#26265000000
1!
1(
1H
1[
1m
b101 t
1w
#26270000000
0!
0(
0H
0[
0m
#26275000000
1!
1(
1H
1[
1m
#26280000000
0!
0%
0(
0,
0H
0[
0m
0n
#26285000000
1!
1(
1H
1[
1m
0w
#26290000000
0!
0(
0H
0[
0m
#26295000000
1!
1(
1H
1[
1m
#26300000000
0!
1%
0(
1,
0H
0[
0m
1n
#26305000000
1!
1(
1H
1[
1m
b110 t
1w
#26310000000
0!
0(
0H
0[
0m
#26315000000
1!
1(
1H
1[
1m
#26320000000
0!
0%
0(
0,
0H
0[
0m
0n
#26325000000
1!
1(
1H
1[
1m
0w
#26330000000
0!
0(
0H
0[
0m
#26335000000
1!
1(
1H
1[
1m
#26340000000
0!
1%
0(
1,
0H
0[
0m
1n
#26345000000
1!
1(
1H
1[
1m
b111 t
1w
#26350000000
0!
0(
0H
0[
0m
#26355000000
1!
1(
1H
1[
1m
#26360000000
0!
0%
0(
0,
0H
0[
0m
0n
#26365000000
1!
1(
1H
1[
1m
0w
#26370000000
0!
0(
0H
0[
0m
#26375000000
1!
1(
1H
1[
1m
#26380000000
0!
1%
0(
1,
0H
0[
0m
1n
#26385000000
1!
1(
b01010001 2
14
b01010001 5
17
1H
b01010001 W
1Z
1[
1m
b01010001 q
1s
b000 t
b01010010 v
1w
#26390000000
0!
0(
0H
0[
0m
#26395000000
1!
1(
04
07
1H
0Z
1[
1m
0s
#26400000000
0!
0%
0(
0,
0H
0[
0m
0n
#26405000000
1!
1(
1H
1[
1m
0w
#26410000000
0!
0(
0H
0[
0m
#26415000000
1!
1(
1H
1[
1m
#26420000000
0!
1%
0(
1,
0H
0[
0m
1n
#26425000000
1!
1(
1H
1[
1m
b001 t
1w
#26430000000
0!
0(
0H
0[
0m
#26435000000
1!
1(
1H
1[
1m
#26440000000
0!
0%
0(
0,
0H
0[
0m
0n
#26445000000
1!
1(
1H
1[
1m
0w
#26450000000
0!
0(
0H
0[
0m
#26455000000
1!
1(
1H
1[
1m
#26460000000
0!
1%
0(
1,
0H
0[
0m
1n
#26465000000
1!
1(
1H
1[
1m
b010 t
1w
#26470000000
0!
0(
0H
0[
0m
#26475000000
1!
1(
1H
1[
1m
#26480000000
0!
0%
0(
0,
0H
0[
0m
0n
#26485000000
1!
1(
1H
1[
1m
0w
#26490000000
0!
0(
0H
0[
0m
#26495000000
1!
1(
1H
1[
1m
#26500000000
0!
1%
0(
1,
0H
0[
0m
1n
#26505000000
1!
1(
1H
1[
1m
b011 t
1w
#26510000000
0!
0(
0H
0[
0m
#26515000000
1!
1(
1H
1[
1m
#26520000000
0!
0%
0(
0,
0H
0[
0m
0n
#26525000000
1!
1(
1H
1[
1m
0w
#26530000000
0!
0(
0H
0[
0m
#26535000000
1!
1(
1H
1[
1m
#26540000000
0!
1%
0(
1,
0H
0[
0m
1n
#26545000000
1!
1(
1H
1[
1m
b100 t
1w
#26550000000
0!
0(
0H
0[
0m
#26555000000
1!
1(
1H
1[
1m
#26560000000
0!
0%
0(
0,
0H
0[
0m
0n
#26565000000
1!
1(
1H
1[
1m
0w
#26570000000
0!
0(
0H
0[
0m
#26575000000
1!
1(
1H
1[
1m
#26580000000
0!
1%
0(
1,
0H
0[
0m
1n
#26585000000
1!
1(
1H
1[
1m
b101 t
1w
#26590000000
0!
0(
0H
0[
0m
#26595000000
1!
1(
1H
1[
1m
#26600000000
0!
0%
0(
0,
0H
0[
0m
0n
#26605000000
1!
1(
1H
1[
1m
0w
#26610000000
0!
0(
0H
0[
0m
#26615000000
1!
1(
1H
1[
1m
#26620000000
0!
1%
0(
1,
0H
0[
0m
1n
#26625000000
1!
1(
1H
1[
1m
b110 t
1w
#26630000000
0!
0(
0H
0[
0m
#26635000000
1!
1(
1H
1[
1m
#26640000000
0!
0%
0(
0,
0H
0[
0m
0n
#26645000000
1!
1(
1H
1[
1m
0w
#26650000000
0!
0(
0H
0[
0m
#26655000000
1!
1(
1H
1[
1m
#26660000000
0!
1%
0(
1,
0H
0[
0m
1n
#26665000000
1!
1(
1H
1[
1m
b111 t
1w
#26670000000
0!
0(
0H
0[
0m
#26675000000
1!
1(
1H
1[
1m
#26680000000
0!
0%
0(
0,
0H
0[
0m
0n
#26685000000
1!
1(
1H
1[
1m
0w
#26690000000
0!
0(
0H
0[
0m
#26695000000
1!
1(
1H
1[
1m
#26700000000
0!
1%
0(
1,
0H
0[
0m
1n
#26705000000
1!
1(
b01010010 2
14
b01010010 5
17
1H
b01010010 W
1Z
1[
1m
b01010010 q
1s
b000 t
b01010011 v
1w
#26710000000
0!
0(
0H
0[
0m
#26715000000
1!
1(
04
07
1H
0Z
1[
1m
0s
#26720000000
0!
0%
0(
0,
0H
0[
0m
0n
#26725000000
1!
1(
1H
1[
1m
0w
#26730000000
0!
0(
0H
0[
0m
#26735000000
1!
1(
1H
1[
1m
#26740000000
0!
1%
0(
1,
0H
0[
0m
1n
#26745000000
1!
1(
1H
1[
1m
b001 t
1w
#26750000000
0!
0(
0H
0[
0m
#26755000000
1!
1(
1H
1[
1m
#26760000000
0!
0%
0(
0,
0H
0[
0m
0n
#26765000000
1!
1(
1H
1[
1m
0w
#26770000000
0!
0(
0H
0[
0m
#26775000000
1!
1(
1H
1[
1m
#26780000000
0!
1%
0(
1,
0H
0[
0m
1n
#26785000000
1!
1(
1H
1[
1m
b010 t
1w
#26790000000
0!
0(
0H
0[
0m
#26795000000
1!
1(
1H
1[
1m
#26800000000
0!
0%
0(
0,
0H
0[
0m
0n
#26805000000
1!
1(
1H
1[
1m
0w
#26810000000
0!
0(
0H
0[
0m
#26815000000
1!
1(
1H
1[
1m
#26820000000
0!
1%
0(
1,
0H
0[
0m
1n
#26825000000
1!
1(
1H
1[
1m
b011 t
1w
#26830000000
0!
0(
0H
0[
0m
#26835000000
1!
1(
1H
1[
1m
#26840000000
0!
0%
0(
0,
0H
0[
0m
0n
#26845000000
1!
1(
1H
1[
1m
0w
#26850000000
0!
0(
0H
0[
0m
#26855000000
1!
1(
1H
1[
1m
#26860000000
0!
1%
0(
1,
0H
0[
0m
1n
#26865000000
1!
1(
1H
1[
1m
b100 t
1w
#26870000000
0!
0(
0H
0[
0m
#26875000000
1!
1(
1H
1[
1m
#26880000000
0!
0%
0(
0,
0H
0[
0m
0n
#26885000000
1!
1(
1H
1[
1m
0w
#26890000000
0!
0(
0H
0[
0m
#26895000000
1!
1(
1H
1[
1m
#26900000000
0!
1%
0(
1,
0H
0[
0m
1n
#26905000000
1!
1(
1H
1[
1m
b101 t
1w
#26910000000
0!
0(
0H
0[
0m
#26915000000
1!
1(
1H
1[
1m
#26920000000
0!
0%
0(
0,
0H
0[
0m
0n
#26925000000
1!
1(
1H
1[
1m
0w
#26930000000
0!
0(
0H
0[
0m
#26935000000
1!
1(
1H
1[
1m
#26940000000
0!
1%
0(
1,
0H
0[
0m
1n
#26945000000
1!
1(
1H
1[
1m
b110 t
1w
#26950000000
0!
0(
0H
0[
0m
#26955000000
1!
1(
1H
1[
1m
#26960000000
0!
0%
0(
0,
0H
0[
0m
0n
#26965000000
1!
1(
1H
1[
1m
0w
#26970000000
0!
0(
0H
0[
0m
#26975000000
1!
1(
1H
1[
1m
#26980000000
0!
1%
0(
1,
0H
0[
0m
1n
#26985000000
1!
1(
1H
1[
1m
b111 t
1w
#26990000000
0!
0(
0H
0[
0m
#26995000000
1!
1(
1H
1[
1m
#27000000000
0!
0%
0(
0,
0H
0[
0m
0n
#27005000000
1!
1(
1H
1[
1m
0w
#27010000000
0!
0(
0H
0[
0m
#27015000000
1!
1(
1H
1[
1m
#27020000000
0!
1%
0(
1,
0H
0[
0m
1n
#27025000000
1!
1(
b01010011 2
14
b01010011 5
17
1H
b01010011 W
1Z
1[
1m
b01010011 q
1s
b000 t
b01010100 v
1w
#27030000000
0!
0(
0H
0[
0m
#27035000000
1!
1(
04
07
1H
0Z
1[
1m
0s
#27040000000
0!
0%
0(
0,
0H
0[
0m
0n
#27045000000
1!
1(
1H
1[
1m
0w
#27050000000
0!
0(
0H
0[
0m
#27055000000
1!
1(
1H
1[
1m
#27060000000
0!
1%
0(
1,
0H
0[
0m
1n
#27065000000
1!
1(
1H
1[
1m
b001 t
1w
#27070000000
0!
0(
0H
0[
0m
#27075000000
1!
1(
1H
1[
1m
#27080000000
0!
0%
0(
0,
0H
0[
0m
0n
#27085000000
1!
1(
1H
1[
1m
0w
#27090000000
0!
0(
0H
0[
0m
#27095000000
1!
1(
1H
1[
1m
#27100000000
0!
1%
0(
1,
0H
0[
0m
1n
#27105000000
1!
1(
1H
1[
1m
b010 t
1w
#27110000000
0!
0(
0H
0[
0m
#27115000000
1!
1(
1H
1[
1m
#27120000000
0!
0%
0(
0,
0H
0[
0m
0n
#27125000000
1!
1(
1H
1[
1m
0w
#27130000000
0!
0(
0H
0[
0m
#27135000000
1!
1(
1H
1[
1m
#27140000000
0!
1%
0(
1,
0H
0[
0m
1n
#27145000000
1!
1(
1H
1[
1m
b011 t
1w
#27150000000
0!
0(
0H
0[
0m
#27155000000
1!
1(
1H
1[
1m
#27160000000
0!
0%
0(
0,
0H
0[
0m
0n
#27165000000
1!
1(
1H
1[
1m
0w
#27170000000
0!
0(
0H
0[
0m
#27175000000
1!
1(
1H
1[
1m
#27180000000
0!
1%
0(
1,
0H
0[
0m
1n
#27185000000
1!
1(
1H
1[
1m
b100 t
1w
#27190000000
0!
0(
0H
0[
0m
#27195000000
1!
1(
1H
1[
1m
#27200000000
0!
0%
0(
0,
0H
0[
0m
0n
#27205000000
1!
1(
1H
1[
1m
0w
#27210000000
0!
0(
0H
0[
0m
#27215000000
1!
1(
1H
1[
1m
#27220000000
0!
1%
0(
1,
0H
0[
0m
1n
#27225000000
1!
1(
1H
1[
1m
b101 t
1w
#27230000000
0!
0(
0H
0[
0m
#27235000000
1!
1(
1H
1[
1m
#27240000000
0!
0%
0(
0,
0H
0[
0m
0n
#27245000000
1!
1(
1H
1[
1m
0w
#27250000000
0!
0(
0H
0[
0m
#27255000000
1!
1(
1H
1[
1m
#27260000000
0!
1%
0(
1,
0H
0[
0m
1n
#27265000000
1!
1(
1H
1[
1m
b110 t
1w
#27270000000
0!
0(
0H
0[
0m
#27275000000
1!
1(
1H
1[
1m
#27280000000
0!
0%
0(
0,
0H
0[
0m
0n
#27285000000
1!
1(
1H
1[
1m
0w
#27290000000
0!
0(
0H
0[
0m
#27295000000
1!
1(
1H
1[
1m
#27300000000
0!
1%
0(
1,
0H
0[
0m
1n
#27305000000
1!
1(
1H
1[
1m
b111 t
1w
#27310000000
0!
0(
0H
0[
0m
#27315000000
1!
1(
1H
1[
1m
#27320000000
0!
0%
0(
0,
0H
0[
0m
0n
#27325000000
1!
1(
1H
1[
1m
0w
#27330000000
0!
0(
0H
0[
0m
#27335000000
1!
1(
1H
1[
1m
#27340000000
0!
1%
0(
1,
0H
0[
0m
1n
#27345000000
1!
1(
b01010100 2
14
b01010100 5
17
1H
b01010100 W
1Z
1[
1m
b01010100 q
1s
b000 t
b01010101 v
1w
#27350000000
0!
0(
0H
0[
0m
#27355000000
1!
1(
04
07
1H
0Z
1[
1m
0s
#27360000000
0!
0%
0(
0,
0H
0[
0m
0n
#27365000000
1!
1(
1H
1[
1m
0w
#27370000000
0!
0(
0H
0[
0m
#27375000000
1!
1(
1H
1[
1m
#27380000000
0!
1%
0(
1,
0H
0[
0m
1n
#27385000000
1!
1(
1H
1[
1m
b001 t
1w
#27390000000
0!
0(
0H
0[
0m
#27395000000
1!
1(
1H
1[
1m
#27400000000
0!
0%
0(
0,
0H
0[
0m
0n
#27405000000
1!
1(
1H
1[
1m
0w
#27410000000
0!
0(
0H
0[
0m
#27415000000
1!
1(
1H
1[
1m
#27420000000
0!
1%
0(
1,
0H
0[
0m
1n
#27425000000
1!
1(
1H
1[
1m
b010 t
1w
#27430000000
0!
0(
0H
0[
0m
#27435000000
1!
1(
1H
1[
1m
#27440000000
0!
0%
0(
0,
0H
0[
0m
0n
#27445000000
1!
1(
1H
1[
1m
0w
#27450000000
0!
0(
0H
0[
0m
#27455000000
1!
1(
1H
1[
1m
#27460000000
0!
1%
0(
1,
0H
0[
0m
1n
#27465000000
1!
1(
1H
1[
1m
b011 t
1w
#27470000000
0!
0(
0H
0[
0m
#27475000000
1!
1(
1H
1[
1m
#27480000000
0!
0%
0(
0,
0H
0[
0m
0n
#27485000000
1!
1(
1H
1[
1m
0w
#27490000000
0!
0(
0H
0[
0m
#27495000000
1!
1(
1H
1[
1m
#27500000000
0!
1%
0(
1,
0H
0[
0m
1n
#27505000000
1!
1(
1H
1[
1m
b100 t
1w
#27510000000
0!
0(
0H
0[
0m
#27515000000
1!
1(
1H
1[
1m
#27520000000
0!
0%
0(
0,
0H
0[
0m
0n
#27525000000
1!
1(
1H
1[
1m
0w
#27530000000
0!
0(
0H
0[
0m
#27535000000
1!
1(
1H
1[
1m
#27540000000
0!
1%
0(
1,
0H
0[
0m
1n
#27545000000
1!
1(
1H
1[
1m
b101 t
1w
#27550000000
0!
0(
0H
0[
0m
#27555000000
1!
1(
1H
1[
1m
#27560000000
0!
0%
0(
0,
0H
0[
0m
0n
#27565000000
1!
1(
1H
1[
1m
0w
#27570000000
0!
0(
0H
0[
0m
#27575000000
1!
1(
1H
1[
1m
#27580000000
0!
1%
0(
1,
0H
0[
0m
1n
#27585000000
1!
1(
1H
1[
1m
b110 t
1w
#27590000000
0!
0(
0H
0[
0m
#27595000000
1!
1(
1H
1[
1m
#27600000000
0!
0%
0(
0,
0H
0[
0m
0n
#27605000000
1!
1(
1H
1[
1m
0w
#27610000000
0!
0(
0H
0[
0m
#27615000000
1!
1(
1H
1[
1m
#27620000000
0!
1%
0(
1,
0H
0[
0m
1n
#27625000000
1!
1(
1H
1[
1m
b111 t
1w
#27630000000
0!
0(
0H
0[
0m
#27635000000
1!
1(
1H
1[
1m
#27640000000
0!
0%
0(
0,
0H
0[
0m
0n
#27645000000
1!
1(
1H
1[
1m
0w
#27650000000
0!
0(
0H
0[
0m
#27655000000
1!
1(
1H
1[
1m
#27660000000
0!
1%
0(
1,
0H
0[
0m
1n
#27665000000
1!
1(
b01010101 2
14
b01010101 5
17
1H
b01010101 W
1Z
1[
1m
b01010101 q
1s
b000 t
b01010110 v
1w
#27670000000
0!
0(
0H
0[
0m
#27675000000
1!
1(
04
07
1H
0Z
1[
1m
0s
#27680000000
0!
0%
0(
0,
0H
0[
0m
0n
#27685000000
1!
1(
1H
1[
1m
0w
#27690000000
0!
0(
0H
0[
0m
#27695000000
1!
1(
1H
1[
1m
#27700000000
0!
1%
0(
1,
0H
0[
0m
1n
#27705000000
1!
1(
1H
1[
1m
b001 t
1w
#27710000000
0!
0(
0H
0[
0m
#27715000000
1!
1(
1H
1[
1m
#27720000000
0!
0%
0(
0,
0H
0[
0m
0n
#27725000000
1!
1(
1H
1[
1m
0w
#27730000000
0!
0(
0H
0[
0m
#27735000000
1!
1(
1H
1[
1m
#27740000000
0!
1%
0(
1,
0H
0[
0m
1n
#27745000000
1!
1(
1H
1[
1m
b010 t
1w
#27750000000
0!
0(
0H
0[
0m
#27755000000
1!
1(
1H
1[
1m
#27760000000
0!
0%
0(
0,
0H
0[
0m
0n
#27765000000
1!
1(
1H
1[
1m
0w
#27770000000
0!
0(
0H
0[
0m
#27775000000
1!
1(
1H
1[
1m
#27780000000
0!
1%
0(
1,
0H
0[
0m
1n
#27785000000
1!
1(
1H
1[
1m
b011 t
1w
#27790000000
0!
0(
0H
0[
0m
#27795000000
1!
1(
1H
1[
1m
#27800000000
0!
0%
0(
0,
0H
0[
0m
0n
#27805000000
1!
1(
1H
1[
1m
0w
#27810000000
0!
0(
0H
0[
0m
#27815000000
1!
1(
1H
1[
1m
#27820000000
0!
1%
0(
1,
0H
0[
0m
1n
#27825000000
1!
1(
1H
1[
1m
b100 t
1w
#27830000000
0!
0(
0H
0[
0m
#27835000000
1!
1(
1H
1[
1m
#27840000000
0!
0%
0(
0,
0H
0[
0m
0n
#27845000000
1!
1(
1H
1[
1m
0w
#27850000000
0!
0(
0H
0[
0m
#27855000000
1!
1(
1H
1[
1m
#27860000000
0!
1%
0(
1,
0H
0[
0m
1n
#27865000000
1!
1(
1H
1[
1m
b101 t
1w
#27870000000
0!
0(
0H
0[
0m
#27875000000
1!
1(
1H
1[
1m
#27880000000
0!
0%
0(
0,
0H
0[
0m
0n
#27885000000
1!
1(
1H
1[
1m
0w
#27890000000
0!
0(
0H
0[
0m
#27895000000
1!
1(
1H
1[
1m
#27900000000
0!
1%
0(
1,
0H
0[
0m
1n
#27905000000
1!
1(
1H
1[
1m
b110 t
1w
#27910000000
0!
0(
0H
0[
0m
#27915000000
1!
1(
1H
1[
1m
#27920000000
0!
0%
0(
0,
0H
0[
0m
0n
#27925000000
1!
1(
1H
1[
1m
0w
#27930000000
0!
0(
0H
0[
0m
#27935000000
1!
1(
1H
1[
1m
#27940000000
0!
1%
0(
1,
0H
0[
0m
1n
#27945000000
1!
1(
1H
1[
1m
b111 t
1w
#27950000000
0!
0(
0H
0[
0m
#27955000000
1!
1(
1H
1[
1m
#27960000000
0!
0%
0(
0,
0H
0[
0m
0n
#27965000000
1!
1(
1H
1[
1m
0w
#27970000000
0!
0(
0H
0[
0m
#27975000000
1!
1(
1H
1[
1m
#27980000000
0!
1%
0(
1,
0H
0[
0m
1n
#27985000000
1!
1(
b01010110 2
14
b01010110 5
17
1H
b01010110 W
1Z
1[
1m
b01010110 q
1s
b000 t
b01010111 v
1w
#27990000000
0!
0(
0H
0[
0m
#27995000000
1!
1(
04
07
1H
0Z
1[
1m
0s
#28000000000
0!
0%
0(
0,
0H
0[
0m
0n
#28005000000
1!
1(
1H
1[
1m
0w
#28010000000
0!
0(
0H
0[
0m
#28015000000
1!
1(
1H
1[
1m
#28020000000
0!
1%
0(
1,
0H
0[
0m
1n
#28025000000
1!
1(
1H
1[
1m
b001 t
1w
#28030000000
0!
0(
0H
0[
0m
#28035000000
1!
1(
1H
1[
1m
#28040000000
0!
0%
0(
0,
0H
0[
0m
0n
#28045000000
1!
1(
1H
1[
1m
0w
#28050000000
0!
0(
0H
0[
0m
#28055000000
1!
1(
1H
1[
1m
#28060000000
0!
1%
0(
1,
0H
0[
0m
1n
#28065000000
1!
1(
1H
1[
1m
b010 t
1w
#28070000000
0!
0(
0H
0[
0m
#28075000000
1!
1(
1H
1[
1m
#28080000000
0!
0%
0(
0,
0H
0[
0m
0n
#28085000000
1!
1(
1H
1[
1m
0w
#28090000000
0!
0(
0H
0[
0m
#28095000000
1!
1(
1H
1[
1m
#28100000000
0!
1%
0(
1,
0H
0[
0m
1n
#28105000000
1!
1(
1H
1[
1m
b011 t
1w
#28110000000
0!
0(
0H
0[
0m
#28115000000
1!
1(
1H
1[
1m
#28120000000
0!
0%
0(
0,
0H
0[
0m
0n
#28125000000
1!
1(
1H
1[
1m
0w
#28130000000
0!
0(
0H
0[
0m
#28135000000
1!
1(
1H
1[
1m
#28140000000
0!
1%
0(
1,
0H
0[
0m
1n
#28145000000
1!
1(
1H
1[
1m
b100 t
1w
#28150000000
0!
0(
0H
0[
0m
#28155000000
1!
1(
1H
1[
1m
#28160000000
0!
0%
0(
0,
0H
0[
0m
0n
#28165000000
1!
1(
1H
1[
1m
0w
#28170000000
0!
0(
0H
0[
0m
#28175000000
1!
1(
1H
1[
1m
#28180000000
0!
1%
0(
1,
0H
0[
0m
1n
#28185000000
1!
1(
1H
1[
1m
b101 t
1w
#28190000000
0!
0(
0H
0[
0m
#28195000000
1!
1(
1H
1[
1m
#28200000000
0!
0%
0(
0,
0H
0[
0m
0n
#28205000000
1!
1(
1H
1[
1m
0w
#28210000000
0!
0(
0H
0[
0m
#28215000000
1!
1(
1H
1[
1m
#28220000000
0!
1%
0(
1,
0H
0[
0m
1n
#28225000000
1!
1(
1H
1[
1m
b110 t
1w
#28230000000
0!
0(
0H
0[
0m
#28235000000
1!
1(
1H
1[
1m
#28240000000
0!
0%
0(
0,
0H
0[
0m
0n
#28245000000
1!
1(
1H
1[
1m
0w
#28250000000
0!
0(
0H
0[
0m
#28255000000
1!
1(
1H
1[
1m
#28260000000
0!
1%
0(
1,
0H
0[
0m
1n
#28265000000
1!
1(
1H
1[
1m
b111 t
1w
#28270000000
0!
0(
0H
0[
0m
#28275000000
1!
1(
1H
1[
1m
#28280000000
0!
0%
0(
0,
0H
0[
0m
0n
#28285000000
1!
1(
1H
1[
1m
0w
#28290000000
0!
0(
0H
0[
0m
#28295000000
1!
1(
1H
1[
1m
#28300000000
0!
1%
0(
1,
0H
0[
0m
1n
#28305000000
1!
1(
b01010111 2
14
b01010111 5
17
1H
b01010111 W
1Z
1[
1m
b01010111 q
1s
b000 t
b01011000 v
1w
#28310000000
0!
0(
0H
0[
0m
#28315000000
1!
1(
04
07
1H
0Z
1[
1m
0s
#28320000000
0!
0%
0(
0,
0H
0[
0m
0n
#28325000000
1!
1(
1H
1[
1m
0w
#28330000000
0!
0(
0H
0[
0m
#28335000000
1!
1(
1H
1[
1m
#28340000000
0!
1%
0(
1,
0H
0[
0m
1n
#28345000000
1!
1(
1H
1[
1m
b001 t
1w
#28350000000
0!
0(
0H
0[
0m
#28355000000
1!
1(
1H
1[
1m
#28360000000
0!
0%
0(
0,
0H
0[
0m
0n
#28365000000
1!
1(
1H
1[
1m
0w
#28370000000
0!
0(
0H
0[
0m
#28375000000
1!
1(
1H
1[
1m
#28380000000
0!
1%
0(
1,
0H
0[
0m
1n
#28385000000
1!
1(
1H
1[
1m
b010 t
1w
#28390000000
0!
0(
0H
0[
0m
#28395000000
1!
1(
1H
1[
1m
#28400000000
0!
0%
0(
0,
0H
0[
0m
0n
#28405000000
1!
1(
1H
1[
1m
0w
#28410000000
0!
0(
0H
0[
0m
#28415000000
1!
1(
1H
1[
1m
#28420000000
0!
1%
0(
1,
0H
0[
0m
1n
#28425000000
1!
1(
1H
1[
1m
b011 t
1w
#28430000000
0!
0(
0H
0[
0m
#28435000000
1!
1(
1H
1[
1m
#28440000000
0!
0%
0(
0,
0H
0[
0m
0n
#28445000000
1!
1(
1H
1[
1m
0w
#28450000000
0!
0(
0H
0[
0m
#28455000000
1!
1(
1H
1[
1m
#28460000000
0!
1%
0(
1,
0H
0[
0m
1n
#28465000000
1!
1(
1H
1[
1m
b100 t
1w
#28470000000
0!
0(
0H
0[
0m
#28475000000
1!
1(
1H
1[
1m
#28480000000
0!
0%
0(
0,
0H
0[
0m
0n
#28485000000
1!
1(
1H
1[
1m
0w
#28490000000
0!
0(
0H
0[
0m
#28495000000
1!
1(
1H
1[
1m
#28500000000
0!
1%
0(
1,
0H
0[
0m
1n
#28505000000
1!
1(
1H
1[
1m
b101 t
1w
#28510000000
0!
0(
0H
0[
0m
#28515000000
1!
1(
1H
1[
1m
#28520000000
0!
0%
0(
0,
0H
0[
0m
0n
#28525000000
1!
1(
1H
1[
1m
0w
#28530000000
0!
0(
0H
0[
0m
#28535000000
1!
1(
1H
1[
1m
#28540000000
0!
1%
0(
1,
0H
0[
0m
1n
#28545000000
1!
1(
1H
1[
1m
b110 t
1w
#28550000000
0!
0(
0H
0[
0m
#28555000000
1!
1(
1H
1[
1m
#28560000000
0!
0%
0(
0,
0H
0[
0m
0n
#28565000000
1!
1(
1H
1[
1m
0w
#28570000000
0!
0(
0H
0[
0m
#28575000000
1!
1(
1H
1[
1m
#28580000000
0!
1%
0(
1,
0H
0[
0m
1n
#28585000000
1!
1(
1H
1[
1m
b111 t
1w
#28590000000
0!
0(
0H
0[
0m
#28595000000
1!
1(
1H
1[
1m
#28600000000
0!
0%
0(
0,
0H
0[
0m
0n
#28605000000
1!
1(
1H
1[
1m
0w
#28610000000
0!
0(
0H
0[
0m
#28615000000
1!
1(
1H
1[
1m
#28620000000
0!
1%
0(
1,
0H
0[
0m
1n
#28625000000
1!
1(
b01011000 2
14
b01011000 5
17
1H
b01011000 W
1Z
1[
1m
b01011000 q
1s
b000 t
b01011001 v
1w
#28630000000
0!
0(
0H
0[
0m
#28635000000
1!
1(
04
07
1H
0Z
1[
1m
0s
#28640000000
0!
0%
0(
0,
0H
0[
0m
0n
#28645000000
1!
1(
1H
1[
1m
0w
#28650000000
0!
0(
0H
0[
0m
#28655000000
1!
1(
1H
1[
1m
#28660000000
0!
1%
0(
1,
0H
0[
0m
1n
#28665000000
1!
1(
1H
1[
1m
b001 t
1w
#28670000000
0!
0(
0H
0[
0m
#28675000000
1!
1(
1H
1[
1m
#28680000000
0!
0%
0(
0,
0H
0[
0m
0n
#28685000000
1!
1(
1H
1[
1m
0w
#28690000000
0!
0(
0H
0[
0m
#28695000000
1!
1(
1H
1[
1m
#28700000000
0!
1%
0(
1,
0H
0[
0m
1n
#28705000000
1!
1(
1H
1[
1m
b010 t
1w
#28710000000
0!
0(
0H
0[
0m
#28715000000
1!
1(
1H
1[
1m
#28720000000
0!
0%
0(
0,
0H
0[
0m
0n
#28725000000
1!
1(
1H
1[
1m
0w
#28730000000
0!
0(
0H
0[
0m
#28735000000
1!
1(
1H
1[
1m
#28740000000
0!
1%
0(
1,
0H
0[
0m
1n
#28745000000
1!
1(
1H
1[
1m
b011 t
1w
#28750000000
0!
0(
0H
0[
0m
#28755000000
1!
1(
1H
1[
1m
#28760000000
0!
0%
0(
0,
0H
0[
0m
0n
#28765000000
1!
1(
1H
1[
1m
0w
#28770000000
0!
0(
0H
0[
0m
#28775000000
1!
1(
1H
1[
1m
#28780000000
0!
1%
0(
1,
0H
0[
0m
1n
#28785000000
1!
1(
1H
1[
1m
b100 t
1w
#28790000000
0!
0(
0H
0[
0m
#28795000000
1!
1(
1H
1[
1m
#28800000000
0!
0%
0(
0,
0H
0[
0m
0n
#28805000000
1!
1(
1H
1[
1m
0w
#28810000000
0!
0(
0H
0[
0m
#28815000000
1!
1(
1H
1[
1m
#28820000000
0!
1%
0(
1,
0H
0[
0m
1n
#28825000000
1!
1(
1H
1[
1m
b101 t
1w
#28830000000
0!
0(
0H
0[
0m
#28835000000
1!
1(
1H
1[
1m
#28840000000
0!
0%
0(
0,
0H
0[
0m
0n
#28845000000
1!
1(
1H
1[
1m
0w
#28850000000
0!
0(
0H
0[
0m
#28855000000
1!
1(
1H
1[
1m
#28860000000
0!
1%
0(
1,
0H
0[
0m
1n
#28865000000
1!
1(
1H
1[
1m
b110 t
1w
#28870000000
0!
0(
0H
0[
0m
#28875000000
1!
1(
1H
1[
1m
#28880000000
0!
0%
0(
0,
0H
0[
0m
0n
#28885000000
1!
1(
1H
1[
1m
0w
#28890000000
0!
0(
0H
0[
0m
#28895000000
1!
1(
1H
1[
1m
#28900000000
0!
1%
0(
1,
0H
0[
0m
1n
#28905000000
1!
1(
1H
1[
1m
b111 t
1w
#28910000000
0!
0(
0H
0[
0m
#28915000000
1!
1(
1H
1[
1m
#28920000000
0!
0%
0(
0,
0H
0[
0m
0n
#28925000000
1!
1(
1H
1[
1m
0w
#28930000000
0!
0(
0H
0[
0m
#28935000000
1!
1(
1H
1[
1m
#28940000000
0!
1%
0(
1,
0H
0[
0m
1n
#28945000000
1!
1(
b01011001 2
14
b01011001 5
17
1H
b01011001 W
1Z
1[
1m
b01011001 q
1s
b000 t
b01011010 v
1w
#28950000000
0!
0(
0H
0[
0m
#28955000000
1!
1(
04
07
1H
0Z
1[
1m
0s
#28960000000
0!
0%
0(
0,
0H
0[
0m
0n
#28965000000
1!
1(
1H
1[
1m
0w
#28970000000
0!
0(
0H
0[
0m
#28975000000
1!
1(
1H
1[
1m
#28980000000
0!
1%
0(
1,
0H
0[
0m
1n
#28985000000
1!
1(
1H
1[
1m
b001 t
1w
#28990000000
0!
0(
0H
0[
0m
#28995000000
1!
1(
1H
1[
1m
#29000000000
0!
0%
0(
0,
0H
0[
0m
0n
#29005000000
1!
1(
1H
1[
1m
0w
#29010000000
0!
0(
0H
0[
0m
#29015000000
1!
1(
1H
1[
1m
#29020000000
0!
1%
0(
1,
0H
0[
0m
1n
#29025000000
1!
1(
1H
1[
1m
b010 t
1w
#29030000000
0!
0(
0H
0[
0m
#29035000000
1!
1(
1H
1[
1m
#29040000000
0!
0%
0(
0,
0H
0[
0m
0n
#29045000000
1!
1(
1H
1[
1m
0w
#29050000000
0!
0(
0H
0[
0m
#29055000000
1!
1(
1H
1[
1m
#29060000000
0!
1%
0(
1,
0H
0[
0m
1n
#29065000000
1!
1(
1H
1[
1m
b011 t
1w
#29070000000
0!
0(
0H
0[
0m
#29075000000
1!
1(
1H
1[
1m
#29080000000
0!
0%
0(
0,
0H
0[
0m
0n
#29085000000
1!
1(
1H
1[
1m
0w
#29090000000
0!
0(
0H
0[
0m
#29095000000
1!
1(
1H
1[
1m
#29100000000
0!
1%
0(
1,
0H
0[
0m
1n
#29105000000
1!
1(
1H
1[
1m
b100 t
1w
#29110000000
0!
0(
0H
0[
0m
#29115000000
1!
1(
1H
1[
1m
#29120000000
0!
0%
0(
0,
0H
0[
0m
0n
#29125000000
1!
1(
1H
1[
1m
0w
#29130000000
0!
0(
0H
0[
0m
#29135000000
1!
1(
1H
1[
1m
#29140000000
0!
1%
0(
1,
0H
0[
0m
1n
#29145000000
1!
1(
1H
1[
1m
b101 t
1w
#29150000000
0!
0(
0H
0[
0m
#29155000000
1!
1(
1H
1[
1m
#29160000000
0!
0%
0(
0,
0H
0[
0m
0n
#29165000000
1!
1(
1H
1[
1m
0w
#29170000000
0!
0(
0H
0[
0m
#29175000000
1!
1(
1H
1[
1m
#29180000000
0!
1%
0(
1,
0H
0[
0m
1n
#29185000000
1!
1(
1H
1[
1m
b110 t
1w
#29190000000
0!
0(
0H
0[
0m
#29195000000
1!
1(
1H
1[
1m
#29200000000
0!
0%
0(
0,
0H
0[
0m
0n
#29205000000
1!
1(
1H
1[
1m
0w
#29210000000
0!
0(
0H
0[
0m
#29215000000
1!
1(
1H
1[
1m
#29220000000
0!
1%
0(
1,
0H
0[
0m
1n
#29225000000
1!
1(
1H
1[
1m
b111 t
1w
#29230000000
0!
0(
0H
0[
0m
#29235000000
1!
1(
1H
1[
1m
#29240000000
0!
0%
0(
0,
0H
0[
0m
0n
#29245000000
1!
1(
1H
1[
1m
0w
#29250000000
0!
0(
0H
0[
0m
#29255000000
1!
1(
1H
1[
1m
#29260000000
0!
1%
0(
1,
0H
0[
0m
1n
#29265000000
1!
1(
b01011010 2
14
b01011010 5
17
1H
b01011010 W
1Z
1[
1m
b01011010 q
1s
b000 t
b01011011 v
1w
#29270000000
0!
0(
0H
0[
0m
#29275000000
1!
1(
04
07
1H
0Z
1[
1m
0s
#29280000000
0!
0%
0(
0,
0H
0[
0m
0n
#29285000000
1!
1(
1H
1[
1m
0w
#29290000000
0!
0(
0H
0[
0m
#29295000000
1!
1(
1H
1[
1m
#29300000000
0!
1%
0(
1,
0H
0[
0m
1n
#29305000000
1!
1(
1H
1[
1m
b001 t
1w
#29310000000
0!
0(
0H
0[
0m
#29315000000
1!
1(
1H
1[
1m
#29320000000
0!
0%
0(
0,
0H
0[
0m
0n
#29325000000
1!
1(
1H
1[
1m
0w
#29330000000
0!
0(
0H
0[
0m
#29335000000
1!
1(
1H
1[
1m
#29340000000
0!
1%
0(
1,
0H
0[
0m
1n
#29345000000
1!
1(
1H
1[
1m
b010 t
1w
#29350000000
0!
0(
0H
0[
0m
#29355000000
1!
1(
1H
1[
1m
#29360000000
0!
0%
0(
0,
0H
0[
0m
0n
#29365000000
1!
1(
1H
1[
1m
0w
#29370000000
0!
0(
0H
0[
0m
#29375000000
1!
1(
1H
1[
1m
#29380000000
0!
1%
0(
1,
0H
0[
0m
1n
#29385000000
1!
1(
1H
1[
1m
b011 t
1w
#29390000000
0!
0(
0H
0[
0m
#29395000000
1!
1(
1H
1[
1m
#29400000000
0!
0%
0(
0,
0H
0[
0m
0n
#29405000000
1!
1(
1H
1[
1m
0w
#29410000000
0!
0(
0H
0[
0m
#29415000000
1!
1(
1H
1[
1m
#29420000000
0!
1%
0(
1,
0H
0[
0m
1n
#29425000000
1!
1(
1H
1[
1m
b100 t
1w
#29430000000
0!
0(
0H
0[
0m
#29435000000
1!
1(
1H
1[
1m
#29440000000
0!
0%
0(
0,
0H
0[
0m
0n
#29445000000
1!
1(
1H
1[
1m
0w
#29450000000
0!
0(
0H
0[
0m
#29455000000
1!
1(
1H
1[
1m
#29460000000
0!
1%
0(
1,
0H
0[
0m
1n
#29465000000
1!
1(
1H
1[
1m
b101 t
1w
#29470000000
0!
0(
0H
0[
0m
#29475000000
1!
1(
1H
1[
1m
#29480000000
0!
0%
0(
0,
0H
0[
0m
0n
#29485000000
1!
1(
1H
1[
1m
0w
#29490000000
0!
0(
0H
0[
0m
#29495000000
1!
1(
1H
1[
1m
#29500000000
0!
1%
0(
1,
0H
0[
0m
1n
#29505000000
1!
1(
1H
1[
1m
b110 t
1w
#29510000000
0!
0(
0H
0[
0m
#29515000000
1!
1(
1H
1[
1m
#29520000000
0!
0%
0(
0,
0H
0[
0m
0n
#29525000000
1!
1(
1H
1[
1m
0w
#29530000000
0!
0(
0H
0[
0m
#29535000000
1!
1(
1H
1[
1m
#29540000000
0!
1%
0(
1,
0H
0[
0m
1n
#29545000000
1!
1(
1H
1[
1m
b111 t
1w
#29550000000
0!
0(
0H
0[
0m
#29555000000
1!
1(
1H
1[
1m
#29560000000
0!
0%
0(
0,
0H
0[
0m
0n
#29565000000
1!
1(
1H
1[
1m
0w
#29570000000
0!
0(
0H
0[
0m
#29575000000
1!
1(
1H
1[
1m
#29580000000
0!
1%
0(
1,
0H
0[
0m
1n
#29585000000
1!
1(
b01011011 2
14
b01011011 5
17
1H
b01011011 W
1Z
1[
1m
b01011011 q
1s
b000 t
b01011100 v
1w
#29590000000
0!
0(
0H
0[
0m
#29595000000
1!
1(
04
07
1H
0Z
1[
1m
0s
#29600000000
0!
0%
0(
0,
0H
0[
0m
0n
#29605000000
1!
1(
1H
1[
1m
0w
#29610000000
0!
0(
0H
0[
0m
#29615000000
1!
1(
1H
1[
1m
#29620000000
0!
1%
0(
1,
0H
0[
0m
1n
#29625000000
1!
1(
1H
1[
1m
b001 t
1w
#29630000000
0!
0(
0H
0[
0m
#29635000000
1!
1(
1H
1[
1m
#29640000000
0!
0%
0(
0,
0H
0[
0m
0n
#29645000000
1!
1(
1H
1[
1m
0w
#29650000000
0!
0(
0H
0[
0m
#29655000000
1!
1(
1H
1[
1m
#29660000000
0!
1%
0(
1,
0H
0[
0m
1n
#29665000000
1!
1(
1H
1[
1m
b010 t
1w
#29670000000
0!
0(
0H
0[
0m
#29675000000
1!
1(
1H
1[
1m
#29680000000
0!
0%
0(
0,
0H
0[
0m
0n
#29685000000
1!
1(
1H
1[
1m
0w
#29690000000
0!
0(
0H
0[
0m
#29695000000
1!
1(
1H
1[
1m
#29700000000
0!
1%
0(
1,
0H
0[
0m
1n
#29705000000
1!
1(
1H
1[
1m
b011 t
1w
#29710000000
0!
0(
0H
0[
0m
#29715000000
1!
1(
1H
1[
1m
#29720000000
0!
0%
0(
0,
0H
0[
0m
0n
#29725000000
1!
1(
1H
1[
1m
0w
#29730000000
0!
0(
0H
0[
0m
#29735000000
1!
1(
1H
1[
1m
#29740000000
0!
1%
0(
1,
0H
0[
0m
1n
#29745000000
1!
1(
1H
1[
1m
b100 t
1w
#29750000000
0!
0(
0H
0[
0m
#29755000000
1!
1(
1H
1[
1m
#29760000000
0!
0%
0(
0,
0H
0[
0m
0n
#29765000000
1!
1(
1H
1[
1m
0w
#29770000000
0!
0(
0H
0[
0m
#29775000000
1!
1(
1H
1[
1m
#29780000000
0!
1%
0(
1,
0H
0[
0m
1n
#29785000000
1!
1(
1H
1[
1m
b101 t
1w
#29790000000
0!
0(
0H
0[
0m
#29795000000
1!
1(
1H
1[
1m
#29800000000
0!
0%
0(
0,
0H
0[
0m
0n
#29805000000
1!
1(
1H
1[
1m
0w
#29810000000
0!
0(
0H
0[
0m
#29815000000
1!
1(
1H
1[
1m
#29820000000
0!
1%
0(
1,
0H
0[
0m
1n
#29825000000
1!
1(
1H
1[
1m
b110 t
1w
#29830000000
0!
0(
0H
0[
0m
#29835000000
1!
1(
1H
1[
1m
#29840000000
0!
0%
0(
0,
0H
0[
0m
0n
#29845000000
1!
1(
1H
1[
1m
0w
#29850000000
0!
0(
0H
0[
0m
#29855000000
1!
1(
1H
1[
1m
#29860000000
0!
1%
0(
1,
0H
0[
0m
1n
#29865000000
1!
1(
1H
1[
1m
b111 t
1w
#29870000000
0!
0(
0H
0[
0m
#29875000000
1!
1(
1H
1[
1m
#29880000000
0!
0%
0(
0,
0H
0[
0m
0n
#29885000000
1!
1(
1H
1[
1m
0w
#29890000000
0!
0(
0H
0[
0m
#29895000000
1!
1(
1H
1[
1m
#29900000000
0!
1%
0(
1,
0H
0[
0m
1n
#29905000000
1!
1(
b01011100 2
14
b01011100 5
17
1H
b01011100 W
1Z
1[
1m
b01011100 q
1s
b000 t
b01011101 v
1w
#29910000000
0!
0(
0H
0[
0m
#29915000000
1!
1(
04
07
1H
0Z
1[
1m
0s
#29920000000
0!
0%
0(
0,
0H
0[
0m
0n
#29925000000
1!
1(
1H
1[
1m
0w
#29930000000
0!
0(
0H
0[
0m
#29935000000
1!
1(
1H
1[
1m
#29940000000
0!
1%
0(
1,
0H
0[
0m
1n
#29945000000
1!
1(
1H
1[
1m
b001 t
1w
#29950000000
0!
0(
0H
0[
0m
#29955000000
1!
1(
1H
1[
1m
#29960000000
0!
0%
0(
0,
0H
0[
0m
0n
#29965000000
1!
1(
1H
1[
1m
0w
#29970000000
0!
0(
0H
0[
0m
#29975000000
1!
1(
1H
1[
1m
#29980000000
0!
1%
0(
1,
0H
0[
0m
1n
#29985000000
1!
1(
1H
1[
1m
b010 t
1w
#29990000000
0!
0(
0H
0[
0m
#29995000000
1!
1(
1H
1[
1m
#30000000000
0!
0%
0(
0,
0H
0[
0m
0n
#30005000000
1!
1(
1H
1[
1m
0w
#30010000000
0!
0(
0H
0[
0m
#30015000000
1!
1(
1H
1[
1m
#30020000000
0!
1%
0(
1,
0H
0[
0m
1n
#30025000000
1!
1(
1H
1[
1m
b011 t
1w
#30030000000
0!
0(
0H
0[
0m
#30035000000
1!
1(
1H
1[
1m
#30040000000
0!
0%
0(
0,
0H
0[
0m
0n
#30045000000
1!
1(
1H
1[
1m
0w
#30050000000
0!
0(
0H
0[
0m
#30055000000
1!
1(
1H
1[
1m
#30060000000
0!
1%
0(
1,
0H
0[
0m
1n
#30065000000
1!
1(
1H
1[
1m
b100 t
1w
#30070000000
0!
0(
0H
0[
0m
#30075000000
1!
1(
1H
1[
1m
#30080000000
0!
0%
0(
0,
0H
0[
0m
0n
#30085000000
1!
1(
1H
1[
1m
0w
#30090000000
0!
0(
0H
0[
0m
#30095000000
1!
1(
1H
1[
1m
#30100000000
0!
1%
0(
1,
0H
0[
0m
1n
#30105000000
1!
1(
1H
1[
1m
b101 t
1w
#30110000000
0!
0(
0H
0[
0m
#30115000000
1!
1(
1H
1[
1m
#30120000000
0!
0%
0(
0,
0H
0[
0m
0n
#30125000000
1!
1(
1H
1[
1m
0w
#30130000000
0!
0(
0H
0[
0m
#30135000000
1!
1(
1H
1[
1m
#30140000000
0!
1%
0(
1,
0H
0[
0m
1n
#30145000000
1!
1(
1H
1[
1m
b110 t
1w
#30150000000
0!
0(
0H
0[
0m
#30155000000
1!
1(
1H
1[
1m
#30160000000
0!
0%
0(
0,
0H
0[
0m
0n
#30165000000
1!
1(
1H
1[
1m
0w
#30170000000
0!
0(
0H
0[
0m
#30175000000
1!
1(
1H
1[
1m
#30180000000
0!
1%
0(
1,
0H
0[
0m
1n
#30185000000
1!
1(
1H
1[
1m
b111 t
1w
#30190000000
0!
0(
0H
0[
0m
#30195000000
1!
1(
1H
1[
1m
#30200000000
0!
0%
0(
0,
0H
0[
0m
0n
#30205000000
1!
1(
1H
1[
1m
0w
#30210000000
0!
0(
0H
0[
0m
#30215000000
1!
1(
1H
1[
1m
#30220000000
0!
1%
0(
1,
0H
0[
0m
1n
#30225000000
1!
1(
b01011101 2
14
b01011101 5
17
1H
b01011101 W
1Z
1[
1m
b01011101 q
1s
b000 t
b01011110 v
1w
#30230000000
0!
0(
0H
0[
0m
#30235000000
1!
1(
04
07
1H
0Z
1[
1m
0s
#30240000000
0!
0%
0(
0,
0H
0[
0m
0n
#30245000000
1!
1(
1H
1[
1m
0w
#30250000000
0!
0(
0H
0[
0m
#30255000000
1!
1(
1H
1[
1m
#30260000000
0!
1%
0(
1,
0H
0[
0m
1n
#30265000000
1!
1(
1H
1[
1m
b001 t
1w
#30270000000
0!
0(
0H
0[
0m
#30275000000
1!
1(
1H
1[
1m
#30280000000
0!
0%
0(
0,
0H
0[
0m
0n
#30285000000
1!
1(
1H
1[
1m
0w
#30290000000
0!
0(
0H
0[
0m
#30295000000
1!
1(
1H
1[
1m
#30300000000
0!
1%
0(
1,
0H
0[
0m
1n
#30305000000
1!
1(
1H
1[
1m
b010 t
1w
#30310000000
0!
0(
0H
0[
0m
#30315000000
1!
1(
1H
1[
1m
#30320000000
0!
0%
0(
0,
0H
0[
0m
0n
#30325000000
1!
1(
1H
1[
1m
0w
#30330000000
0!
0(
0H
0[
0m
#30335000000
1!
1(
1H
1[
1m
#30340000000
0!
1%
0(
1,
0H
0[
0m
1n
#30345000000
1!
1(
1H
1[
1m
b011 t
1w
#30350000000
0!
0(
0H
0[
0m
#30355000000
1!
1(
1H
1[
1m
#30360000000
0!
0%
0(
0,
0H
0[
0m
0n
#30365000000
1!
1(
1H
1[
1m
0w
#30370000000
0!
0(
0H
0[
0m
#30375000000
1!
1(
1H
1[
1m
#30380000000
0!
1%
0(
1,
0H
0[
0m
1n
#30385000000
1!
1(
1H
1[
1m
b100 t
1w
#30390000000
0!
0(
0H
0[
0m
#30395000000
1!
1(
1H
1[
1m
#30400000000
0!
0%
0(
0,
0H
0[
0m
0n
#30405000000
1!
1(
1H
1[
1m
0w
#30410000000
0!
0(
0H
0[
0m
#30415000000
1!
1(
1H
1[
1m
#30420000000
0!
1%
0(
1,
0H
0[
0m
1n
#30425000000
1!
1(
1H
1[
1m
b101 t
1w
#30430000000
0!
0(
0H
0[
0m
#30435000000
1!
1(
1H
1[
1m
#30440000000
0!
0%
0(
0,
0H
0[
0m
0n
#30445000000
1!
1(
1H
1[
1m
0w
#30450000000
0!
0(
0H
0[
0m
#30455000000
1!
1(
1H
1[
1m
#30460000000
0!
1%
0(
1,
0H
0[
0m
1n
#30465000000
1!
1(
1H
1[
1m
b110 t
1w
#30470000000
0!
0(
0H
0[
0m
#30475000000
1!
1(
1H
1[
1m
#30480000000
0!
0%
0(
0,
0H
0[
0m
0n
#30485000000
1!
1(
1H
1[
1m
0w
#30490000000
0!
0(
0H
0[
0m
#30495000000
1!
1(
1H
1[
1m
#30500000000
0!
1%
0(
1,
0H
0[
0m
1n
#30505000000
1!
1(
1H
1[
1m
b111 t
1w
#30510000000
0!
0(
0H
0[
0m
#30515000000
1!
1(
1H
1[
1m
#30520000000
0!
0%
0(
0,
0H
0[
0m
0n
#30525000000
1!
1(
1H
1[
1m
0w
#30530000000
0!
0(
0H
0[
0m
#30535000000
1!
1(
1H
1[
1m
#30540000000
0!
1%
0(
1,
0H
0[
0m
1n
#30545000000
1!
1(
b01011110 2
14
b01011110 5
17
1H
b01011110 W
1Z
1[
1m
b01011110 q
1s
b000 t
b01011111 v
1w
#30550000000
0!
0(
0H
0[
0m
#30555000000
1!
1(
04
07
1H
0Z
1[
1m
0s
#30560000000
0!
0%
0(
0,
0H
0[
0m
0n
#30565000000
1!
1(
1H
1[
1m
0w
#30570000000
0!
0(
0H
0[
0m
#30575000000
1!
1(
1H
1[
1m
#30580000000
0!
1%
0(
1,
0H
0[
0m
1n
#30585000000
1!
1(
1H
1[
1m
b001 t
1w
#30590000000
0!
0(
0H
0[
0m
#30595000000
1!
1(
1H
1[
1m
#30600000000
0!
0%
0(
0,
0H
0[
0m
0n
#30605000000
1!
1(
1H
1[
1m
0w
#30610000000
0!
0(
0H
0[
0m
#30615000000
1!
1(
1H
1[
1m
#30620000000
0!
1%
0(
1,
0H
0[
0m
1n
#30625000000
1!
1(
1H
1[
1m
b010 t
1w
#30630000000
0!
0(
0H
0[
0m
#30635000000
1!
1(
1H
1[
1m
#30640000000
0!
0%
0(
0,
0H
0[
0m
0n
#30645000000
1!
1(
1H
1[
1m
0w
#30650000000
0!
0(
0H
0[
0m
#30655000000
1!
1(
1H
1[
1m
#30660000000
0!
1%
0(
1,
0H
0[
0m
1n
#30665000000
1!
1(
1H
1[
1m
b011 t
1w
#30670000000
0!
0(
0H
0[
0m
#30675000000
1!
1(
1H
1[
1m
#30680000000
0!
0%
0(
0,
0H
0[
0m
0n
#30685000000
1!
1(
1H
1[
1m
0w
#30690000000
0!
0(
0H
0[
0m
#30695000000
1!
1(
1H
1[
1m
#30700000000
0!
1%
0(
1,
0H
0[
0m
1n
#30705000000
1!
1(
1H
1[
1m
b100 t
1w
#30710000000
0!
0(
0H
0[
0m
#30715000000
1!
1(
1H
1[
1m
#30720000000
0!
0%
0(
0,
0H
0[
0m
0n
#30725000000
1!
1(
1H
1[
1m
0w
#30730000000
0!
0(
0H
0[
0m
#30735000000
1!
1(
1H
1[
1m
#30740000000
0!
1%
0(
1,
0H
0[
0m
1n
#30745000000
1!
1(
1H
1[
1m
b101 t
1w
#30750000000
0!
0(
0H
0[
0m
#30755000000
1!
1(
1H
1[
1m
#30760000000
0!
0%
0(
0,
0H
0[
0m
0n
#30765000000
1!
1(
1H
1[
1m
0w
#30770000000
0!
0(
0H
0[
0m
#30775000000
1!
1(
1H
1[
1m
#30780000000
0!
1%
0(
1,
0H
0[
0m
1n
#30785000000
1!
1(
1H
1[
1m
b110 t
1w
#30790000000
0!
0(
0H
0[
0m
#30795000000
1!
1(
1H
1[
1m
#30800000000
0!
0%
0(
0,
0H
0[
0m
0n
#30805000000
1!
1(
1H
1[
1m
0w
#30810000000
0!
0(
0H
0[
0m
#30815000000
1!
1(
1H
1[
1m
#30820000000
0!
1%
0(
1,
0H
0[
0m
1n
#30825000000
1!
1(
1H
1[
1m
b111 t
1w
#30830000000
0!
0(
0H
0[
0m
#30835000000
1!
1(
1H
1[
1m
#30840000000
0!
0%
0(
0,
0H
0[
0m
0n
#30845000000
1!
1(
1H
1[
1m
0w
#30850000000
0!
0(
0H
0[
0m
#30855000000
1!
1(
1H
1[
1m
#30860000000
0!
1%
0(
1,
0H
0[
0m
1n
#30865000000
1!
1(
b01011111 2
14
b01011111 5
17
1H
b01011111 W
1Z
1[
1m
b01011111 q
1s
b000 t
b01100000 v
1w
#30870000000
0!
0(
0H
0[
0m
#30875000000
1!
1(
04
07
1H
0Z
1[
1m
0s
#30880000000
0!
0%
0(
0,
0H
0[
0m
0n
#30885000000
1!
1(
1H
1[
1m
0w
#30890000000
0!
0(
0H
0[
0m
#30895000000
1!
1(
1H
1[
1m
#30900000000
0!
1%
0(
1,
0H
0[
0m
1n
#30905000000
1!
1(
1H
1[
1m
b001 t
1w
#30910000000
0!
0(
0H
0[
0m
#30915000000
1!
1(
1H
1[
1m
#30920000000
0!
0%
0(
0,
0H
0[
0m
0n
#30925000000
1!
1(
1H
1[
1m
0w
#30930000000
0!
0(
0H
0[
0m
#30935000000
1!
1(
1H
1[
1m
#30940000000
0!
1%
0(
1,
0H
0[
0m
1n
#30945000000
1!
1(
1H
1[
1m
b010 t
1w
#30950000000
0!
0(
0H
0[
0m
#30955000000
1!
1(
1H
1[
1m
#30960000000
0!
0%
0(
0,
0H
0[
0m
0n
#30965000000
1!
1(
1H
1[
1m
0w
#30970000000
0!
0(
0H
0[
0m
#30975000000
1!
1(
1H
1[
1m
#30980000000
0!
1%
0(
1,
0H
0[
0m
1n
#30985000000
1!
1(
1H
1[
1m
b011 t
1w
#30990000000
0!
0(
0H
0[
0m
#30995000000
1!
1(
1H
1[
1m
#31000000000
0!
0%
0(
0,
0H
0[
0m
0n
#31005000000
1!
1(
1H
1[
1m
0w
#31010000000
0!
0(
0H
0[
0m
#31015000000
1!
1(
1H
1[
1m
#31020000000
0!
1%
0(
1,
0H
0[
0m
1n
#31025000000
1!
1(
1H
1[
1m
b100 t
1w
#31030000000
0!
0(
0H
0[
0m
#31035000000
1!
1(
1H
1[
1m
#31040000000
0!
0%
0(
0,
0H
0[
0m
0n
#31045000000
1!
1(
1H
1[
1m
0w
#31050000000
0!
0(
0H
0[
0m
#31055000000
1!
1(
1H
1[
1m
#31060000000
0!
1%
0(
1,
0H
0[
0m
1n
#31065000000
1!
1(
1H
1[
1m
b101 t
1w
#31070000000
0!
0(
0H
0[
0m
#31075000000
1!
1(
1H
1[
1m
#31080000000
0!
0%
0(
0,
0H
0[
0m
0n
#31085000000
1!
1(
1H
1[
1m
0w
#31090000000
0!
0(
0H
0[
0m
#31095000000
1!
1(
1H
1[
1m
#31100000000
0!
1%
0(
1,
0H
0[
0m
1n
#31105000000
1!
1(
1H
1[
1m
b110 t
1w
#31110000000
0!
0(
0H
0[
0m
#31115000000
1!
1(
1H
1[
1m
#31120000000
0!
0%
0(
0,
0H
0[
0m
0n
#31125000000
1!
1(
1H
1[
1m
0w
#31130000000
0!
0(
0H
0[
0m
#31135000000
1!
1(
1H
1[
1m
#31140000000
0!
1%
0(
1,
0H
0[
0m
1n
#31145000000
1!
1(
1H
1[
1m
b111 t
1w
#31150000000
0!
0(
0H
0[
0m
#31155000000
1!
1(
1H
1[
1m
#31160000000
0!
0%
0(
0,
0H
0[
0m
0n
#31165000000
1!
1(
1H
1[
1m
0w
#31170000000
0!
0(
0H
0[
0m
#31175000000
1!
1(
1H
1[
1m
#31180000000
0!
1%
0(
1,
0H
0[
0m
1n
#31185000000
1!
1(
b01100000 2
14
b01100000 5
17
1H
b01100000 W
1Z
1[
1m
b01100000 q
1s
b000 t
b01100001 v
1w
#31190000000
0!
0(
0H
0[
0m
#31195000000
1!
1(
04
07
1H
0Z
1[
1m
0s
#31200000000
0!
0%
0(
0,
0H
0[
0m
0n
#31205000000
1!
1(
1H
1[
1m
0w
#31210000000
0!
0(
0H
0[
0m
#31215000000
1!
1(
1H
1[
1m
#31220000000
0!
1%
0(
1,
0H
0[
0m
1n
#31225000000
1!
1(
1H
1[
1m
b001 t
1w
#31230000000
0!
0(
0H
0[
0m
#31235000000
1!
1(
1H
1[
1m
#31240000000
0!
0%
0(
0,
0H
0[
0m
0n
#31245000000
1!
1(
1H
1[
1m
0w
#31250000000
0!
0(
0H
0[
0m
#31255000000
1!
1(
1H
1[
1m
#31260000000
0!
1%
0(
1,
0H
0[
0m
1n
#31265000000
1!
1(
1H
1[
1m
b010 t
1w
#31270000000
0!
0(
0H
0[
0m
#31275000000
1!
1(
1H
1[
1m
#31280000000
0!
0%
0(
0,
0H
0[
0m
0n
#31285000000
1!
1(
1H
1[
1m
0w
#31290000000
0!
0(
0H
0[
0m
#31295000000
1!
1(
1H
1[
1m
#31300000000
0!
1%
0(
1,
0H
0[
0m
1n
#31305000000
1!
1(
1H
1[
1m
b011 t
1w
#31310000000
0!
0(
0H
0[
0m
#31315000000
1!
1(
1H
1[
1m
#31320000000
0!
0%
0(
0,
0H
0[
0m
0n
#31325000000
1!
1(
1H
1[
1m
0w
#31330000000
0!
0(
0H
0[
0m
#31335000000
1!
1(
1H
1[
1m
#31340000000
0!
1%
0(
1,
0H
0[
0m
1n
#31345000000
1!
1(
1H
1[
1m
b100 t
1w
#31350000000
0!
0(
0H
0[
0m
#31355000000
1!
1(
1H
1[
1m
#31360000000
0!
0%
0(
0,
0H
0[
0m
0n
#31365000000
1!
1(
1H
1[
1m
0w
#31370000000
0!
0(
0H
0[
0m
#31375000000
1!
1(
1H
1[
1m
#31380000000
0!
1%
0(
1,
0H
0[
0m
1n
#31385000000
1!
1(
1H
1[
1m
b101 t
1w
#31390000000
0!
0(
0H
0[
0m
#31395000000
1!
1(
1H
1[
1m
#31400000000
0!
0%
0(
0,
0H
0[
0m
0n
#31405000000
1!
1(
1H
1[
1m
0w
#31410000000
0!
0(
0H
0[
0m
#31415000000
1!
1(
1H
1[
1m
#31420000000
0!
1%
0(
1,
0H
0[
0m
1n
#31425000000
1!
1(
1H
1[
1m
b110 t
1w
#31430000000
0!
0(
0H
0[
0m
#31435000000
1!
1(
1H
1[
1m
#31440000000
0!
0%
0(
0,
0H
0[
0m
0n
#31445000000
1!
1(
1H
1[
1m
0w
#31450000000
0!
0(
0H
0[
0m
#31455000000
1!
1(
1H
1[
1m
#31460000000
0!
1%
0(
1,
0H
0[
0m
1n
#31465000000
1!
1(
1H
1[
1m
b111 t
1w
#31470000000
0!
0(
0H
0[
0m
#31475000000
1!
1(
1H
1[
1m
#31480000000
0!
0%
0(
0,
0H
0[
0m
0n
#31485000000
1!
1(
1H
1[
1m
0w
#31490000000
0!
0(
0H
0[
0m
#31495000000
1!
1(
1H
1[
1m
#31500000000
0!
1%
0(
1,
0H
0[
0m
1n
#31505000000
1!
1(
b01100001 2
14
b01100001 5
17
1H
b01100001 W
1Z
1[
1m
b01100001 q
1s
b000 t
b01100010 v
1w
#31510000000
0!
0(
0H
0[
0m
#31515000000
1!
1(
04
07
1H
0Z
1[
1m
0s
#31520000000
0!
0%
0(
0,
0H
0[
0m
0n
#31525000000
1!
1(
1H
1[
1m
0w
#31530000000
0!
0(
0H
0[
0m
#31535000000
1!
1(
1H
1[
1m
#31540000000
0!
1%
0(
1,
0H
0[
0m
1n
#31545000000
1!
1(
1H
1[
1m
b001 t
1w
#31550000000
0!
0(
0H
0[
0m
#31555000000
1!
1(
1H
1[
1m
#31560000000
0!
0%
0(
0,
0H
0[
0m
0n
#31565000000
1!
1(
1H
1[
1m
0w
#31570000000
0!
0(
0H
0[
0m
#31575000000
1!
1(
1H
1[
1m
#31580000000
0!
1%
0(
1,
0H
0[
0m
1n
#31585000000
1!
1(
1H
1[
1m
b010 t
1w
#31590000000
0!
0(
0H
0[
0m
#31595000000
1!
1(
1H
1[
1m
#31600000000
0!
0%
0(
0,
0H
0[
0m
0n
#31605000000
1!
1(
1H
1[
1m
0w
#31610000000
0!
0(
0H
0[
0m
#31615000000
1!
1(
1H
1[
1m
#31620000000
0!
1%
0(
1,
0H
0[
0m
1n
#31625000000
1!
1(
1H
1[
1m
b011 t
1w
#31630000000
0!
0(
0H
0[
0m
#31635000000
1!
1(
1H
1[
1m
#31640000000
0!
0%
0(
0,
0H
0[
0m
0n
#31645000000
1!
1(
1H
1[
1m
0w
#31650000000
0!
0(
0H
0[
0m
#31655000000
1!
1(
1H
1[
1m
#31660000000
0!
1%
0(
1,
0H
0[
0m
1n
#31665000000
1!
1(
1H
1[
1m
b100 t
1w
#31670000000
0!
0(
0H
0[
0m
#31675000000
1!
1(
1H
1[
1m
#31680000000
0!
0%
0(
0,
0H
0[
0m
0n
#31685000000
1!
1(
1H
1[
1m
0w
#31690000000
0!
0(
0H
0[
0m
#31695000000
1!
1(
1H
1[
1m
#31700000000
0!
1%
0(
1,
0H
0[
0m
1n
#31705000000
1!
1(
1H
1[
1m
b101 t
1w
#31710000000
0!
0(
0H
0[
0m
#31715000000
1!
1(
1H
1[
1m
#31720000000
0!
0%
0(
0,
0H
0[
0m
0n
#31725000000
1!
1(
1H
1[
1m
0w
#31730000000
0!
0(
0H
0[
0m
#31735000000
1!
1(
1H
1[
1m
#31740000000
0!
1%
0(
1,
0H
0[
0m
1n
#31745000000
1!
1(
1H
1[
1m
b110 t
1w
#31750000000
0!
0(
0H
0[
0m
#31755000000
1!
1(
1H
1[
1m
#31760000000
0!
0%
0(
0,
0H
0[
0m
0n
#31765000000
1!
1(
1H
1[
1m
0w
#31770000000
0!
0(
0H
0[
0m
#31775000000
1!
1(
1H
1[
1m
#31780000000
0!
1%
0(
1,
0H
0[
0m
1n
#31785000000
1!
1(
1H
1[
1m
b111 t
1w
#31790000000
0!
0(
0H
0[
0m
#31795000000
1!
1(
1H
1[
1m
#31800000000
0!
0%
0(
0,
0H
0[
0m
0n
#31805000000
1!
1(
1H
1[
1m
0w
#31810000000
0!
0(
0H
0[
0m
#31815000000
1!
1(
1H
1[
1m
#31820000000
0!
1%
0(
1,
0H
0[
0m
1n
#31825000000
1!
1(
b01100010 2
14
b01100010 5
17
1H
b01100010 W
1Z
1[
1m
b01100010 q
1s
b000 t
b01100011 v
1w
#31830000000
0!
0(
0H
0[
0m
#31835000000
1!
1(
04
07
1H
0Z
1[
1m
0s
#31840000000
0!
0%
0(
0,
0H
0[
0m
0n
#31845000000
1!
1(
1H
1[
1m
0w
#31850000000
0!
0(
0H
0[
0m
#31855000000
1!
1(
1H
1[
1m
#31860000000
0!
1%
0(
1,
0H
0[
0m
1n
#31865000000
1!
1(
1H
1[
1m
b001 t
1w
#31870000000
0!
0(
0H
0[
0m
#31875000000
1!
1(
1H
1[
1m
#31880000000
0!
0%
0(
0,
0H
0[
0m
0n
#31885000000
1!
1(
1H
1[
1m
0w
#31890000000
0!
0(
0H
0[
0m
#31895000000
1!
1(
1H
1[
1m
#31900000000
0!
1%
0(
1,
0H
0[
0m
1n
#31905000000
1!
1(
1H
1[
1m
b010 t
1w
#31910000000
0!
0(
0H
0[
0m
#31915000000
1!
1(
1H
1[
1m
#31920000000
0!
0%
0(
0,
0H
0[
0m
0n
#31925000000
1!
1(
1H
1[
1m
0w
#31930000000
0!
0(
0H
0[
0m
#31935000000
1!
1(
1H
1[
1m
#31940000000
0!
1%
0(
1,
0H
0[
0m
1n
#31945000000
1!
1(
1H
1[
1m
b011 t
1w
#31950000000
0!
0(
0H
0[
0m
#31955000000
1!
1(
1H
1[
1m
#31960000000
0!
0%
0(
0,
0H
0[
0m
0n
#31965000000
1!
1(
1H
1[
1m
0w
#31970000000
0!
0(
0H
0[
0m
#31975000000
1!
1(
1H
1[
1m
#31980000000
0!
1%
0(
1,
0H
0[
0m
1n
#31985000000
1!
1(
1H
1[
1m
b100 t
1w
#31990000000
0!
0(
0H
0[
0m
#31995000000
1!
1(
1H
1[
1m
#32000000000
0!
0%
0(
0,
0H
0[
0m
0n
#32005000000
1!
1(
1H
1[
1m
0w
#32010000000
0!
0(
0H
0[
0m
#32015000000
1!
1(
1H
1[
1m
#32020000000
0!
1%
0(
1,
0H
0[
0m
1n
#32025000000
1!
1(
1H
1[
1m
b101 t
1w
#32030000000
0!
0(
0H
0[
0m
#32035000000
1!
1(
1H
1[
1m
#32040000000
0!
0%
0(
0,
0H
0[
0m
0n
#32045000000
1!
1(
1H
1[
1m
0w
#32050000000
0!
0(
0H
0[
0m
#32055000000
1!
1(
1H
1[
1m
#32060000000
0!
1%
0(
1,
0H
0[
0m
1n
#32065000000
1!
1(
1H
1[
1m
b110 t
1w
#32070000000
0!
0(
0H
0[
0m
#32075000000
1!
1(
1H
1[
1m
#32080000000
0!
0%
0(
0,
0H
0[
0m
0n
#32085000000
1!
1(
1H
1[
1m
0w
#32090000000
0!
0(
0H
0[
0m
#32095000000
1!
1(
1H
1[
1m
#32100000000
0!
1%
0(
1,
0H
0[
0m
1n
#32105000000
1!
1(
1H
1[
1m
b111 t
1w
#32110000000
0!
0(
0H
0[
0m
#32115000000
1!
1(
1H
1[
1m
#32120000000
0!
0%
0(
0,
0H
0[
0m
0n
#32125000000
1!
1(
1H
1[
1m
0w
#32130000000
0!
0(
0H
0[
0m
#32135000000
1!
1(
1H
1[
1m
#32140000000
0!
1%
0(
1,
0H
0[
0m
1n
#32145000000
1!
1(
b01100011 2
14
b01100011 5
17
1H
b01100011 W
1Z
1[
1m
b01100011 q
1s
b000 t
b01100100 v
1w
#32150000000
0!
0(
0H
0[
0m
#32155000000
1!
1(
04
07
1H
0Z
1[
1m
0s
#32160000000
0!
0%
0(
0,
0H
0[
0m
0n
#32165000000
1!
1(
1H
1[
1m
0w
#32170000000
0!
0(
0H
0[
0m
#32175000000
1!
1(
1H
1[
1m
#32180000000
0!
1%
0(
1,
0H
0[
0m
1n
#32185000000
1!
1(
1H
1[
1m
b001 t
1w
#32190000000
0!
0(
0H
0[
0m
#32195000000
1!
1(
1H
1[
1m
#32200000000
0!
0%
0(
0,
0H
0[
0m
0n
#32205000000
1!
1(
1H
1[
1m
0w
#32210000000
0!
0(
0H
0[
0m
#32215000000
1!
1(
1H
1[
1m
#32220000000
0!
1%
0(
1,
0H
0[
0m
1n
#32225000000
1!
1(
1H
1[
1m
b010 t
1w
#32230000000
0!
0(
0H
0[
0m
#32235000000
1!
1(
1H
1[
1m
#32240000000
0!
0%
0(
0,
0H
0[
0m
0n
#32245000000
1!
1(
1H
1[
1m
0w
#32250000000
0!
0(
0H
0[
0m
#32255000000
1!
1(
1H
1[
1m
#32260000000
0!
1%
0(
1,
0H
0[
0m
1n
#32265000000
1!
1(
1H
1[
1m
b011 t
1w
#32270000000
0!
0(
0H
0[
0m
#32275000000
1!
1(
1H
1[
1m
#32280000000
0!
0%
0(
0,
0H
0[
0m
0n
#32285000000
1!
1(
1H
1[
1m
0w
#32290000000
0!
0(
0H
0[
0m
#32295000000
1!
1(
1H
1[
1m
#32300000000
0!
1%
0(
1,
0H
0[
0m
1n
#32305000000
1!
1(
1H
1[
1m
b100 t
1w
#32310000000
0!
0(
0H
0[
0m
#32315000000
1!
1(
1H
1[
1m
#32320000000
0!
0%
0(
0,
0H
0[
0m
0n
#32325000000
1!
1(
1H
1[
1m
0w
#32330000000
0!
0(
0H
0[
0m
#32335000000
1!
1(
1H
1[
1m
#32340000000
0!
1%
0(
1,
0H
0[
0m
1n
#32345000000
1!
1(
1H
1[
1m
b101 t
1w
#32350000000
0!
0(
0H
0[
0m
#32355000000
1!
1(
1H
1[
1m
#32360000000
0!
0%
1'
0(
0,
1.
0H
0[
0m
0n
1p
#32365000000
1!
1(
1H
1[
1m
0w
#32370000000
0!
0(
0H
0[
0m
#32375000000
1!
1(
1H
1[
1m
#32380000000
0!
1%
0(
1,
0H
0[
0m
1n
#32385000000
1!
1(
1H
1[
1m
b110 t
b00000001 u
1w
#32390000000
0!
0(
0H
0[
0m
#32395000000
1!
1(
1H
1[
1m
#32400000000
0!
0%
0(
0,
0H
0[
0m
0n
#32405000000
1!
1(
1H
1[
1m
0w
#32410000000
0!
0(
0H
0[
0m
#32415000000
1!
1(
1H
1[
1m
#32420000000
0!
1%
0(
1,
0H
0[
0m
1n
#32425000000
1!
1(
1H
1[
1m
b111 t
b00000011 u
1w
#32430000000
0!
0(
0H
0[
0m
#32435000000
1!
1(
1H
1[
1m
#32440000000
0!
0%
0'
0(
0,
0.
0H
0[
0m
0n
0p
#32445000000
1!
1(
1H
1[
1m
0w
#32450000000
0!
0(
0H
0[
0m
#32455000000
1!
1(
1H
1[
1m
#32460000000
0!
1%
0(
1,
0H
0[
0m
1n
#32465000000
1!
1(
b01100100 2
b00000011 3
14
b01100100 5
b00000011 6
17
1H
b01100100 W
b00000011 X
1Z
1[
1m
b01100100 q
b00000011 r
1s
b000 t
b00000110 u
b01100101 v
1w
#32470000000
0!
0(
0H
0[
0m
#32475000000
1!
1(
04
07
1H
0Z
1[
1m
0s
#32480000000
0!
0%
0(
0,
0H
0[
0m
0n
#32485000000
1!
1(
1H
1[
1m
0w
#32490000000
0!
0(
0H
0[
0m
#32495000000
1!
1(
1H
1[
1m
#32500000000
0!
1%
0(
1,
0H
0[
0m
1n
#32505000000
1!
1(
1H
1[
1m
b001 t
b00001100 u
1w
#32510000000
0!
0(
0H
0[
0m
#32515000000
1!
1(
1H
1[
1m
#32520000000
0!
0%
0(
0,
0H
0[
0m
0n
#32525000000
1!
1(
1H
1[
1m
0w
#32530000000
0!
0(
0H
0[
0m
#32535000000
1!
1(
1H
1[
1m
#32540000000
0!
1%
0(
1,
0H
0[
0m
1n
#32545000000
1!
1(
1H
1[
1m
b010 t
b00011000 u
1w
#32550000000
0!
0(
0H
0[
0m
#32555000000
1!
1(
1H
1[
1m
#32560000000
0!
0%
0(
0,
0H
0[
0m
0n
#32565000000
1!
1(
1H
1[
1m
0w
#32570000000
0!
0(
0H
0[
0m
#32575000000
1!
1(
1H
1[
1m
#32580000000
0!
1%
0(
1,
0H
0[
0m
1n
#32585000000
1!
1(
1H
1[
1m
b011 t
b00110000 u
1w
#32590000000
0!
0(
0H
0[
0m
#32595000000
1!
1(
1H
1[
1m
#32600000000
0!
0%
0(
0,
0H
0[
0m
0n
#32605000000
1!
1(
1H
1[
1m
0w
#32610000000
0!
0(
0H
0[
0m
#32615000000
1!
1(
1H
1[
1m
#32620000000
0!
1%
0(
1,
0H
0[
0m
1n
#32625000000
1!
1(
1H
1[
1m
b100 t
b01100000 u
1w
#32630000000
0!
0(
0H
0[
0m
#32635000000
1!
1(
1H
1[
1m
#32640000000
0!
0%
0(
0,
0H
0[
0m
0n
#32645000000
1!
1(
1H
1[
1m
0w
#32650000000
0!
0(
0H
0[
0m
#32655000000
1!
1(
1H
1[
1m
#32660000000
0!
1%
0(
1,
0H
0[
0m
1n
#32665000000
1!
1(
1H
1[
1m
b101 t
b11000000 u
1w
#32670000000
0!
0(
0H
0[
0m
#32675000000
1!
1(
1H
1[
1m
#32680000000
0!
0%
1'
0(
0,
1.
0H
0[
0m
0n
1p
#32685000000
1!
1(
1H
1[
1m
0w
#32690000000
0!
0(
0H
0[
0m
#32695000000
1!
1(
1H
1[
1m
#32700000000
0!
1%
0(
1,
0H
0[
0m
1n
#32705000000
1!
1(
1H
1[
1m
b110 t
b10000001 u
1w
#32710000000
0!
0(
0H
0[
0m
#32715000000
1!
1(
1H
1[
1m
#32720000000
0!
0%
0'
0(
0,
0.
0H
0[
0m
0n
0p
#32725000000
1!
1(
1H
1[
1m
0w
#32730000000
0!
0(
0H
0[
0m
#32735000000
1!
1(
1H
1[
1m
#32740000000
0!
1%
0(
1,
0H
0[
0m
1n
#32745000000
1!
1(
1H
1[
1m
b111 t
b00000010 u
1w
#32750000000
0!
0(
0H
0[
0m
#32755000000
1!
1(
1H
1[
1m
#32760000000
0!
0%
0(
0,
0H
0[
0m
0n
#32765000000
1!
1(
1H
1[
1m
0w
#32770000000
0!
0(
0H
0[
0m
#32775000000
1!
1(
1H
1[
1m
#32780000000
0!
1%
0(
1,
0H
0[
0m
1n
#32785000000
1!
1(
b01100101 2
b00000010 3
14
b01100101 5
b00000010 6
17
1H
b01100101 W
b00000010 X
1Z
1[
1m
b01100101 q
b00000010 r
1s
b000 t
b00000100 u
b01100110 v
1w
#32790000000
0!
0(
0H
0[
0m
#32795000000
1!
1(
04
07
1H
0Z
1[
1m
0s
#32800000000
0!
0%
0(
0,
0H
0[
0m
0n
#32805000000
1!
1(
1H
1[
1m
0w
#32810000000
0!
b0000 #
1&
0(
b0000 *
1-
b00000000 5
b00000000 6
0C
0H
0I
b0000 K
b00000000 W
b00000000 X
0[
0\
0m
1o
#32815000000
1!
1(
1H
1[
1m
b00000000 v
#32820000000
0!
0(
0H
0[
0m
#32825000000
1!
1(
1H
1[
1m
#32830000000
0!
0(
0H
0[
0m
#32835000000
1!
1(
1H
1[
1m
#32840000000
0!
0(
0H
0[
0m
#32845000000
1!
1(
b00000001 /
b00000001 5
b00000001 D
1H
b00000001 W
1[
1m
#32850000000
0!
0(
0H
0[
0m
#32855000000
1!
1(
1H
1[
1m
#32860000000
0!
0(
0H
0[
0m
#32865000000
1!
1(
1H
1[
1m
#32870000000
0!
0(
0H
0[
0m
#32875000000
1!
1(
b00000010 /
b00000010 5
b00000010 D
1H
b00000010 W
1[
1m
#32880000000
0!
0(
0H
0[
0m
#32885000000
1!
1(
1H
1[
1m
#32890000000
0!
0(
0H
0[
0m
#32895000000
1!
1(
1H
1[
1m
#32900000000
0!
0(
0H
0[
0m
#32905000000
1!
1(
b00000011 /
b00000011 5
b00000011 D
1H
b00000011 W
1[
1m
#32910000000
0!
0(
0H
0[
0m
#32915000000
1!
1(
1H
1[
1m
#32920000000
0!
0(
0H
0[
0m
#32925000000
1!
1(
1H
1[
1m
#32930000000
0!
0(
0H
0[
0m
#32935000000
1!
1(
b00000100 /
b00000100 5
b00000100 D
1H
b00000100 W
1[
1m
#32940000000
0!
0(
0H
0[
0m
#32945000000
1!
1(
1H
1[
1m
#32950000000
0!
0(
0H
0[
0m
#32955000000
1!
1(
1H
1[
1m
#32960000000
0!
0(
0H
0[
0m
#32965000000
1!
1(
b00000101 /
b00000101 5
b00000101 D
1H
b00000101 W
1[
1m
#32970000000
0!
0(
0H
0[
0m
#32975000000
1!
1(
1H
1[
1m
#32980000000
0!
0(
0H
0[
0m
#32985000000
1!
1(
1H
1[
1m
#32990000000
0!
0(
0H
0[
0m
#32995000000
1!
1(
b00000110 /
b00000110 5
b00000110 D
1H
b00000110 W
1[
1m
#33000000000
0!
0(
0H
0[
0m
#33005000000
1!
1(
1H
1[
1m
#33010000000
0!
0(
0H
0[
0m
#33015000000
1!
1(
1H
1[
1m
#33020000000
0!
0(
0H
0[
0m
#33025000000
1!
1(
b00000111 /
b00000111 5
b00000111 D
1H
b00000111 W
1[
1m
#33030000000
0!
0(
0H
0[
0m
#33035000000
1!
1(
1H
1[
1m
#33040000000
0!
0(
0H
0[
0m
#33045000000
1!
1(
1H
1[
1m
#33050000000
0!
0(
0H
0[
0m
#33055000000
1!
1(
b00001000 /
b00001000 5
b00001000 D
1H
b00001000 W
1[
1m
#33060000000
0!
0(
0H
0[
0m
#33065000000
1!
1(
1H
1[
1m
#33070000000
0!
0(
0H
0[
0m
#33075000000
1!
1(
1H
1[
1m
#33080000000
0!
0(
0H
0[
0m
#33085000000
1!
1(
b00001001 /
b00001001 5
b00001001 D
1H
b00001001 W
1[
1m
#33090000000
0!
0(
0H
0[
0m
#33095000000
1!
1(
1H
1[
1m
#33100000000
0!
0(
0H
0[
0m
#33105000000
1!
1(
1H
1[
1m
#33110000000
0!
0(
0H
0[
0m
#33115000000
1!
1(
b00001010 /
b00001010 5
b00001010 D
1H
b00001010 W
1[
1m
#33120000000
0!
0(
0H
0[
0m
#33125000000
1!
1(
1H
1[
1m
#33130000000
0!
0(
0H
0[
0m
#33135000000
1!
1(
1H
1[
1m
#33140000000
0!
0(
0H
0[
0m
#33145000000
1!
1(
b00001011 /
b00001011 5
b00001011 D
1H
b00001011 W
1[
1m
#33150000000
0!
0(
0H
0[
0m
#33155000000
1!
1(
1H
1[
1m
#33160000000
0!
0(
0H
0[
0m
#33165000000
1!
1(
1H
1[
1m
#33170000000
0!
0(
0H
0[
0m
#33175000000
1!
1(
b00001100 /
b00001100 5
b00001100 D
1H
b00001100 W
1[
1m
#33180000000
0!
0(
0H
0[
0m
#33185000000
1!
1(
1H
1[
1m
#33190000000
0!
0(
0H
0[
0m
#33195000000
1!
1(
1H
1[
1m
#33200000000
0!
0(
0H
0[
0m
#33205000000
1!
1(
b00001101 /
b00001101 5
b00001101 D
1H
b00001101 W
1[
1m
#33210000000
0!
0(
0H
0[
0m
#33215000000
1!
1(
1H
1[
1m
#33220000000
0!
0(
0H
0[
0m
#33225000000
1!
1(
1H
1[
1m
#33230000000
0!
0(
0H
0[
0m
#33235000000
1!
1(
b00001110 /
b00001110 5
b00001110 D
1H
b00001110 W
1[
1m
#33240000000
0!
0(
0H
0[
0m
#33245000000
1!
1(
1H
1[
1m
#33250000000
0!
0(
0H
0[
0m
#33255000000
1!
1(
1H
1[
1m
#33260000000
0!
0(
0H
0[
0m
#33265000000
1!
1(
b00001111 /
b00001111 5
b00001111 D
1H
b00001111 W
1[
1m
#33270000000
0!
0(
0H
0[
0m
#33275000000
1!
1(
1H
1[
1m
#33280000000
0!
0(
0H
0[
0m
#33285000000
1!
1(
1H
1[
1m
#33290000000
0!
0(
0H
0[
0m
#33295000000
1!
1(
b00010000 /
b00010000 5
b00010000 D
1H
b00010000 W
1[
1m
#33300000000
0!
0(
0H
0[
0m
#33305000000
1!
1(
1H
1[
1m
#33310000000
0!
0(
0H
0[
0m
#33315000000
1!
1(
1H
1[
1m
#33320000000
0!
0(
0H
0[
0m
#33325000000
1!
1(
b00010001 /
b00010001 5
b00010001 D
1H
b00010001 W
1[
1m
#33330000000
0!
0(
0H
0[
0m
#33335000000
1!
1(
1H
1[
1m
#33340000000
0!
0(
0H
0[
0m
#33345000000
1!
1(
1H
1[
1m
#33350000000
0!
0(
0H
0[
0m
#33355000000
1!
1(
b00010010 /
b00010010 5
b00010010 D
1H
b00010010 W
1[
1m
#33360000000
0!
0(
0H
0[
0m
#33365000000
1!
1(
1H
1[
1m
#33370000000
0!
0(
0H
0[
0m
#33375000000
1!
1(
1H
1[
1m
#33380000000
0!
0(
0H
0[
0m
#33385000000
1!
1(
b00010011 /
b00010011 5
b00010011 D
1H
b00010011 W
1[
1m
#33390000000
0!
0(
0H
0[
0m
#33395000000
1!
1(
1H
1[
1m
#33400000000
0!
0(
0H
0[
0m
#33405000000
1!
1(
1H
1[
1m
#33410000000
0!
0(
0H
0[
0m
#33415000000
1!
1(
b00010100 /
b00010100 5
b00010100 D
1H
b00010100 W
1[
1m
#33420000000
0!
0(
0H
0[
0m
#33425000000
1!
1(
1H
1[
1m
#33430000000
0!
0(
0H
0[
0m
#33435000000
1!
1(
1H
1[
1m
#33440000000
0!
0(
0H
0[
0m
#33445000000
1!
1(
b00010101 /
b00010101 5
b00010101 D
1H
b00010101 W
1[
1m
#33450000000
0!
0(
0H
0[
0m
#33455000000
1!
1(
1H
1[
1m
#33460000000
0!
0(
0H
0[
0m
#33465000000
1!
1(
1H
1[
1m
#33470000000
0!
0(
0H
0[
0m
#33475000000
1!
1(
b00010110 /
b00010110 5
b00010110 D
1H
b00010110 W
1[
1m
#33480000000
0!
0(
0H
0[
0m
#33485000000
1!
1(
1H
1[
1m
#33490000000
0!
0(
0H
0[
0m
#33495000000
1!
1(
1H
1[
1m
#33500000000
0!
0(
0H
0[
0m
#33505000000
1!
1(
b00010111 /
b00010111 5
b00010111 D
1H
b00010111 W
1[
1m
#33510000000
0!
0(
0H
0[
0m
#33515000000
1!
1(
1H
1[
1m
#33520000000
0!
0(
0H
0[
0m
#33525000000
1!
1(
1H
1[
1m
#33530000000
0!
0(
0H
0[
0m
#33535000000
1!
1(
b00011000 /
b00011000 5
b00011000 D
1H
b00011000 W
1[
1m
#33540000000
0!
0(
0H
0[
0m
#33545000000
1!
1(
1H
1[
1m
#33550000000
0!
0(
0H
0[
0m
#33555000000
1!
1(
1H
1[
1m
#33560000000
0!
0(
0H
0[
0m
#33565000000
1!
1(
b00011001 /
b00011001 5
b00011001 D
1H
b00011001 W
1[
1m
#33570000000
0!
0(
0H
0[
0m
#33575000000
1!
1(
1H
1[
1m
#33580000000
0!
0(
0H
0[
0m
#33585000000
1!
1(
1H
1[
1m
#33590000000
0!
0(
0H
0[
0m
#33595000000
1!
1(
b00011010 /
b00011010 5
b00011010 D
1H
b00011010 W
1[
1m
#33600000000
0!
0(
0H
0[
0m
#33605000000
1!
1(
1H
1[
1m
#33610000000
0!
0(
0H
0[
0m
#33615000000
1!
1(
1H
1[
1m
#33620000000
0!
0(
0H
0[
0m
#33625000000
1!
1(
b00011011 /
b00011011 5
b00011011 D
1H
b00011011 W
1[
1m
#33630000000
0!
0(
0H
0[
0m
#33635000000
1!
1(
1H
1[
1m
#33640000000
0!
0(
0H
0[
0m
#33645000000
1!
1(
1H
1[
1m
#33650000000
0!
0(
0H
0[
0m
#33655000000
1!
1(
b00011100 /
b00011100 5
b00011100 D
1H
b00011100 W
1[
1m
#33660000000
0!
0(
0H
0[
0m
#33665000000
1!
1(
1H
1[
1m
#33670000000
0!
0(
0H
0[
0m
#33675000000
1!
1(
1H
1[
1m
#33680000000
0!
0(
0H
0[
0m
#33685000000
1!
1(
b00011101 /
b00011101 5
b00011101 D
1H
b00011101 W
1[
1m
#33690000000
0!
0(
0H
0[
0m
#33695000000
1!
1(
1H
1[
1m
#33700000000
0!
0(
0H
0[
0m
#33705000000
1!
1(
1H
1[
1m
#33710000000
0!
0(
0H
0[
0m
#33715000000
1!
1(
b00011110 /
b00011110 5
b00011110 D
1H
b00011110 W
1[
1m
#33720000000
0!
0(
0H
0[
0m
#33725000000
1!
1(
1H
1[
1m
#33730000000
0!
0(
0H
0[
0m
#33735000000
1!
1(
1H
1[
1m
#33740000000
0!
0(
0H
0[
0m
#33745000000
1!
1(
b00011111 /
b00011111 5
b00011111 D
1H
b00011111 W
1[
1m
#33750000000
0!
0(
0H
0[
0m
#33755000000
1!
1(
1H
1[
1m
#33760000000
0!
0(
0H
0[
0m
#33765000000
1!
1(
1H
1[
1m
#33770000000
0!
0(
0H
0[
0m
#33775000000
1!
1(
b00100000 /
b00100000 5
b00100000 D
1H
b00100000 W
1[
1m
#33780000000
0!
0(
0H
0[
0m
#33785000000
1!
1(
1H
1[
1m
#33790000000
0!
0(
0H
0[
0m
#33795000000
1!
1(
1H
1[
1m
#33800000000
0!
0(
0H
0[
0m
#33805000000
1!
1(
b00100001 /
b00100001 5
b00100001 D
1H
b00100001 W
1[
1m
#33810000000
0!
0(
0H
0[
0m
#33815000000
1!
1(
1H
1[
1m
#33820000000
0!
0(
0H
0[
0m
#33825000000
1!
1(
1H
1[
1m
#33830000000
0!
0(
0H
0[
0m
#33835000000
1!
1(
b00100010 /
b00100010 5
b00100010 D
1H
b00100010 W
1[
1m
#33840000000
0!
0(
0H
0[
0m
#33845000000
1!
1(
1H
1[
1m
#33850000000
0!
0(
0H
0[
0m
#33855000000
1!
1(
1H
1[
1m
#33860000000
0!
0(
0H
0[
0m
#33865000000
1!
1(
b00100011 /
b00100011 5
b00100011 D
1H
b00100011 W
1[
1m
#33870000000
0!
0(
0H
0[
0m
#33875000000
1!
1(
1H
1[
1m
#33880000000
0!
0(
0H
0[
0m
#33885000000
1!
1(
1H
1[
1m
#33890000000
0!
0(
0H
0[
0m
#33895000000
1!
1(
b00100100 /
b00100100 5
b00100100 D
1H
b00100100 W
1[
1m
#33900000000
0!
0(
0H
0[
0m
#33905000000
1!
1(
1H
1[
1m
#33910000000
0!
0(
0H
0[
0m
#33915000000
1!
1(
1H
1[
1m
#33920000000
0!
0(
0H
0[
0m
#33925000000
1!
1(
b00100101 /
b00100101 5
b00100101 D
1H
b00100101 W
1[
1m
#33930000000
0!
0(
0H
0[
0m
#33935000000
1!
1(
1H
1[
1m
#33940000000
0!
0(
0H
0[
0m
#33945000000
1!
1(
1H
1[
1m
#33950000000
0!
0(
0H
0[
0m
#33955000000
1!
1(
b00100110 /
b00100110 5
b00100110 D
1H
b00100110 W
1[
1m
#33960000000
0!
0(
0H
0[
0m
#33965000000
1!
1(
1H
1[
1m
#33970000000
0!
0(
0H
0[
0m
#33975000000
1!
1(
1H
1[
1m
#33980000000
0!
0(
0H
0[
0m
#33985000000
1!
1(
b00100111 /
b00100111 5
b00100111 D
1H
b00100111 W
1[
1m
#33990000000
0!
0(
0H
0[
0m
#33995000000
1!
1(
1H
1[
1m
#34000000000
0!
0(
0H
0[
0m
#34005000000
1!
1(
1H
1[
1m
#34010000000
0!
0(
0H
0[
0m
#34015000000
1!
1(
b00101000 /
b00101000 5
b00101000 D
1H
b00101000 W
1[
1m
#34020000000
0!
0(
0H
0[
0m
#34025000000
1!
1(
1H
1[
1m
#34030000000
0!
0(
0H
0[
0m
#34035000000
1!
1(
1H
1[
1m
#34040000000
0!
0(
0H
0[
0m
#34045000000
1!
1(
b00101001 /
b00101001 5
b00101001 D
1H
b00101001 W
1[
1m
#34050000000
0!
0(
0H
0[
0m
#34055000000
1!
1(
1H
1[
1m
#34060000000
0!
0(
0H
0[
0m
#34065000000
1!
1(
1H
1[
1m
#34070000000
0!
0(
0H
0[
0m
#34075000000
1!
1(
b00101010 /
b00101010 5
b00101010 D
1H
b00101010 W
1[
1m
#34080000000
0!
0(
0H
0[
0m
#34085000000
1!
1(
1H
1[
1m
#34090000000
0!
0(
0H
0[
0m
#34095000000
1!
1(
1H
1[
1m
#34100000000
0!
0(
0H
0[
0m
#34105000000
1!
1(
b00101011 /
b00101011 5
b00101011 D
1H
b00101011 W
1[
1m
#34110000000
0!
0(
0H
0[
0m
#34115000000
1!
1(
1H
1[
1m
#34120000000
0!
0(
0H
0[
0m
#34125000000
1!
1(
1H
1[
1m
#34130000000
0!
0(
0H
0[
0m
#34135000000
1!
1(
b00101100 /
b00101100 5
b00101100 D
1H
b00101100 W
1[
1m
#34140000000
0!
0(
0H
0[
0m
#34145000000
1!
1(
1H
1[
1m
#34150000000
0!
0(
0H
0[
0m
#34155000000
1!
1(
1H
1[
1m
#34160000000
0!
0(
0H
0[
0m
#34165000000
1!
1(
b00101101 /
b00101101 5
b00101101 D
1H
b00101101 W
1[
1m
#34170000000
0!
0(
0H
0[
0m
#34175000000
1!
1(
1H
1[
1m
#34180000000
0!
0(
0H
0[
0m
#34185000000
1!
1(
1H
1[
1m
#34190000000
0!
0(
0H
0[
0m
#34195000000
1!
1(
b00101110 /
b00101110 5
b00101110 D
1H
b00101110 W
1[
1m
#34200000000
0!
0(
0H
0[
0m
#34205000000
1!
1(
1H
1[
1m
#34210000000
0!
0(
0H
0[
0m
#34215000000
1!
1(
1H
1[
1m
#34220000000
0!
0(
0H
0[
0m
#34225000000
1!
1(
b00101111 /
b00101111 5
b00101111 D
1H
b00101111 W
1[
1m
#34230000000
0!
0(
0H
0[
0m
#34235000000
1!
1(
1H
1[
1m
#34240000000
0!
0(
0H
0[
0m
#34245000000
1!
1(
1H
1[
1m
#34250000000
0!
0(
0H
0[
0m
#34255000000
1!
1(
b00110000 /
b00110000 5
b00110000 D
1H
b00110000 W
1[
1m
#34260000000
0!
0(
0H
0[
0m
#34265000000
1!
1(
1H
1[
1m
#34270000000
0!
0(
0H
0[
0m
#34275000000
1!
1(
1H
1[
1m
#34280000000
0!
0(
0H
0[
0m
#34285000000
1!
1(
b00110001 /
b00110001 5
b00110001 D
1H
b00110001 W
1[
1m
#34290000000
0!
0(
0H
0[
0m
#34295000000
1!
1(
1H
1[
1m
#34300000000
0!
0(
0H
0[
0m
#34305000000
1!
1(
1H
1[
1m
#34310000000
0!
0(
0H
0[
0m
#34315000000
1!
1(
b00110010 /
b00110010 5
b00110010 D
1H
b00110010 W
1[
1m
#34320000000
0!
0(
0H
0[
0m
#34325000000
1!
1(
1H
1[
1m
#34330000000
0!
0(
0H
0[
0m
#34335000000
1!
1(
1H
1[
1m
#34340000000
0!
0(
0H
0[
0m
#34345000000
1!
1(
b00110011 /
b00110011 5
b00110011 D
1H
b00110011 W
1[
1m
#34350000000
0!
0(
0H
0[
0m
#34355000000
1!
1(
1H
1[
1m
#34360000000
0!
0(
0H
0[
0m
#34365000000
1!
1(
1H
1[
1m
#34370000000
0!
0(
0H
0[
0m
#34375000000
1!
1(
b00110100 /
b00110100 5
b00110100 D
1H
b00110100 W
1[
1m
#34380000000
0!
0(
0H
0[
0m
#34385000000
1!
1(
1H
1[
1m
#34390000000
0!
0(
0H
0[
0m
#34395000000
1!
1(
1H
1[
1m
#34400000000
0!
0(
0H
0[
0m
#34405000000
1!
1(
b00110101 /
b00110101 5
b00110101 D
1H
b00110101 W
1[
1m
#34410000000
0!
0(
0H
0[
0m
#34415000000
1!
1(
1H
1[
1m
#34420000000
0!
0(
0H
0[
0m
#34425000000
1!
1(
1H
1[
1m
#34430000000
0!
0(
0H
0[
0m
#34435000000
1!
1(
b00110110 /
b00110110 5
b00110110 D
1H
b00110110 W
1[
1m
#34440000000
0!
0(
0H
0[
0m
#34445000000
1!
1(
1H
1[
1m
#34450000000
0!
0(
0H
0[
0m
#34455000000
1!
1(
1H
1[
1m
#34460000000
0!
0(
0H
0[
0m
#34465000000
1!
1(
b00110111 /
b00110111 5
b00110111 D
1H
b00110111 W
1[
1m
#34470000000
0!
0(
0H
0[
0m
#34475000000
1!
1(
1H
1[
1m
#34480000000
0!
0(
0H
0[
0m
#34485000000
1!
1(
1H
1[
1m
#34490000000
0!
0(
0H
0[
0m
#34495000000
1!
1(
b00111000 /
b00111000 5
b00111000 D
1H
b00111000 W
1[
1m
#34500000000
0!
0(
0H
0[
0m
#34505000000
1!
1(
1H
1[
1m
#34510000000
0!
0(
0H
0[
0m
#34515000000
1!
1(
1H
1[
1m
#34520000000
0!
0(
0H
0[
0m
#34525000000
1!
1(
b00111001 /
b00111001 5
b00111001 D
1H
b00111001 W
1[
1m
#34530000000
0!
0(
0H
0[
0m
#34535000000
1!
1(
1H
1[
1m
#34540000000
0!
0(
0H
0[
0m
#34545000000
1!
1(
1H
1[
1m
#34550000000
0!
0(
0H
0[
0m
#34555000000
1!
1(
b00111010 /
b00111010 5
b00111010 D
1H
b00111010 W
1[
1m
#34560000000
0!
0(
0H
0[
0m
#34565000000
1!
1(
1H
1[
1m
#34570000000
0!
0(
0H
0[
0m
#34575000000
1!
1(
1H
1[
1m
#34580000000
0!
0(
0H
0[
0m
#34585000000
1!
1(
b00111011 /
b00111011 5
b00111011 D
1H
b00111011 W
1[
1m
#34590000000
0!
0(
0H
0[
0m
#34595000000
1!
1(
1H
1[
1m
#34600000000
0!
0(
0H
0[
0m
#34605000000
1!
1(
1H
1[
1m
#34610000000
0!
0(
0H
0[
0m
#34615000000
1!
1(
b00111100 /
b00111100 5
b00111100 D
1H
b00111100 W
1[
1m
#34620000000
0!
0(
0H
0[
0m
#34625000000
1!
1(
1H
1[
1m
#34630000000
0!
0(
0H
0[
0m
#34635000000
1!
1(
1H
1[
1m
#34640000000
0!
0(
0H
0[
0m
#34645000000
1!
1(
b00111101 /
b00111101 5
b00111101 D
1H
b00111101 W
1[
1m
#34650000000
0!
0(
0H
0[
0m
#34655000000
1!
1(
1H
1[
1m
#34660000000
0!
0(
0H
0[
0m
#34665000000
1!
1(
1H
1[
1m
#34670000000
0!
0(
0H
0[
0m
#34675000000
1!
1(
b00111110 /
b00111110 5
b00111110 D
1H
b00111110 W
1[
1m
#34680000000
0!
0(
0H
0[
0m
#34685000000
1!
1(
1H
1[
1m
#34690000000
0!
0(
0H
0[
0m
#34695000000
1!
1(
1H
1[
1m
#34700000000
0!
0(
0H
0[
0m
#34705000000
1!
1(
b00111111 /
b00111111 5
b00111111 D
1H
b00111111 W
1[
1m
#34710000000
0!
0(
0H
0[
0m
#34715000000
1!
1(
1H
1[
1m
#34720000000
0!
0(
0H
0[
0m
#34725000000
1!
1(
1H
1[
1m
#34730000000
0!
0(
0H
0[
0m
#34735000000
1!
1(
b01000000 /
b01000000 5
b01000000 D
1H
b01000000 W
1[
1m
#34740000000
0!
0(
0H
0[
0m
#34745000000
1!
1(
1H
1[
1m
#34750000000
0!
0(
0H
0[
0m
#34755000000
1!
1(
1H
1[
1m
#34760000000
0!
0(
0H
0[
0m
#34765000000
1!
1(
b01000001 /
b01000001 5
b01000001 D
1H
b01000001 W
1[
1m
#34770000000
0!
0(
0H
0[
0m
#34775000000
1!
1(
1H
1[
1m
#34780000000
0!
0(
0H
0[
0m
#34785000000
1!
1(
1H
1[
1m
#34790000000
0!
0(
0H
0[
0m
#34795000000
1!
1(
b01000010 /
b01000010 5
b01000010 D
1H
b01000010 W
1[
1m
#34800000000
0!
0(
0H
0[
0m
#34805000000
1!
1(
1H
1[
1m
#34810000000
0!
0(
0H
0[
0m
#34815000000
1!
1(
1H
1[
1m
#34820000000
0!
0(
0H
0[
0m
#34825000000
1!
1(
b01000011 /
b01000011 5
b01000011 D
1H
b01000011 W
1[
1m
#34830000000
0!
0(
0H
0[
0m
#34835000000
1!
1(
1H
1[
1m
#34840000000
0!
0(
0H
0[
0m
#34845000000
1!
1(
1H
1[
1m
#34850000000
0!
0(
0H
0[
0m
#34855000000
1!
1(
b01000100 /
b01000100 5
b01000100 D
1H
b01000100 W
1[
1m
#34860000000
0!
0(
0H
0[
0m
#34865000000
1!
1(
1H
1[
1m
#34870000000
0!
0(
0H
0[
0m
#34875000000
1!
1(
1H
1[
1m
#34880000000
0!
0(
0H
0[
0m
#34885000000
1!
1(
b01000101 /
b01000101 5
b01000101 D
1H
b01000101 W
1[
1m
#34890000000
0!
0(
0H
0[
0m
#34895000000
1!
1(
1H
1[
1m
#34900000000
0!
0(
0H
0[
0m
#34905000000
1!
1(
1H
1[
1m
#34910000000
0!
0(
0H
0[
0m
#34915000000
1!
1(
b01000110 /
b01000110 5
b01000110 D
1H
b01000110 W
1[
1m
#34920000000
0!
0(
0H
0[
0m
#34925000000
1!
1(
1H
1[
1m
#34930000000
0!
0(
0H
0[
0m
#34935000000
1!
1(
1H
1[
1m
#34940000000
0!
0(
0H
0[
0m
#34945000000
1!
1(
b01000111 /
b01000111 5
b01000111 D
1H
b01000111 W
1[
1m
#34950000000
0!
0(
0H
0[
0m
#34955000000
1!
1(
1H
1[
1m
#34960000000
0!
0(
0H
0[
0m
#34965000000
1!
1(
1H
1[
1m
#34970000000
0!
0(
0H
0[
0m
#34975000000
1!
1(
b01001000 /
b01001000 5
b01001000 D
1H
b01001000 W
1[
1m
#34980000000
0!
0(
0H
0[
0m
#34985000000
1!
1(
1H
1[
1m
#34990000000
0!
0(
0H
0[
0m
#34995000000
1!
1(
1H
1[
1m
#35000000000
0!
0(
0H
0[
0m
#35005000000
1!
1(
b01001001 /
b01001001 5
b01001001 D
1H
b01001001 W
1[
1m
#35010000000
0!
0(
0H
0[
0m
#35015000000
1!
1(
1H
1[
1m
#35020000000
0!
0(
0H
0[
0m
#35025000000
1!
1(
1H
1[
1m
#35030000000
0!
0(
0H
0[
0m
#35035000000
1!
1(
b01001010 /
b01001010 5
b01001010 D
1H
b01001010 W
1[
1m
#35040000000
0!
0(
0H
0[
0m
#35045000000
1!
1(
1H
1[
1m
#35050000000
0!
0(
0H
0[
0m
#35055000000
1!
1(
1H
1[
1m
#35060000000
0!
0(
0H
0[
0m
#35065000000
1!
1(
b01001011 /
b01001011 5
b01001011 D
1H
b01001011 W
1[
1m
#35070000000
0!
0(
0H
0[
0m
#35075000000
1!
1(
1H
1[
1m
#35080000000
0!
0(
0H
0[
0m
#35085000000
1!
1(
1H
1[
1m
#35090000000
0!
0(
0H
0[
0m
#35095000000
1!
1(
b01001100 /
b01001100 5
b01001100 D
1H
b01001100 W
1[
1m
#35100000000
0!
0(
0H
0[
0m
#35105000000
1!
1(
1H
1[
1m
#35110000000
0!
0(
0H
0[
0m
#35115000000
1!
1(
1H
1[
1m
#35120000000
0!
0(
0H
0[
0m
#35125000000
1!
1(
b01001101 /
b01001101 5
b01001101 D
1H
b01001101 W
1[
1m
#35130000000
0!
0(
0H
0[
0m
#35135000000
1!
1(
1H
1[
1m
#35140000000
0!
0(
0H
0[
0m
#35145000000
1!
1(
1H
1[
1m
#35150000000
0!
0(
0H
0[
0m
#35155000000
1!
1(
b01001110 /
b01001110 5
b01001110 D
1H
b01001110 W
1[
1m
#35160000000
0!
0(
0H
0[
0m
#35165000000
1!
1(
1H
1[
1m
#35170000000
0!
0(
0H
0[
0m
#35175000000
1!
1(
1H
1[
1m
#35180000000
0!
0(
0H
0[
0m
#35185000000
1!
1(
b01001111 /
b01001111 5
b01001111 D
1H
b01001111 W
1[
1m
#35190000000
0!
0(
0H
0[
0m
#35195000000
1!
1(
1H
1[
1m
#35200000000
0!
0(
0H
0[
0m
#35205000000
1!
1(
1H
1[
1m
#35210000000
0!
0(
0H
0[
0m
#35215000000
1!
1(
b01010000 /
b01010000 5
b01010000 D
1H
b01010000 W
1[
1m
#35220000000
0!
0(
0H
0[
0m
#35225000000
1!
1(
1H
1[
1m
#35230000000
0!
0(
0H
0[
0m
#35235000000
1!
1(
1H
1[
1m
#35240000000
0!
0(
0H
0[
0m
#35245000000
1!
1(
b01010001 /
b01010001 5
b01010001 D
1H
b01010001 W
1[
1m
#35250000000
0!
0(
0H
0[
0m
#35255000000
1!
1(
1H
1[
1m
#35260000000
0!
0(
0H
0[
0m
#35265000000
1!
1(
1H
1[
1m
#35270000000
0!
0(
0H
0[
0m
#35275000000
1!
1(
b01010010 /
b01010010 5
b01010010 D
1H
b01010010 W
1[
1m
#35280000000
0!
0(
0H
0[
0m
#35285000000
1!
1(
1H
1[
1m
#35290000000
0!
0(
0H
0[
0m
#35295000000
1!
1(
1H
1[
1m
#35300000000
0!
0(
0H
0[
0m
#35305000000
1!
1(
b01010011 /
b01010011 5
b01010011 D
1H
b01010011 W
1[
1m
#35310000000
0!
0(
0H
0[
0m
#35315000000
1!
1(
1H
1[
1m
#35320000000
0!
0(
0H
0[
0m
#35325000000
1!
1(
1H
1[
1m
#35330000000
0!
0(
0H
0[
0m
#35335000000
1!
1(
b01010100 /
b01010100 5
b01010100 D
1H
b01010100 W
1[
1m
#35340000000
0!
0(
0H
0[
0m
#35345000000
1!
1(
1H
1[
1m
#35350000000
0!
0(
0H
0[
0m
#35355000000
1!
1(
1H
1[
1m
#35360000000
0!
0(
0H
0[
0m
#35365000000
1!
1(
b01010101 /
b01010101 5
b01010101 D
1H
b01010101 W
1[
1m
#35370000000
0!
0(
0H
0[
0m
#35375000000
1!
1(
1H
1[
1m
#35380000000
0!
0(
0H
0[
0m
#35385000000
1!
1(
1H
1[
1m
#35390000000
0!
0(
0H
0[
0m
#35395000000
1!
1(
b01010110 /
b01010110 5
b01010110 D
1H
b01010110 W
1[
1m
#35400000000
0!
0(
0H
0[
0m
#35405000000
1!
1(
1H
1[
1m
#35410000000
0!
0(
0H
0[
0m
#35415000000
1!
1(
1H
1[
1m
#35420000000
0!
0(
0H
0[
0m
#35425000000
1!
1(
b01010111 /
b01010111 5
b01010111 D
1H
b01010111 W
1[
1m
#35430000000
0!
0(
0H
0[
0m
#35435000000
1!
1(
1H
1[
1m
#35440000000
0!
0(
0H
0[
0m
#35445000000
1!
1(
1H
1[
1m
#35450000000
0!
0(
0H
0[
0m
#35455000000
1!
1(
b01011000 /
b01011000 5
b01011000 D
1H
b01011000 W
1[
1m
#35460000000
0!
0(
0H
0[
0m
#35465000000
1!
1(
1H
1[
1m
#35470000000
0!
0(
0H
0[
0m
#35475000000
1!
1(
1H
1[
1m
#35480000000
0!
0(
0H
0[
0m
#35485000000
1!
1(
b01011001 /
b01011001 5
b01011001 D
1H
b01011001 W
1[
1m
#35490000000
0!
0(
0H
0[
0m
#35495000000
1!
1(
1H
1[
1m
#35500000000
0!
0(
0H
0[
0m
#35505000000
1!
1(
1H
1[
1m
#35510000000
0!
0(
0H
0[
0m
#35515000000
1!
1(
b01011010 /
b01011010 5
b01011010 D
1H
b01011010 W
1[
1m
#35520000000
0!
0(
0H
0[
0m
#35525000000
1!
1(
1H
1[
1m
#35530000000
0!
0(
0H
0[
0m
#35535000000
1!
1(
1H
1[
1m
#35540000000
0!
0(
0H
0[
0m
#35545000000
1!
1(
b01011011 /
b01011011 5
b01011011 D
1H
b01011011 W
1[
1m
#35550000000
0!
0(
0H
0[
0m
#35555000000
1!
1(
1H
1[
1m
#35560000000
0!
0(
0H
0[
0m
#35565000000
1!
1(
1H
1[
1m
#35570000000
0!
0(
0H
0[
0m
#35575000000
1!
1(
b01011100 /
b01011100 5
b01011100 D
1H
b01011100 W
1[
1m
#35580000000
0!
0(
0H
0[
0m
#35585000000
1!
1(
1H
1[
1m
#35590000000
0!
0(
0H
0[
0m
#35595000000
1!
1(
1H
1[
1m
#35600000000
0!
0(
0H
0[
0m
#35605000000
1!
1(
b01011101 /
b01011101 5
b01011101 D
1H
b01011101 W
1[
1m
#35610000000
0!
0(
0H
0[
0m
#35615000000
1!
1(
1H
1[
1m
#35620000000
0!
0(
0H
0[
0m
#35625000000
1!
1(
1H
1[
1m
#35630000000
0!
0(
0H
0[
0m
#35635000000
1!
1(
b01011110 /
b01011110 5
b01011110 D
1H
b01011110 W
1[
1m
#35640000000
0!
0(
0H
0[
0m
#35645000000
1!
1(
1H
1[
1m
#35650000000
0!
0(
0H
0[
0m
#35655000000
1!
1(
1H
1[
1m
#35660000000
0!
0(
0H
0[
0m
#35665000000
1!
1(
b01011111 /
b01011111 5
b01011111 D
1H
b01011111 W
1[
1m
#35670000000
0!
0(
0H
0[
0m
#35675000000
1!
1(
1H
1[
1m
#35680000000
0!
0(
0H
0[
0m
#35685000000
1!
1(
1H
1[
1m
#35690000000
0!
0(
0H
0[
0m
#35695000000
1!
1(
b01100000 /
b01100000 5
b01100000 D
1H
b01100000 W
1[
1m
#35700000000
0!
0(
0H
0[
0m
#35705000000
1!
1(
1H
1[
1m
#35710000000
0!
0(
0H
0[
0m
#35715000000
1!
1(
1H
1[
1m
#35720000000
0!
0(
0H
0[
0m
#35725000000
1!
1(
b01100001 /
b01100001 5
b01100001 D
1H
b01100001 W
1[
1m
#35730000000
0!
0(
0H
0[
0m
#35735000000
1!
1(
1H
1[
1m
#35740000000
0!
0(
0H
0[
0m
#35745000000
1!
1(
1H
1[
1m
#35750000000
0!
0(
0H
0[
0m
#35755000000
1!
1(
b01100010 /
b01100010 5
b01100010 D
1H
b01100010 W
1[
1m
#35760000000
0!
0(
0H
0[
0m
#35765000000
1!
1(
1H
1[
1m
#35770000000
0!
0(
0H
0[
0m
#35775000000
1!
1(
1H
1[
1m
#35780000000
0!
0(
0H
0[
0m
#35785000000
1!
1(
b01100011 /
b01100011 5
b01100011 D
1H
b01100011 W
1[
1m
#35790000000
0!
0(
0H
0[
0m
#35795000000
1!
1(
1H
1[
1m
#35800000000
0!
0(
0H
0[
0m
#35805000000
1!
1(
1H
1[
1m
#35810000000
0!
0(
0H
0[
0m
#35815000000
1!
1(
b01100100 /
b01100100 5
b01100100 D
1H
b01100100 W
1[
1m
#35820000000
0!
0(
0H
0[
0m
#35825000000
1!
1(
1H
1[
1m
#35830000000
0!
0(
0H
0[
0m
#35835000000
1!
1(
1H
1[
1m
#35840000000
0!
0(
0H
0[
0m
#35845000000
1!
1(
b01100101 /
b01100101 5
b01100101 D
1H
b01100101 W
1[
1m
#35850000000
0!
0(
0H
0[
0m
#35855000000
1!
1(
1H
1[
1m
#35860000000
0!
0(
0H
0[
0m
#35865000000
1!
1(
1H
1[
1m
#35870000000
0!
0(
0H
0[
0m
#35875000000
1!
1(
b01100110 /
b01100110 5
b01100110 D
1H
b01100110 W
1[
1m
#35880000000
0!
0(
0H
0[
0m
#35885000000
1!
1(
1H
1[
1m
#35890000000
0!
0(
0H
0[
0m
#35895000000
1!
1(
1H
1[
1m
#35900000000
0!
0(
0H
0[
0m
#35905000000
1!
1(
b01100111 /
b01100111 5
b01100111 D
1H
b01100111 W
1[
1m
#35910000000
0!
0(
0H
0[
0m
#35915000000
1!
1(
1H
1[
1m
#35920000000
0!
0(
0H
0[
0m
#35925000000
1!
1(
1H
1[
1m
#35930000000
0!
0(
0H
0[
0m
#35935000000
1!
1(
b01101000 /
b01101000 5
b01101000 D
1H
b01101000 W
1[
1m
#35940000000
0!
0(
0H
0[
0m
#35945000000
1!
1(
1H
1[
1m
#35950000000
0!
0(
0H
0[
0m
#35955000000
1!
1(
1H
1[
1m
#35960000000
0!
0(
0H
0[
0m
#35965000000
1!
1(
b01101001 /
b01101001 5
b01101001 D
1H
b01101001 W
1[
1m
#35970000000
0!
0(
0H
0[
0m
#35975000000
1!
1(
1H
1[
1m
#35980000000
0!
0(
0H
0[
0m
#35985000000
1!
1(
1H
1[
1m
#35990000000
0!
0(
0H
0[
0m
#35995000000
1!
1(
b01101010 /
b01101010 5
b01101010 D
1H
b01101010 W
1[
1m
#36000000000
0!
0(
0H
0[
0m
#36005000000
1!
1(
1H
1[
1m
#36010000000
0!
0(
0H
0[
0m
#36015000000
1!
1(
1H
1[
1m
#36020000000
0!
0(
0H
0[
0m
#36025000000
1!
1(
b01101011 /
b01101011 5
b01101011 D
1H
b01101011 W
1[
1m
#36030000000
0!
0(
0H
0[
0m
#36035000000
1!
1(
1H
1[
1m
#36040000000
0!
0(
0H
0[
0m
#36045000000
1!
1(
1H
1[
1m
#36050000000
0!
0(
0H
0[
0m
#36055000000
1!
1(
b01101100 /
b01101100 5
b01101100 D
1H
b01101100 W
1[
1m
#36060000000
0!
0(
0H
0[
0m
#36065000000
1!
1(
1H
1[
1m
#36070000000
0!
0(
0H
0[
0m
#36075000000
1!
1(
1H
1[
1m
#36080000000
0!
0(
0H
0[
0m
#36085000000
1!
1(
b01101101 /
b01101101 5
b01101101 D
1H
b01101101 W
1[
1m
#36090000000
0!
0(
0H
0[
0m
#36095000000
1!
1(
1H
1[
1m
#36100000000
0!
0(
0H
0[
0m
#36105000000
1!
1(
1H
1[
1m
#36110000000
0!
0(
0H
0[
0m
#36115000000
1!
1(
b01101110 /
b01101110 5
b01101110 D
1H
b01101110 W
1[
1m
#36120000000
0!
0(
0H
0[
0m
#36125000000
1!
1(
1H
1[
1m
#36130000000
0!
0(
0H
0[
0m
#36135000000
1!
1(
1H
1[
1m
#36140000000
0!
0(
0H
0[
0m
#36145000000
1!
1(
b01101111 /
b01101111 5
b01101111 D
1H
b01101111 W
1[
1m
#36150000000
0!
0(
0H
0[
0m
#36155000000
1!
1(
1H
1[
1m
#36160000000
0!
0(
0H
0[
0m
#36165000000
1!
1(
1H
1[
1m
#36170000000
0!
0(
0H
0[
0m
#36175000000
1!
1(
b01110000 /
b01110000 5
b01110000 D
1H
b01110000 W
1[
1m
#36180000000
0!
0(
0H
0[
0m
#36185000000
1!
1(
1H
1[
1m
#36190000000
0!
0(
0H
0[
0m
#36195000000
1!
1(
1H
1[
1m
#36200000000
0!
0(
0H
0[
0m
#36205000000
1!
1(
b01110001 /
b01110001 5
b01110001 D
1H
b01110001 W
1[
1m
#36210000000
0!
0(
0H
0[
0m
#36215000000
1!
1(
1H
1[
1m
#36220000000
0!
0(
0H
0[
0m
#36225000000
1!
1(
1H
1[
1m
#36230000000
0!
0(
0H
0[
0m
#36235000000
1!
1(
b01110010 /
b01110010 5
b01110010 D
1H
b01110010 W
1[
1m
#36240000000
0!
0(
0H
0[
0m
#36245000000
1!
1(
1H
1[
1m
#36250000000
0!
0(
0H
0[
0m
#36255000000
1!
1(
1H
1[
1m
#36260000000
0!
0(
0H
0[
0m
#36265000000
1!
1(
b01110011 /
b01110011 5
b01110011 D
1H
b01110011 W
1[
1m
#36270000000
0!
0(
0H
0[
0m
#36275000000
1!
1(
1H
1[
1m
#36280000000
0!
0(
0H
0[
0m
#36285000000
1!
1(
1H
1[
1m
#36290000000
0!
0(
0H
0[
0m
#36295000000
1!
1(
b01110100 /
b01110100 5
b01110100 D
1H
b01110100 W
1[
1m
#36300000000
0!
0(
0H
0[
0m
#36305000000
1!
1(
1H
1[
1m
#36310000000
0!
0(
0H
0[
0m
#36315000000
1!
1(
1H
1[
1m
#36320000000
0!
0(
0H
0[
0m
#36325000000
1!
1(
b01110101 /
b01110101 5
b01110101 D
1H
b01110101 W
1[
1m
#36330000000
0!
0(
0H
0[
0m
#36335000000
1!
1(
1H
1[
1m
#36340000000
0!
0(
0H
0[
0m
#36345000000
1!
1(
1H
1[
1m
#36350000000
0!
0(
0H
0[
0m
#36355000000
1!
1(
b01110110 /
b01110110 5
b01110110 D
1H
b01110110 W
1[
1m
#36360000000
0!
0(
0H
0[
0m
#36365000000
1!
1(
1H
1[
1m
#36370000000
0!
0(
0H
0[
0m
#36375000000
1!
1(
1H
1[
1m
#36380000000
0!
0(
0H
0[
0m
#36385000000
1!
1(
b01110111 /
b01110111 5
b01110111 D
1H
b01110111 W
1[
1m
#36390000000
0!
0(
0H
0[
0m
#36395000000
1!
1(
1H
1[
1m
#36400000000
0!
0(
0H
0[
0m
#36405000000
1!
1(
1H
1[
1m
#36410000000
0!
0(
0H
0[
0m
#36415000000
1!
1(
b01111000 /
b01111000 5
b01111000 D
1H
b01111000 W
1[
1m
#36420000000
0!
0(
0H
0[
0m
#36425000000
1!
1(
1H
1[
1m
#36430000000
0!
0(
0H
0[
0m
#36435000000
1!
1(
1H
1[
1m
#36440000000
0!
0(
0H
0[
0m
#36445000000
1!
1(
b01111001 /
b01111001 5
b01111001 D
1H
b01111001 W
1[
1m
#36450000000
0!
0(
0H
0[
0m
#36455000000
1!
1(
1H
1[
1m
#36460000000
0!
0(
0H
0[
0m
#36465000000
1!
1(
1H
1[
1m
#36470000000
0!
0(
0H
0[
0m
#36475000000
1!
1(
b01111010 /
b01111010 5
b01111010 D
1H
b01111010 W
1[
1m
#36480000000
0!
0(
0H
0[
0m
#36485000000
1!
1(
1H
1[
1m
#36490000000
0!
0(
0H
0[
0m
#36495000000
1!
1(
1H
1[
1m
#36500000000
0!
0(
0H
0[
0m
#36505000000
1!
1(
b01111011 /
b01111011 5
b01111011 D
1H
b01111011 W
1[
1m
#36510000000
0!
0(
0H
0[
0m
#36515000000
1!
1(
1H
1[
1m
#36520000000
0!
0(
0H
0[
0m
#36525000000
1!
1(
1H
1[
1m
#36530000000
0!
0(
0H
0[
0m
#36535000000
1!
1(
b01111100 /
b01111100 5
b01111100 D
1H
b01111100 W
1[
1m
#36540000000
0!
0(
0H
0[
0m
#36545000000
1!
1(
1H
1[
1m
#36550000000
0!
0(
0H
0[
0m
#36555000000
1!
1(
1H
1[
1m
#36560000000
0!
0(
0H
0[
0m
#36565000000
1!
1(
b01111101 /
b01111101 5
b01111101 D
1H
b01111101 W
1[
1m
#36570000000
0!
0(
0H
0[
0m
#36575000000
1!
1(
1H
1[
1m
#36580000000
0!
0(
0H
0[
0m
#36585000000
1!
1(
1H
1[
1m
#36590000000
0!
0(
0H
0[
0m
#36595000000
1!
1(
b01111110 /
b01111110 5
b01111110 D
1H
b01111110 W
1[
1m
#36600000000
0!
0(
0H
0[
0m
#36605000000
1!
1(
1H
1[
1m
#36610000000
0!
0(
0H
0[
0m
#36615000000
1!
1(
1H
1[
1m
#36620000000
0!
0(
0H
0[
0m
#36625000000
1!
1(
b01111111 /
b01111111 5
b01111111 D
1H
b01111111 W
1[
1m
#36630000000
0!
0(
0H
0[
0m
#36635000000
1!
1(
1H
1[
1m
#36640000000
0!
0(
0H
0[
0m
#36645000000
1!
1(
1H
1[
1m
#36650000000
0!
0(
0H
0[
0m
#36655000000
1!
1(
b10000000 /
b10000000 5
b10000000 D
1H
b10000000 W
1[
1m
#36660000000
0!
0(
0H
0[
0m
#36665000000
1!
1(
1H
1[
1m
#36670000000
0!
0(
0H
0[
0m
#36675000000
1!
1(
1H
1[
1m
#36680000000
0!
0(
0H
0[
0m
#36685000000
1!
1(
b10000001 /
b10000001 5
b10000001 D
1H
b10000001 W
1[
1m
#36690000000
0!
0(
0H
0[
0m
#36695000000
1!
1(
1H
1[
1m
#36700000000
0!
0(
0H
0[
0m
#36705000000
1!
1(
1H
1[
1m
#36710000000
0!
0(
0H
0[
0m
#36715000000
1!
1(
b10000010 /
b10000010 5
b10000010 D
1H
b10000010 W
1[
1m
#36720000000
0!
0(
0H
0[
0m
#36725000000
1!
1(
1H
1[
1m
#36730000000
0!
0(
0H
0[
0m
#36735000000
1!
1(
1H
1[
1m
#36740000000
0!
0(
0H
0[
0m
#36745000000
1!
1(
b10000011 /
b10000011 5
b10000011 D
1H
b10000011 W
1[
1m
#36750000000
0!
0(
0H
0[
0m
#36755000000
1!
1(
1H
1[
1m
#36760000000
0!
0(
0H
0[
0m
#36765000000
1!
1(
1H
1[
1m
#36770000000
0!
0(
0H
0[
0m
#36775000000
1!
1(
b10000100 /
b10000100 5
b10000100 D
1H
b10000100 W
1[
1m
#36780000000
0!
0(
0H
0[
0m
#36785000000
1!
1(
1H
1[
1m
#36790000000
0!
0(
0H
0[
0m
#36795000000
1!
1(
1H
1[
1m
#36800000000
0!
0(
0H
0[
0m
#36805000000
1!
1(
b10000101 /
b10000101 5
b10000101 D
1H
b10000101 W
1[
1m
#36810000000
0!
0(
0H
0[
0m
#36815000000
1!
1(
1H
1[
1m
#36820000000
0!
0(
0H
0[
0m
#36825000000
1!
1(
1H
1[
1m
#36830000000
0!
0(
0H
0[
0m
#36835000000
1!
1(
b10000110 /
b10000110 5
b10000110 D
1H
b10000110 W
1[
1m
#36840000000
0!
0(
0H
0[
0m
#36845000000
1!
1(
1H
1[
1m
#36850000000
0!
0(
0H
0[
0m
#36855000000
1!
1(
1H
1[
1m
#36860000000
0!
0(
0H
0[
0m
#36865000000
1!
1(
b10000111 /
b10000111 5
b10000111 D
1H
b10000111 W
1[
1m
#36870000000
0!
0(
0H
0[
0m
#36875000000
1!
1(
1H
1[
1m
#36880000000
0!
0(
0H
0[
0m
#36885000000
1!
1(
1H
1[
1m
#36890000000
0!
0(
0H
0[
0m
#36895000000
1!
1(
b10001000 /
b10001000 5
b10001000 D
1H
b10001000 W
1[
1m
#36900000000
0!
0(
0H
0[
0m
#36905000000
1!
1(
1H
1[
1m
#36910000000
0!
0(
0H
0[
0m
#36915000000
1!
1(
1H
1[
1m
#36920000000
0!
0(
0H
0[
0m
#36925000000
1!
1(
b10001001 /
b10001001 5
b10001001 D
1H
b10001001 W
1[
1m
#36930000000
0!
0(
0H
0[
0m
#36935000000
1!
1(
1H
1[
1m
#36940000000
0!
0(
0H
0[
0m
#36945000000
1!
1(
1H
1[
1m
#36950000000
0!
0(
0H
0[
0m
#36955000000
1!
1(
b10001010 /
b10001010 5
b10001010 D
1H
b10001010 W
1[
1m
#36960000000
0!
0(
0H
0[
0m
#36965000000
1!
1(
1H
1[
1m
#36970000000
0!
0(
0H
0[
0m
#36975000000
1!
1(
1H
1[
1m
#36980000000
0!
0(
0H
0[
0m
#36985000000
1!
1(
b10001011 /
b10001011 5
b10001011 D
1H
b10001011 W
1[
1m
#36990000000
0!
0(
0H
0[
0m
#36995000000
1!
1(
1H
1[
1m
#37000000000
0!
0(
0H
0[
0m
#37005000000
1!
1(
1H
1[
1m
#37010000000
0!
0(
0H
0[
0m
#37015000000
1!
1(
b10001100 /
b10001100 5
b10001100 D
1H
b10001100 W
1[
1m
#37020000000
0!
0(
0H
0[
0m
#37025000000
1!
1(
1H
1[
1m
#37030000000
0!
0(
0H
0[
0m
#37035000000
1!
1(
1H
1[
1m
#37040000000
0!
0(
0H
0[
0m
#37045000000
1!
1(
b10001101 /
b10001101 5
b10001101 D
1H
b10001101 W
1[
1m
#37050000000
0!
0(
0H
0[
0m
#37055000000
1!
1(
1H
1[
1m
#37060000000
0!
0(
0H
0[
0m
#37065000000
1!
1(
1H
1[
1m
#37070000000
0!
0(
0H
0[
0m
#37075000000
1!
1(
b10001110 /
b10001110 5
b10001110 D
1H
b10001110 W
1[
1m
#37080000000
0!
0(
0H
0[
0m
#37085000000
1!
1(
1H
1[
1m
#37090000000
0!
0(
0H
0[
0m
#37095000000
1!
1(
1H
1[
1m
#37100000000
0!
0(
0H
0[
0m
#37105000000
1!
1(
b10001111 /
b10001111 5
b10001111 D
1H
b10001111 W
1[
1m
#37110000000
0!
0(
0H
0[
0m
#37115000000
1!
1(
1H
1[
1m
#37120000000
0!
0(
0H
0[
0m
#37125000000
1!
1(
1H
1[
1m
#37130000000
0!
0(
0H
0[
0m
#37135000000
1!
1(
b10010000 /
b10010000 5
b10010000 D
1H
b10010000 W
1[
1m
#37140000000
0!
0(
0H
0[
0m
#37145000000
1!
1(
1H
1[
1m
#37150000000
0!
0(
0H
0[
0m
#37155000000
1!
1(
1H
1[
1m
#37160000000
0!
0(
0H
0[
0m
#37165000000
1!
1(
b10010001 /
b10010001 5
b10010001 D
1H
b10010001 W
1[
1m
#37170000000
0!
0(
0H
0[
0m
#37175000000
1!
1(
1H
1[
1m
#37180000000
0!
0(
0H
0[
0m
#37185000000
1!
1(
1H
1[
1m
#37190000000
0!
0(
0H
0[
0m
#37195000000
1!
1(
b10010010 /
b10010010 5
b10010010 D
1H
b10010010 W
1[
1m
#37200000000
0!
0(
0H
0[
0m
#37205000000
1!
1(
1H
1[
1m
#37210000000
0!
0(
0H
0[
0m
#37215000000
1!
1(
1H
1[
1m
#37220000000
0!
0(
0H
0[
0m
#37225000000
1!
1(
b10010011 /
b10010011 5
b10010011 D
1H
b10010011 W
1[
1m
#37230000000
0!
0(
0H
0[
0m
#37235000000
1!
1(
1H
1[
1m
#37240000000
0!
0(
0H
0[
0m
#37245000000
1!
1(
1H
1[
1m
#37250000000
0!
0(
0H
0[
0m
#37255000000
1!
1(
b10010100 /
b10010100 5
b10010100 D
1H
b10010100 W
1[
1m
#37260000000
0!
0(
0H
0[
0m
#37265000000
1!
1(
1H
1[
1m
#37270000000
0!
0(
0H
0[
0m
#37275000000
1!
1(
1H
1[
1m
#37280000000
0!
0(
0H
0[
0m
#37285000000
1!
1(
b10010101 /
b10010101 5
b10010101 D
1H
b10010101 W
1[
1m
#37290000000
0!
0(
0H
0[
0m
#37295000000
1!
1(
1H
1[
1m
#37300000000
0!
0(
0H
0[
0m
#37305000000
1!
1(
1H
1[
1m
#37310000000
0!
0(
0H
0[
0m
#37315000000
1!
1(
b10010110 /
b10010110 5
b10010110 D
1H
b10010110 W
1[
1m
#37320000000
0!
0(
0H
0[
0m
#37325000000
1!
1(
1H
1[
1m
#37330000000
0!
0(
0H
0[
0m
#37335000000
1!
1(
1H
1[
1m
#37340000000
0!
0(
0H
0[
0m
#37345000000
1!
1(
b10010111 /
b10010111 5
b10010111 D
1H
b10010111 W
1[
1m
#37350000000
0!
0(
0H
0[
0m
#37355000000
1!
1(
1H
1[
1m
#37360000000
0!
0(
0H
0[
0m
#37365000000
1!
1(
1H
1[
1m
#37370000000
0!
0(
0H
0[
0m
#37375000000
1!
1(
b10011000 /
b10011000 5
b10011000 D
1H
b10011000 W
1[
1m
#37380000000
0!
0(
0H
0[
0m
#37385000000
1!
1(
1H
1[
1m
#37390000000
0!
0(
0H
0[
0m
#37395000000
1!
1(
1H
1[
1m
#37400000000
0!
0(
0H
0[
0m
#37405000000
1!
1(
b10011001 /
b10011001 5
b10011001 D
1H
b10011001 W
1[
1m
#37410000000
0!
0(
0H
0[
0m
#37415000000
1!
1(
1H
1[
1m
#37420000000
0!
0(
0H
0[
0m
#37425000000
1!
1(
1H
1[
1m
#37430000000
0!
0(
0H
0[
0m
#37435000000
1!
1(
b10011010 /
b10011010 5
b10011010 D
1H
b10011010 W
1[
1m
#37440000000
0!
0(
0H
0[
0m
#37445000000
1!
1(
1H
1[
1m
#37450000000
0!
0(
0H
0[
0m
#37455000000
1!
1(
1H
1[
1m
#37460000000
0!
0(
0H
0[
0m
#37465000000
1!
1(
b10011011 /
b10011011 5
b10011011 D
1H
b10011011 W
1[
1m
#37470000000
0!
0(
0H
0[
0m
#37475000000
1!
1(
1H
1[
1m
#37480000000
0!
0(
0H
0[
0m
#37485000000
1!
1(
1H
1[
1m
#37490000000
0!
0(
0H
0[
0m
#37495000000
1!
1(
b10011100 /
b10011100 5
b10011100 D
1H
b10011100 W
1[
1m
#37500000000
0!
0(
0H
0[
0m
#37505000000
1!
1(
1H
1[
1m
#37510000000
0!
0(
0H
0[
0m
#37515000000
1!
1(
1H
1[
1m
#37520000000
0!
0(
0H
0[
0m
#37525000000
1!
1(
b10011101 /
b10011101 5
b10011101 D
1H
b10011101 W
1[
1m
#37530000000
0!
0(
0H
0[
0m
#37535000000
1!
1(
1H
1[
1m
#37540000000
0!
0(
0H
0[
0m
#37545000000
1!
1(
1H
1[
1m
#37550000000
0!
0(
0H
0[
0m
#37555000000
1!
1(
b10011110 /
b10011110 5
b10011110 D
1H
b10011110 W
1[
1m
#37560000000
0!
0(
0H
0[
0m
#37565000000
1!
1(
1H
1[
1m
#37570000000
0!
0(
0H
0[
0m
#37575000000
1!
1(
1H
1[
1m
#37580000000
0!
0(
0H
0[
0m
#37585000000
1!
1(
b10011111 /
b10011111 5
b10011111 D
1H
b10011111 W
1[
1m
#37590000000
0!
0(
0H
0[
0m
#37595000000
1!
1(
1H
1[
1m
#37600000000
0!
0(
0H
0[
0m
#37605000000
1!
1(
1H
1[
1m
#37610000000
0!
0(
0H
0[
0m
#37615000000
1!
1(
b10100000 /
b10100000 5
b10100000 D
1H
b10100000 W
1[
1m
#37620000000
0!
0(
0H
0[
0m
#37625000000
1!
1(
1H
1[
1m
#37630000000
0!
0(
0H
0[
0m
#37635000000
1!
1(
1H
1[
1m
#37640000000
0!
0(
0H
0[
0m
#37645000000
1!
1(
b10100001 /
b10100001 5
b10100001 D
1H
b10100001 W
1[
1m
#37650000000
0!
0(
0H
0[
0m
#37655000000
1!
1(
1H
1[
1m
#37660000000
0!
0(
0H
0[
0m
#37665000000
1!
1(
1H
1[
1m
#37670000000
0!
0(
0H
0[
0m
#37675000000
1!
1(
b10100010 /
b10100010 5
b10100010 D
1H
b10100010 W
1[
1m
#37680000000
0!
0(
0H
0[
0m
#37685000000
1!
1(
1H
1[
1m
#37690000000
0!
0(
0H
0[
0m
#37695000000
1!
1(
1H
1[
1m
#37700000000
0!
0(
0H
0[
0m
#37705000000
1!
1(
b10100011 /
b10100011 5
b10100011 D
1H
b10100011 W
1[
1m
#37710000000
0!
0(
0H
0[
0m
#37715000000
1!
1(
1H
1[
1m
#37720000000
0!
0(
0H
0[
0m
#37725000000
1!
1(
1H
1[
1m
#37730000000
0!
0(
0H
0[
0m
#37735000000
1!
1(
b10100100 /
b10100100 5
b10100100 D
1H
b10100100 W
1[
1m
#37740000000
0!
0(
0H
0[
0m
#37745000000
1!
1(
1H
1[
1m
#37750000000
0!
0(
0H
0[
0m
#37755000000
1!
1(
1H
1[
1m
#37760000000
0!
0(
0H
0[
0m
#37765000000
1!
1(
b10100101 /
b10100101 5
b10100101 D
1H
b10100101 W
1[
1m
#37770000000
0!
0(
0H
0[
0m
#37775000000
1!
1(
1H
1[
1m
#37780000000
0!
0(
0H
0[
0m
#37785000000
1!
1(
1H
1[
1m
#37790000000
0!
0(
0H
0[
0m
#37795000000
1!
1(
b10100110 /
b10100110 5
b10100110 D
1H
b10100110 W
1[
1m
#37800000000
0!
0(
0H
0[
0m
#37805000000
1!
1(
1H
1[
1m
#37810000000
0!
0(
0H
0[
0m
#37815000000
1!
1(
1H
1[
1m
#37820000000
0!
0(
0H
0[
0m
#37825000000
1!
1(
b10100111 /
b10100111 5
b10100111 D
1H
b10100111 W
1[
1m
#37830000000
0!
0(
0H
0[
0m
#37835000000
1!
1(
1H
1[
1m
#37840000000
0!
0(
0H
0[
0m
#37845000000
1!
1(
1H
1[
1m
#37850000000
0!
0(
0H
0[
0m
#37855000000
1!
1(
b10101000 /
b10101000 5
b10101000 D
1H
b10101000 W
1[
1m
#37860000000
0!
0(
0H
0[
0m
#37865000000
1!
1(
1H
1[
1m
#37870000000
0!
0(
0H
0[
0m
#37875000000
1!
1(
1H
1[
1m
#37880000000
0!
0(
0H
0[
0m
#37885000000
1!
1(
b10101001 /
b10101001 5
b10101001 D
1H
b10101001 W
1[
1m
#37890000000
0!
0(
0H
0[
0m
#37895000000
1!
1(
1H
1[
1m
#37900000000
0!
0(
0H
0[
0m
#37905000000
1!
1(
1H
1[
1m
#37910000000
0!
0(
0H
0[
0m
#37915000000
1!
1(
b10101010 /
b10101010 5
b10101010 D
1H
b10101010 W
1[
1m
#37920000000
0!
0(
0H
0[
0m
#37925000000
1!
1(
1H
1[
1m
#37930000000
0!
0(
0H
0[
0m
#37935000000
1!
1(
1H
1[
1m
#37940000000
0!
0(
0H
0[
0m
#37945000000
1!
1(
b10101011 /
b10101011 5
b10101011 D
1H
b10101011 W
1[
1m
#37950000000
0!
0(
0H
0[
0m
#37955000000
1!
1(
1H
1[
1m
#37960000000
0!
0(
0H
0[
0m
#37965000000
1!
1(
1H
1[
1m
#37970000000
0!
0(
0H
0[
0m
#37975000000
1!
1(
b10101100 /
b10101100 5
b10101100 D
1H
b10101100 W
1[
1m
#37980000000
0!
0(
0H
0[
0m
#37985000000
1!
1(
1H
1[
1m
#37990000000
0!
0(
0H
0[
0m
#37995000000
1!
1(
1H
1[
1m
#38000000000
0!
0(
0H
0[
0m
#38005000000
1!
1(
b10101101 /
b10101101 5
b10101101 D
1H
b10101101 W
1[
1m
#38010000000
0!
0(
0H
0[
0m
#38015000000
1!
1(
1H
1[
1m
#38020000000
0!
0(
0H
0[
0m
#38025000000
1!
1(
1H
1[
1m
#38030000000
0!
0(
0H
0[
0m
#38035000000
1!
1(
b10101110 /
b10101110 5
b10101110 D
1H
b10101110 W
1[
1m
#38040000000
0!
0(
0H
0[
0m
#38045000000
1!
1(
1H
1[
1m
#38050000000
0!
0(
0H
0[
0m
#38055000000
1!
1(
1H
1[
1m
#38060000000
0!
0(
0H
0[
0m
#38065000000
1!
1(
b10101111 /
b10101111 5
b10101111 D
1H
b10101111 W
1[
1m
#38070000000
0!
0(
0H
0[
0m
#38075000000
1!
1(
1H
1[
1m
#38080000000
0!
0(
0H
0[
0m
#38085000000
1!
1(
1H
1[
1m
#38090000000
0!
0(
0H
0[
0m
#38095000000
1!
1(
b10110000 /
b10110000 5
b10110000 D
1H
b10110000 W
1[
1m
#38100000000
0!
0(
0H
0[
0m
#38105000000
1!
1(
1H
1[
1m
#38110000000
0!
0(
0H
0[
0m
#38115000000
1!
1(
1H
1[
1m
#38120000000
0!
0(
0H
0[
0m
#38125000000
1!
1(
b10110001 /
b10110001 5
b10110001 D
1H
b10110001 W
1[
1m
#38130000000
0!
0(
0H
0[
0m
#38135000000
1!
1(
1H
1[
1m
#38140000000
0!
0(
0H
0[
0m
#38145000000
1!
1(
1H
1[
1m
#38150000000
0!
0(
0H
0[
0m
#38155000000
1!
1(
b10110010 /
b10110010 5
b10110010 D
1H
b10110010 W
1[
1m
#38160000000
0!
0(
0H
0[
0m
#38165000000
1!
1(
1H
1[
1m
#38170000000
0!
0(
0H
0[
0m
#38175000000
1!
1(
1H
1[
1m
#38180000000
0!
0(
0H
0[
0m
#38185000000
1!
1(
b10110011 /
b10110011 5
b10110011 D
1H
b10110011 W
1[
1m
#38190000000
0!
0(
0H
0[
0m
#38195000000
1!
1(
1H
1[
1m
#38200000000
0!
0(
0H
0[
0m
#38205000000
1!
1(
1H
1[
1m
#38210000000
0!
0(
0H
0[
0m
#38215000000
1!
1(
b10110100 /
b10110100 5
b10110100 D
1H
b10110100 W
1[
1m
#38220000000
0!
0(
0H
0[
0m
#38225000000
1!
1(
1H
1[
1m
#38230000000
0!
0(
0H
0[
0m
#38235000000
1!
1(
1H
1[
1m
#38240000000
0!
0(
0H
0[
0m
#38245000000
1!
1(
b10110101 /
b10110101 5
b10110101 D
1H
b10110101 W
1[
1m
#38250000000
0!
0(
0H
0[
0m
#38255000000
1!
1(
1H
1[
1m
#38260000000
0!
0(
0H
0[
0m
#38265000000
1!
1(
1H
1[
1m
#38270000000
0!
0(
0H
0[
0m
#38275000000
1!
1(
b10110110 /
b10110110 5
b10110110 D
1H
b10110110 W
1[
1m
#38280000000
0!
0(
0H
0[
0m
#38285000000
1!
1(
1H
1[
1m
#38290000000
0!
0(
0H
0[
0m
#38295000000
1!
1(
1H
1[
1m
#38300000000
0!
0(
0H
0[
0m
#38305000000
1!
1(
b10110111 /
b10110111 5
b10110111 D
1H
b10110111 W
1[
1m
#38310000000
0!
0(
0H
0[
0m
#38315000000
1!
1(
1H
1[
1m
#38320000000
0!
0(
0H
0[
0m
#38325000000
1!
1(
1H
1[
1m
#38330000000
0!
0(
0H
0[
0m
#38335000000
1!
1(
b10111000 /
b10111000 5
b10111000 D
1H
b10111000 W
1[
1m
#38340000000
0!
0(
0H
0[
0m
#38345000000
1!
1(
1H
1[
1m
#38350000000
0!
0(
0H
0[
0m
#38355000000
1!
1(
1H
1[
1m
#38360000000
0!
0(
0H
0[
0m
#38365000000
1!
1(
b10111001 /
b10111001 5
b10111001 D
1H
b10111001 W
1[
1m
#38370000000
0!
0(
0H
0[
0m
#38375000000
1!
1(
1H
1[
1m
#38380000000
0!
0(
0H
0[
0m
#38385000000
1!
1(
1H
1[
1m
#38390000000
0!
0(
0H
0[
0m
#38395000000
1!
1(
b10111010 /
b10111010 5
b10111010 D
1H
b10111010 W
1[
1m
#38400000000
0!
0(
0H
0[
0m
#38405000000
1!
1(
1H
1[
1m
#38410000000
0!
0(
0H
0[
0m
#38415000000
1!
1(
1H
1[
1m
#38420000000
0!
0(
0H
0[
0m
#38425000000
1!
1(
b10111011 /
b10111011 5
b10111011 D
1H
b10111011 W
1[
1m
#38430000000
0!
0(
0H
0[
0m
#38435000000
1!
1(
1H
1[
1m
#38440000000
0!
0(
0H
0[
0m
#38445000000
1!
1(
1H
1[
1m
#38450000000
0!
0(
0H
0[
0m
#38455000000
1!
1(
b10111100 /
b10111100 5
b10111100 D
1H
b10111100 W
1[
1m
#38460000000
0!
0(
0H
0[
0m
#38465000000
1!
1(
1H
1[
1m
#38470000000
0!
0(
0H
0[
0m
#38475000000
1!
1(
1H
1[
1m
#38480000000
0!
0(
0H
0[
0m
#38485000000
1!
1(
b10111101 /
b10111101 5
b10111101 D
1H
b10111101 W
1[
1m
#38490000000
0!
0(
0H
0[
0m
#38495000000
1!
1(
1H
1[
1m
#38500000000
0!
0(
0H
0[
0m
#38505000000
1!
1(
1H
1[
1m
#38510000000
0!
0(
0H
0[
0m
#38515000000
1!
1(
b10111110 /
b10111110 5
b10111110 D
1H
b10111110 W
1[
1m
#38520000000
0!
0(
0H
0[
0m
#38525000000
1!
1(
1H
1[
1m
#38530000000
0!
0(
0H
0[
0m
#38535000000
1!
1(
1H
1[
1m
#38540000000
0!
0(
0H
0[
0m
#38545000000
1!
1(
b10111111 /
b10111111 5
b10111111 D
1H
b10111111 W
1[
1m
#38550000000
0!
0(
0H
0[
0m
#38555000000
1!
1(
1H
1[
1m
#38560000000
0!
0(
0H
0[
0m
#38565000000
1!
1(
1H
1[
1m
#38570000000
0!
0(
0H
0[
0m
#38575000000
1!
1(
b11000000 /
b11000000 5
b11000000 D
1H
b11000000 W
1[
1m
#38580000000
0!
0(
0H
0[
0m
#38585000000
1!
1(
1H
1[
1m
#38590000000
0!
0(
0H
0[
0m
#38595000000
1!
1(
1H
1[
1m
#38600000000
0!
0(
0H
0[
0m
#38605000000
1!
1(
b11000001 /
b11000001 5
b11000001 D
1H
b11000001 W
1[
1m
#38610000000
0!
0(
0H
0[
0m
#38615000000
1!
1(
1H
1[
1m
#38620000000
0!
0(
0H
0[
0m
#38625000000
1!
1(
1H
1[
1m
#38630000000
0!
0(
0H
0[
0m
#38635000000
1!
1(
b11000010 /
b11000010 5
b11000010 D
1H
b11000010 W
1[
1m
#38640000000
0!
0(
0H
0[
0m
#38645000000
1!
1(
1H
1[
1m
#38650000000
0!
0(
0H
0[
0m
#38655000000
1!
1(
1H
1[
1m
#38660000000
0!
0(
0H
0[
0m
#38665000000
1!
1(
b11000011 /
b11000011 5
b11000011 D
1H
b11000011 W
1[
1m
#38670000000
0!
0(
0H
0[
0m
#38675000000
1!
1(
1H
1[
1m
#38680000000
0!
0(
0H
0[
0m
#38685000000
1!
1(
1H
1[
1m
#38690000000
0!
0(
0H
0[
0m
#38695000000
1!
1(
b11000100 /
b11000100 5
b11000100 D
1H
b11000100 W
1[
1m
#38700000000
0!
0(
0H
0[
0m
#38705000000
1!
1(
1H
1[
1m
#38710000000
0!
0(
0H
0[
0m
#38715000000
1!
1(
1H
1[
1m
#38720000000
0!
0(
0H
0[
0m
#38725000000
1!
1(
b11000101 /
b11000101 5
b11000101 D
1H
b11000101 W
1[
1m
#38730000000
0!
0(
0H
0[
0m
#38735000000
1!
1(
1H
1[
1m
#38740000000
0!
0(
0H
0[
0m
#38745000000
1!
1(
1H
1[
1m
#38750000000
0!
0(
0H
0[
0m
#38755000000
1!
1(
b11000110 /
b11000110 5
b11000110 D
1H
b11000110 W
1[
1m
#38760000000
0!
0(
0H
0[
0m
#38765000000
1!
1(
1H
1[
1m
#38770000000
0!
0(
0H
0[
0m
#38775000000
1!
1(
1H
1[
1m
#38780000000
0!
0(
0H
0[
0m
#38785000000
1!
1(
b11000111 /
b11000111 5
b11000111 D
1H
b11000111 W
1[
1m
#38790000000
0!
0(
0H
0[
0m
#38795000000
1!
1(
1H
1[
1m
#38800000000
0!
0(
0H
0[
0m
#38805000000
1!
1(
1H
1[
1m
#38810000000
0!
0(
0H
0[
0m
#38815000000
1!
1(
b11001000 /
b11001000 5
b11001000 D
1H
b11001000 W
1[
1m
#38820000000
0!
0(
0H
0[
0m
#38825000000
1!
1(
1H
1[
1m
#38830000000
0!
0(
0H
0[
0m
#38835000000
1!
1(
1H
1[
1m
#38840000000
0!
0(
0H
0[
0m
#38845000000
1!
1(
b11001001 /
b11001001 5
b11001001 D
1H
b11001001 W
1[
1m
#38850000000
0!
0(
0H
0[
0m
#38855000000
1!
1(
1H
1[
1m
#38860000000
0!
0(
0H
0[
0m
#38865000000
1!
1(
1H
1[
1m
#38870000000
0!
0(
0H
0[
0m
#38875000000
1!
1(
b11001010 /
b11001010 5
b11001010 D
1H
b11001010 W
1[
1m
#38880000000
0!
0(
0H
0[
0m
#38885000000
1!
1(
1H
1[
1m
#38890000000
0!
0(
0H
0[
0m
#38895000000
1!
1(
1H
1[
1m
#38900000000
0!
0(
0H
0[
0m
#38905000000
1!
1(
b11001011 /
b11001011 5
b11001011 D
1H
b11001011 W
1[
1m
#38910000000
0!
0(
0H
0[
0m
#38915000000
1!
1(
1H
1[
1m
#38920000000
0!
0(
0H
0[
0m
#38925000000
1!
1(
1H
1[
1m
#38930000000
0!
0(
0H
0[
0m
#38935000000
1!
1(
b11001100 /
b11001100 5
b11001100 D
1H
b11001100 W
1[
1m
#38940000000
0!
0(
0H
0[
0m
#38945000000
1!
1(
1H
1[
1m
#38950000000
0!
0(
0H
0[
0m
#38955000000
1!
1(
1H
1[
1m
#38960000000
0!
0(
0H
0[
0m
#38965000000
1!
1(
b11001101 /
b11001101 5
b11001101 D
1H
b11001101 W
1[
1m
#38970000000
0!
0(
0H
0[
0m
#38975000000
1!
1(
1H
1[
1m
#38980000000
0!
0(
0H
0[
0m
#38985000000
1!
1(
1H
1[
1m
#38990000000
0!
0(
0H
0[
0m
#38995000000
1!
1(
b11001110 /
b11001110 5
b11001110 D
1H
b11001110 W
1[
1m
#39000000000
0!
0(
0H
0[
0m
#39005000000
1!
1(
1H
1[
1m
#39010000000
0!
0(
0H
0[
0m
#39015000000
1!
1(
1H
1[
1m
#39020000000
0!
0(
0H
0[
0m
#39025000000
1!
1(
b11001111 /
b11001111 5
b11001111 D
1H
b11001111 W
1[
1m
#39030000000
0!
0(
0H
0[
0m
#39035000000
1!
1(
1H
1[
1m
#39040000000
0!
0(
0H
0[
0m
#39045000000
1!
1(
1H
1[
1m
#39050000000
0!
0(
0H
0[
0m
#39055000000
1!
1(
b11010000 /
b11010000 5
b11010000 D
1H
b11010000 W
1[
1m
#39060000000
0!
0(
0H
0[
0m
#39065000000
1!
1(
1H
1[
1m
#39070000000
0!
0(
0H
0[
0m
#39075000000
1!
1(
1H
1[
1m
#39080000000
0!
0(
0H
0[
0m
#39085000000
1!
1(
b11010001 /
b11010001 5
b11010001 D
1H
b11010001 W
1[
1m
#39090000000
0!
0(
0H
0[
0m
#39095000000
1!
1(
1H
1[
1m
#39100000000
0!
0(
0H
0[
0m
#39105000000
1!
1(
1H
1[
1m
#39110000000
0!
0(
0H
0[
0m
#39115000000
1!
1(
b11010010 /
b11010010 5
b11010010 D
1H
b11010010 W
1[
1m
#39120000000
0!
0(
0H
0[
0m
#39125000000
1!
1(
1H
1[
1m
#39130000000
0!
0(
0H
0[
0m
#39135000000
1!
1(
1H
1[
1m
#39140000000
0!
0(
0H
0[
0m
#39145000000
1!
1(
b11010011 /
b11010011 5
b11010011 D
1H
b11010011 W
1[
1m
#39150000000
0!
0(
0H
0[
0m
#39155000000
1!
1(
1H
1[
1m
#39160000000
0!
0(
0H
0[
0m
#39165000000
1!
1(
1H
1[
1m
#39170000000
0!
0(
0H
0[
0m
#39175000000
1!
1(
b11010100 /
b11010100 5
b11010100 D
1H
b11010100 W
1[
1m
#39180000000
0!
0(
0H
0[
0m
#39185000000
1!
1(
1H
1[
1m
#39190000000
0!
0(
0H
0[
0m
#39195000000
1!
1(
1H
1[
1m
#39200000000
0!
0(
0H
0[
0m
#39205000000
1!
1(
b11010101 /
b11010101 5
b11010101 D
1H
b11010101 W
1[
1m
#39210000000
0!
0(
0H
0[
0m
#39215000000
1!
1(
1H
1[
1m
#39220000000
0!
0(
0H
0[
0m
#39225000000
1!
1(
1H
1[
1m
#39230000000
0!
0(
0H
0[
0m
#39235000000
1!
1(
b11010110 /
b11010110 5
b11010110 D
1H
b11010110 W
1[
1m
#39240000000
0!
0(
0H
0[
0m
#39245000000
1!
1(
1H
1[
1m
#39250000000
0!
0(
0H
0[
0m
#39255000000
1!
1(
1H
1[
1m
#39260000000
0!
0(
0H
0[
0m
#39265000000
1!
1(
b11010111 /
b11010111 5
b11010111 D
1H
b11010111 W
1[
1m
#39270000000
0!
0(
0H
0[
0m
#39275000000
1!
1(
1H
1[
1m
#39280000000
0!
0(
0H
0[
0m
#39285000000
1!
1(
1H
1[
1m
#39290000000
0!
0(
0H
0[
0m
#39295000000
1!
1(
b11011000 /
b11011000 5
b11011000 D
1H
b11011000 W
1[
1m
#39300000000
0!
0(
0H
0[
0m
#39305000000
1!
1(
1H
1[
1m
#39310000000
0!
0(
0H
0[
0m
#39315000000
1!
1(
1H
1[
1m
#39320000000
0!
0(
0H
0[
0m
#39325000000
1!
1(
b11011001 /
b11011001 5
b11011001 D
1H
b11011001 W
1[
1m
#39330000000
0!
0(
0H
0[
0m
#39335000000
1!
1(
1H
1[
1m
#39340000000
0!
0(
0H
0[
0m
#39345000000
1!
1(
1H
1[
1m
#39350000000
0!
0(
0H
0[
0m
#39355000000
1!
1(
b11011010 /
b11011010 5
b11011010 D
1H
b11011010 W
1[
1m
#39360000000
0!
0(
0H
0[
0m
#39365000000
1!
1(
1H
1[
1m
#39370000000
0!
0(
0H
0[
0m
#39375000000
1!
1(
1H
1[
1m
#39380000000
0!
0(
0H
0[
0m
#39385000000
1!
1(
b11011011 /
b11011011 5
b11011011 D
1H
b11011011 W
1[
1m
#39390000000
0!
0(
0H
0[
0m
#39395000000
1!
1(
1H
1[
1m
#39400000000
0!
0(
0H
0[
0m
#39405000000
1!
1(
1H
1[
1m
#39410000000
0!
0(
0H
0[
0m
#39415000000
1!
1(
b11011100 /
b11011100 5
b11011100 D
1H
b11011100 W
1[
1m
#39420000000
0!
0(
0H
0[
0m
#39425000000
1!
1(
1H
1[
1m
#39430000000
0!
0(
0H
0[
0m
#39435000000
1!
1(
1H
1[
1m
#39440000000
0!
0(
0H
0[
0m
#39445000000
1!
1(
b11011101 /
b11011101 5
b11011101 D
1H
b11011101 W
1[
1m
#39450000000
0!
0(
0H
0[
0m
#39455000000
1!
1(
1H
1[
1m
#39460000000
0!
0(
0H
0[
0m
#39465000000
1!
1(
1H
1[
1m
#39470000000
0!
0(
0H
0[
0m
#39475000000
1!
1(
b11011110 /
b11011110 5
b11011110 D
1H
b11011110 W
1[
1m
#39480000000
0!
0(
0H
0[
0m
#39485000000
1!
1(
1H
1[
1m
#39490000000
0!
0(
0H
0[
0m
#39495000000
1!
1(
1H
1[
1m
#39500000000
0!
0(
0H
0[
0m
#39505000000
1!
1(
b11011111 /
b11011111 5
b11011111 D
1H
b11011111 W
1[
1m
#39510000000
0!
0(
0H
0[
0m
#39515000000
1!
1(
1H
1[
1m
#39520000000
0!
0(
0H
0[
0m
#39525000000
1!
1(
1H
1[
1m
#39530000000
0!
0(
0H
0[
0m
#39535000000
1!
1(
b11100000 /
b11100000 5
b11100000 D
1H
b11100000 W
1[
1m
#39540000000
0!
0(
0H
0[
0m
#39545000000
1!
1(
1H
1[
1m
#39550000000
0!
0(
0H
0[
0m
#39555000000
1!
1(
1H
1[
1m
#39560000000
0!
0(
0H
0[
0m
#39565000000
1!
1(
b11100001 /
b11100001 5
b11100001 D
1H
b11100001 W
1[
1m
#39570000000
0!
0(
0H
0[
0m
#39575000000
1!
1(
1H
1[
1m
#39580000000
0!
0(
0H
0[
0m
#39585000000
1!
1(
1H
1[
1m
#39590000000
0!
0(
0H
0[
0m
#39595000000
1!
1(
b11100010 /
b11100010 5
b11100010 D
1H
b11100010 W
1[
1m
#39600000000
0!
0(
0H
0[
0m
#39605000000
1!
1(
1H
1[
1m
#39610000000
0!
0(
0H
0[
0m
#39615000000
1!
1(
1H
1[
1m
#39620000000
0!
0(
0H
0[
0m
#39625000000
1!
1(
b11100011 /
b11100011 5
b11100011 D
1H
b11100011 W
1[
1m
#39630000000
0!
0(
0H
0[
0m
#39635000000
1!
1(
1H
1[
1m
#39640000000
0!
0(
0H
0[
0m
#39645000000
1!
1(
1H
1[
1m
#39650000000
0!
0(
0H
0[
0m
#39655000000
1!
1(
b11100100 /
b11100100 5
b11100100 D
1H
b11100100 W
1[
1m
#39660000000
0!
0(
0H
0[
0m
#39665000000
1!
1(
1H
1[
1m
#39670000000
0!
0(
0H
0[
0m
#39675000000
1!
1(
1H
1[
1m
#39680000000
0!
0(
0H
0[
0m
#39685000000
1!
1(
b11100101 /
b11100101 5
b11100101 D
1H
b11100101 W
1[
1m
#39690000000
0!
0(
0H
0[
0m
#39695000000
1!
1(
1H
1[
1m
#39700000000
0!
0(
0H
0[
0m
#39705000000
1!
1(
1H
1[
1m
#39710000000
0!
0(
0H
0[
0m
#39715000000
1!
1(
b11100110 /
b11100110 5
b11100110 D
1H
b11100110 W
1[
1m
#39720000000
0!
0(
0H
0[
0m
#39725000000
1!
1(
1H
1[
1m
#39730000000
0!
0(
0H
0[
0m
#39735000000
1!
1(
1H
1[
1m
#39740000000
0!
0(
0H
0[
0m
#39745000000
1!
1(
b11100111 /
b11100111 5
b11100111 D
1H
b11100111 W
1[
1m
#39750000000
0!
0(
0H
0[
0m
#39755000000
1!
1(
1H
1[
1m
#39760000000
0!
0(
0H
0[
0m
#39765000000
1!
1(
1H
1[
1m
#39770000000
0!
0(
0H
0[
0m
#39775000000
1!
1(
b11101000 /
b11101000 5
b11101000 D
1H
b11101000 W
1[
1m
#39780000000
0!
0(
0H
0[
0m
#39785000000
1!
1(
1H
1[
1m
#39790000000
0!
0(
0H
0[
0m
#39795000000
1!
1(
1H
1[
1m
#39800000000
0!
0(
0H
0[
0m
#39805000000
1!
1(
b11101001 /
b11101001 5
b11101001 D
1H
b11101001 W
1[
1m
#39810000000
0!
0(
0H
0[
0m
#39815000000
1!
1(
1H
1[
1m
#39820000000
0!
0(
0H
0[
0m
#39825000000
1!
1(
1H
1[
1m
#39830000000
0!
0(
0H
0[
0m
#39835000000
1!
1(
b11101010 /
b11101010 5
b11101010 D
1H
b11101010 W
1[
1m
#39840000000
0!
0(
0H
0[
0m
#39845000000
1!
1(
1H
1[
1m
#39850000000
0!
0(
0H
0[
0m
#39855000000
1!
1(
1H
1[
1m
#39860000000
0!
0(
0H
0[
0m
#39865000000
1!
1(
b11101011 /
b11101011 5
b11101011 D
1H
b11101011 W
1[
1m
#39870000000
0!
0(
0H
0[
0m
#39875000000
1!
1(
1H
1[
1m
#39880000000
0!
0(
0H
0[
0m
#39885000000
1!
1(
1H
1[
1m
#39890000000
0!
0(
0H
0[
0m
#39895000000
1!
1(
b11101100 /
b11101100 5
b11101100 D
1H
b11101100 W
1[
1m
#39900000000
0!
0(
0H
0[
0m
#39905000000
1!
1(
1H
1[
1m
#39910000000
0!
0(
0H
0[
0m
#39915000000
1!
1(
1H
1[
1m
#39920000000
0!
0(
0H
0[
0m
#39925000000
1!
1(
b11101101 /
b11101101 5
b11101101 D
1H
b11101101 W
1[
1m
#39930000000
0!
0(
0H
0[
0m
#39935000000
1!
1(
1H
1[
1m
#39940000000
0!
0(
0H
0[
0m
#39945000000
1!
1(
1H
1[
1m
#39950000000
0!
0(
0H
0[
0m
#39955000000
1!
1(
b11101110 /
b11101110 5
b11101110 D
1H
b11101110 W
1[
1m
#39960000000
0!
0(
0H
0[
0m
#39965000000
1!
1(
1H
1[
1m
#39970000000
0!
0(
0H
0[
0m
#39975000000
1!
1(
1H
1[
1m
#39980000000
0!
0(
0H
0[
0m
#39985000000
1!
1(
b11101111 /
b11101111 5
b11101111 D
1H
b11101111 W
1[
1m
#39990000000
0!
0(
0H
0[
0m
#39995000000
1!
1(
1H
1[
1m
#40000000000
0!
0(
0H
0[
0m
#40005000000
1!
1(
1H
1[
1m
#40010000000
0!
0(
0H
0[
0m
#40015000000
1!
1(
b11110000 /
b11110000 5
b11110000 D
1H
b11110000 W
1[
1m
#40020000000
0!
0(
0H
0[
0m
#40025000000
1!
1(
1H
1[
1m
#40030000000
0!
0(
0H
0[
0m
#40035000000
1!
1(
1H
1[
1m
#40040000000
0!
0(
0H
0[
0m
#40045000000
1!
1(
b11110001 /
b11110001 5
b11110001 D
1H
b11110001 W
1[
1m
#40050000000
0!
0(
0H
0[
0m
#40055000000
1!
1(
1H
1[
1m
#40060000000
0!
0(
0H
0[
0m
#40065000000
1!
1(
1H
1[
1m
#40070000000
0!
0(
0H
0[
0m
#40075000000
1!
1(
b11110010 /
b11110010 5
b11110010 D
1H
b11110010 W
1[
1m
#40080000000
0!
0(
0H
0[
0m
#40085000000
1!
1(
1H
1[
1m
#40090000000
0!
0(
0H
0[
0m
#40095000000
1!
1(
1H
1[
1m
#40100000000
0!
0(
0H
0[
0m
#40105000000
1!
1(
b11110011 /
b11110011 5
b11110011 D
1H
b11110011 W
1[
1m
#40110000000
0!
0(
0H
0[
0m
#40115000000
1!
1(
1H
1[
1m
#40120000000
0!
0(
0H
0[
0m
#40125000000
1!
1(
1H
1[
1m
#40130000000
0!
0(
0H
0[
0m
#40135000000
1!
1(
b11110100 /
b11110100 5
b11110100 D
1H
b11110100 W
1[
1m
#40140000000
0!
0(
0H
0[
0m
#40145000000
1!
1(
1H
1[
1m
#40150000000
0!
0(
0H
0[
0m
#40155000000
1!
1(
1H
1[
1m
#40160000000
0!
0(
0H
0[
0m
#40165000000
1!
1(
b11110101 /
b11110101 5
b11110101 D
1H
b11110101 W
1[
1m
#40170000000
0!
0(
0H
0[
0m
#40175000000
1!
1(
1H
1[
1m
#40180000000
0!
0(
0H
0[
0m
#40185000000
1!
1(
1H
1[
1m
#40190000000
0!
0(
0H
0[
0m
#40195000000
1!
1(
b11110110 /
b11110110 5
b11110110 D
1H
b11110110 W
1[
1m
#40200000000
0!
0(
0H
0[
0m
#40205000000
1!
1(
1H
1[
1m
#40210000000
0!
0(
0H
0[
0m
#40215000000
1!
1(
1H
1[
1m
#40220000000
0!
0(
0H
0[
0m
#40225000000
1!
1(
b11110111 /
b11110111 5
b11110111 D
1H
b11110111 W
1[
1m
#40230000000
0!
0(
0H
0[
0m
#40235000000
1!
1(
1H
1[
1m
#40240000000
0!
0(
0H
0[
0m
#40245000000
1!
1(
1H
1[
1m
#40250000000
0!
0(
0H
0[
0m
#40255000000
1!
1(
b11111000 /
b11111000 5
b11111000 D
1H
b11111000 W
1[
1m
#40260000000
0!
0(
0H
0[
0m
#40265000000
1!
1(
1H
1[
1m
#40270000000
0!
0(
0H
0[
0m
#40275000000
1!
1(
1H
1[
1m
#40280000000
0!
0(
0H
0[
0m
#40285000000
1!
1(
b11111001 /
b11111001 5
b11111001 D
1H
b11111001 W
1[
1m
#40290000000
0!
0(
0H
0[
0m
#40295000000
1!
1(
1H
1[
1m
#40300000000
0!
0(
0H
0[
0m
#40305000000
1!
1(
1H
1[
1m
#40310000000
0!
0(
0H
0[
0m
#40315000000
1!
1(
b11111010 /
b11111010 5
b11111010 D
1H
b11111010 W
1[
1m
#40320000000
0!
0(
0H
0[
0m
#40325000000
1!
1(
1H
1[
1m
#40330000000
0!
0(
0H
0[
0m
#40335000000
1!
1(
1H
1[
1m
#40340000000
0!
0(
0H
0[
0m
#40345000000
1!
1(
b11111011 /
b11111011 5
b11111011 D
1H
b11111011 W
1[
1m
#40350000000
0!
0(
0H
0[
0m
#40355000000
1!
1(
1H
1[
1m
#40360000000
0!
0(
0H
0[
0m
#40365000000
1!
1(
1H
1[
1m
#40370000000
0!
0(
0H
0[
0m
#40375000000
1!
1(
b11111100 /
b11111100 5
b11111100 D
1H
b11111100 W
1[
1m
#40380000000
0!
0(
0H
0[
0m
#40385000000
1!
1(
1H
1[
1m
#40390000000
0!
0(
0H
0[
0m
#40395000000
1!
1(
1H
1[
1m
#40400000000
0!
0(
0H
0[
0m
#40405000000
1!
1(
b11111101 /
b11111101 5
b11111101 D
1H
b11111101 W
1[
1m
#40410000000
0!
0(
0H
0[
0m
#40415000000
1!
1(
1H
1[
1m
#40420000000
0!
0(
0H
0[
0m
#40425000000
1!
1(
1H
1[
1m
#40430000000
0!
0(
0H
0[
0m
#40435000000
1!
1(
b11111110 /
b11111110 5
b11111110 D
1H
b11111110 W
1[
1m
#40440000000
0!
0(
0H
0[
0m
#40445000000
1!
1(
1H
1[
1m
#40450000000
0!
0(
0H
0[
0m
#40455000000
1!
1(
1H
1[
1m
#40460000000
0!
0(
0H
0[
0m
#40465000000
1!
1(
b11111111 /
b11111111 5
b11111111 D
1H
b11111111 W
1[
1m
#40470000000
0!
0(
0H
0[
0m
#40475000000
1!
1(
1H
1[
1m
#40480000000
0!
0(
0H
0[
0m
#40485000000
1!
1(
1H
1[
1m
#40490000000
0!
0(
0H
0[
0m
#40495000000
1!
1(
b00000000 /
b00000000 5
b00000000 D
1H
b00000000 W
1[
1m
#40500000000
0!
0(
0H
0[
0m
#40505000000
1!
1(
1H
1[
1m
#40510000000
0!
0(
0H
0[
0m
#40515000000
1!
1(
1H
1[
1m
#40520000000
0!
0(
0H
0[
0m
#40525000000
1!
1(
b00000001 /
b00000001 5
b00000001 D
1H
b00000001 W
1[
1m
#40530000000
0!
0(
0H
0[
0m
#40535000000
1!
1(
1H
1[
1m
#40540000000
0!
0(
0H
0[
0m
#40545000000
1!
1(
1H
1[
1m
#40550000000
0!
0(
0H
0[
0m
#40555000000
1!
1(
b00000010 /
b00000010 5
b00000010 D
1H
b00000010 W
1[
1m
#40560000000
0!
0(
0H
0[
0m
#40565000000
1!
1(
1H
1[
1m
#40570000000
0!
0(
0H
0[
0m
#40575000000
1!
1(
1H
1[
1m
#40580000000
0!
0(
0H
0[
0m
#40585000000
1!
1(
b00000011 /
b00000011 5
b00000011 D
1H
b00000011 W
1[
1m
#40590000000
0!
0(
0H
0[
0m
#40595000000
1!
1(
1H
1[
1m
#40600000000
0!
0(
0H
0[
0m
#40605000000
1!
1(
1H
1[
1m
#40610000000
0!
0(
0H
0[
0m
#40615000000
1!
1(
b00000100 /
b00000100 5
b00000100 D
1H
b00000100 W
1[
1m
#40620000000
0!
0(
0H
0[
0m
#40625000000
1!
1(
1H
1[
1m
#40630000000
0!
0(
0H
0[
0m
#40635000000
1!
1(
1H
1[
1m
#40640000000
0!
0(
0H
0[
0m
#40645000000
1!
1(
b00000101 /
b00000101 5
b00000101 D
1H
b00000101 W
1[
1m
#40650000000
0!
0(
0H
0[
0m
#40655000000
1!
1(
1H
1[
1m
#40660000000
0!
0(
0H
0[
0m
#40665000000
1!
1(
1H
1[
1m
#40670000000
0!
0(
0H
0[
0m
#40675000000
1!
1(
b00000110 /
b00000110 5
b00000110 D
1H
b00000110 W
1[
1m
#40680000000
0!
0(
0H
0[
0m
#40685000000
1!
1(
1H
1[
1m
#40690000000
0!
0(
0H
0[
0m
#40695000000
1!
1(
1H
1[
1m
#40700000000
0!
0(
0H
0[
0m
#40705000000
1!
1(
b00000111 /
b00000111 5
b00000111 D
1H
b00000111 W
1[
1m
#40710000000
0!
0(
0H
0[
0m
#40715000000
1!
1(
1H
1[
1m
#40720000000
0!
0(
0H
0[
0m
#40725000000
1!
1(
1H
1[
1m
#40730000000
0!
0(
0H
0[
0m
#40735000000
1!
1(
b00001000 /
b00001000 5
b00001000 D
1H
b00001000 W
1[
1m
#40740000000
0!
0(
0H
0[
0m
#40745000000
1!
1(
1H
1[
1m
#40750000000
0!
0(
0H
0[
0m
#40755000000
1!
1(
1H
1[
1m
#40760000000
0!
0(
0H
0[
0m
#40765000000
1!
1(
b00001001 /
b00001001 5
b00001001 D
1H
b00001001 W
1[
1m
#40770000000
0!
0(
0H
0[
0m
#40775000000
1!
1(
1H
1[
1m
#40780000000
0!
0(
0H
0[
0m
#40785000000
1!
1(
1H
1[
1m
#40790000000
0!
0(
0H
0[
0m
#40795000000
1!
1(
b00001010 /
b00001010 5
b00001010 D
1H
b00001010 W
1[
1m
#40800000000
0!
0(
0H
0[
0m
#40805000000
1!
1(
1H
1[
1m
#40810000000
0!
0(
0H
0[
0m
#40815000000
1!
1(
1H
1[
1m
#40820000000
0!
0(
0H
0[
0m
#40825000000
1!
1(
b00001011 /
b00001011 5
b00001011 D
1H
b00001011 W
1[
1m
#40830000000
0!
0(
0H
0[
0m
#40835000000
1!
1(
1H
1[
1m
#40840000000
0!
0(
0H
0[
0m
#40845000000
1!
1(
1H
1[
1m
#40850000000
0!
0(
0H
0[
0m
#40855000000
1!
1(
b00001100 /
b00001100 5
b00001100 D
1H
b00001100 W
1[
1m
#40860000000
0!
0(
0H
0[
0m
#40865000000
1!
1(
1H
1[
1m
#40870000000
0!
0(
0H
0[
0m
#40875000000
1!
1(
1H
1[
1m
#40880000000
0!
0(
0H
0[
0m
#40885000000
1!
1(
b00001101 /
b00001101 5
b00001101 D
1H
b00001101 W
1[
1m
#40890000000
0!
0(
0H
0[
0m
#40895000000
1!
1(
1H
1[
1m
#40900000000
0!
0(
0H
0[
0m
#40905000000
1!
1(
1H
1[
1m
#40910000000
0!
0(
0H
0[
0m
#40915000000
1!
1(
b00001110 /
b00001110 5
b00001110 D
1H
b00001110 W
1[
1m
#40920000000
0!
0(
0H
0[
0m
#40925000000
1!
1(
1H
1[
1m
#40930000000
0!
0(
0H
0[
0m
#40935000000
1!
1(
1H
1[
1m
#40940000000
0!
0(
0H
0[
0m
#40945000000
1!
1(
b00001111 /
b00001111 5
b00001111 D
1H
b00001111 W
1[
1m
#40950000000
0!
0(
0H
0[
0m
#40955000000
1!
1(
1H
1[
1m
#40960000000
0!
0(
0H
0[
0m
#40965000000
1!
1(
1H
1[
1m
#40970000000
0!
0(
0H
0[
0m
#40975000000
1!
1(
b00010000 /
b00010000 5
b00010000 D
1H
b00010000 W
1[
1m
#40980000000
0!
0(
0H
0[
0m
#40985000000
1!
1(
1H
1[
1m
#40990000000
0!
0(
0H
0[
0m
#40995000000
1!
1(
1H
1[
1m
#41000000000
0!
0(
0H
0[
0m
#41005000000
1!
1(
b00010001 /
b00010001 5
b00010001 D
1H
b00010001 W
1[
1m
#41010000000
0!
0(
0H
0[
0m
#41015000000
1!
1(
1H
1[
1m
#41020000000
0!
0(
0H
0[
0m
#41025000000
1!
1(
1H
1[
1m
#41030000000
0!
0(
0H
0[
0m
#41035000000
1!
1(
b00010010 /
b00010010 5
b00010010 D
1H
b00010010 W
1[
1m
#41040000000
0!
0(
0H
0[
0m
#41045000000
1!
1(
1H
1[
1m
#41050000000
0!
0(
0H
0[
0m
#41055000000
1!
1(
1H
1[
1m
#41060000000
0!
0(
0H
0[
0m
#41065000000
1!
1(
b00010011 /
b00010011 5
b00010011 D
1H
b00010011 W
1[
1m
#41070000000
0!
0(
0H
0[
0m
#41075000000
1!
1(
1H
1[
1m
#41080000000
0!
0(
0H
0[
0m
#41085000000
1!
1(
1H
1[
1m
#41090000000
0!
0(
0H
0[
0m
#41095000000
1!
1(
b00010100 /
b00010100 5
b00010100 D
1H
b00010100 W
1[
1m
#41100000000
0!
0(
0H
0[
0m
#41105000000
1!
1(
1H
1[
1m
#41110000000
0!
0(
0H
0[
0m
#41115000000
1!
1(
1H
1[
1m
#41120000000
0!
0(
0H
0[
0m
#41125000000
1!
1(
b00010101 /
b00010101 5
b00010101 D
1H
b00010101 W
1[
1m
#41130000000
0!
0(
0H
0[
0m
#41135000000
1!
1(
1H
1[
1m
#41140000000
0!
0(
0H
0[
0m
#41145000000
1!
1(
1H
1[
1m
#41150000000
0!
0(
0H
0[
0m
#41155000000
1!
1(
b00010110 /
b00010110 5
b00010110 D
1H
b00010110 W
1[
1m
#41160000000
0!
0(
0H
0[
0m
#41165000000
1!
1(
1H
1[
1m
#41170000000
0!
0(
0H
0[
0m
#41175000000
1!
1(
1H
1[
1m
#41180000000
0!
0(
0H
0[
0m
#41185000000
1!
1(
b00010111 /
b00010111 5
b00010111 D
1H
b00010111 W
1[
1m
#41190000000
0!
0(
0H
0[
0m
#41195000000
1!
1(
1H
1[
1m
#41200000000
0!
0(
0H
0[
0m
#41205000000
1!
1(
1H
1[
1m
#41210000000
0!
0(
0H
0[
0m
#41215000000
1!
1(
b00011000 /
b00011000 5
b00011000 D
1H
b00011000 W
1[
1m
#41220000000
0!
0(
0H
0[
0m
#41225000000
1!
1(
1H
1[
1m
#41230000000
0!
0(
0H
0[
0m
#41235000000
1!
1(
1H
1[
1m
#41240000000
0!
0(
0H
0[
0m
#41245000000
1!
1(
b00011001 /
b00011001 5
b00011001 D
1H
b00011001 W
1[
1m
#41250000000
0!
0(
0H
0[
0m
#41255000000
1!
1(
1H
1[
1m
#41260000000
0!
0(
0H
0[
0m
#41265000000
1!
1(
1H
1[
1m
#41270000000
0!
0(
0H
0[
0m
#41275000000
1!
1(
b00011010 /
b00011010 5
b00011010 D
1H
b00011010 W
1[
1m
#41280000000
0!
0(
0H
0[
0m
#41285000000
1!
1(
1H
1[
1m
#41290000000
0!
0(
0H
0[
0m
#41295000000
1!
1(
1H
1[
1m
#41300000000
0!
0(
0H
0[
0m
#41305000000
1!
1(
b00011011 /
b00011011 5
b00011011 D
1H
b00011011 W
1[
1m
#41310000000
0!
0(
0H
0[
0m
#41315000000
1!
1(
1H
1[
1m
#41320000000
0!
0(
0H
0[
0m
#41325000000
1!
1(
1H
1[
1m
#41330000000
0!
0(
0H
0[
0m
#41335000000
1!
1(
b00011100 /
b00011100 5
b00011100 D
1H
b00011100 W
1[
1m
#41340000000
0!
0(
0H
0[
0m
#41345000000
1!
1(
1H
1[
1m
#41350000000
0!
0(
0H
0[
0m
#41355000000
1!
1(
1H
1[
1m
#41360000000
0!
0(
0H
0[
0m
#41365000000
1!
1(
b00011101 /
b00011101 5
b00011101 D
1H
b00011101 W
1[
1m
#41370000000
0!
0(
0H
0[
0m
#41375000000
1!
1(
1H
1[
1m
#41380000000
0!
0(
0H
0[
0m
#41385000000
1!
1(
1H
1[
1m
#41390000000
0!
0(
0H
0[
0m
#41395000000
1!
1(
b00011110 /
b00011110 5
b00011110 D
1H
b00011110 W
1[
1m
#41400000000
0!
0(
0H
0[
0m
#41405000000
1!
1(
1H
1[
1m
#41410000000
0!
0(
0H
0[
0m
#41415000000
1!
1(
1H
1[
1m
#41420000000
0!
0(
0H
0[
0m
#41425000000
1!
1(
b00011111 /
b00011111 5
b00011111 D
1H
b00011111 W
1[
1m
#41430000000
0!
0(
0H
0[
0m
#41435000000
1!
1(
1H
1[
1m
#41440000000
0!
0(
0H
0[
0m
#41445000000
1!
1(
1H
1[
1m
#41450000000
0!
0(
0H
0[
0m
#41455000000
1!
1(
b00100000 /
b00100000 5
b00100000 D
1H
b00100000 W
1[
1m
#41460000000
0!
0(
0H
0[
0m
#41465000000
1!
1(
1H
1[
1m
#41470000000
0!
0(
0H
0[
0m
#41475000000
1!
1(
1H
1[
1m
#41480000000
0!
0(
0H
0[
0m
#41485000000
1!
1(
b00100001 /
b00100001 5
b00100001 D
1H
b00100001 W
1[
1m
#41490000000
0!
0(
0H
0[
0m
#41495000000
1!
1(
1H
1[
1m
#41500000000
0!
0(
0H
0[
0m
#41505000000
1!
1(
1H
1[
1m
#41510000000
0!
0(
0H
0[
0m
#41515000000
1!
1(
b00100010 /
b00100010 5
b00100010 D
1H
b00100010 W
1[
1m
#41520000000
0!
0(
0H
0[
0m
#41525000000
1!
1(
1H
1[
1m
#41530000000
0!
0(
0H
0[
0m
#41535000000
1!
1(
1H
1[
1m
#41540000000
0!
0(
0H
0[
0m
#41545000000
1!
1(
b00100011 /
b00100011 5
b00100011 D
1H
b00100011 W
1[
1m
#41550000000
0!
0(
0H
0[
0m
#41555000000
1!
1(
1H
1[
1m
#41560000000
0!
0(
0H
0[
0m
#41565000000
1!
1(
1H
1[
1m
#41570000000
0!
0(
0H
0[
0m
#41575000000
1!
1(
b00100100 /
b00100100 5
b00100100 D
1H
b00100100 W
1[
1m
#41580000000
0!
0(
0H
0[
0m
#41585000000
1!
1(
1H
1[
1m
#41590000000
0!
0(
0H
0[
0m
#41595000000
1!
1(
1H
1[
1m
#41600000000
0!
0(
0H
0[
0m
#41605000000
1!
1(
b00100101 /
b00100101 5
b00100101 D
1H
b00100101 W
1[
1m
#41610000000
0!
0(
0H
0[
0m
#41615000000
1!
1(
1H
1[
1m
#41620000000
0!
0(
0H
0[
0m
#41625000000
1!
1(
1H
1[
1m
#41630000000
0!
0(
0H
0[
0m
#41635000000
1!
1(
b00100110 /
b00100110 5
b00100110 D
1H
b00100110 W
1[
1m
#41640000000
0!
0(
0H
0[
0m
#41645000000
1!
1(
1H
1[
1m
#41650000000
0!
0(
0H
0[
0m
#41655000000
1!
1(
1H
1[
1m
#41660000000
0!
0(
0H
0[
0m
#41665000000
1!
1(
b00100111 /
b00100111 5
b00100111 D
1H
b00100111 W
1[
1m
#41670000000
0!
0(
0H
0[
0m
#41675000000
1!
1(
1H
1[
1m
#41680000000
0!
0(
0H
0[
0m
#41685000000
1!
1(
1H
1[
1m
#41690000000
0!
0(
0H
0[
0m
#41695000000
1!
1(
b00101000 /
b00101000 5
b00101000 D
1H
b00101000 W
1[
1m
#41700000000
0!
0(
0H
0[
0m
#41705000000
1!
1(
1H
1[
1m
#41710000000
0!
0(
0H
0[
0m
#41715000000
1!
1(
1H
1[
1m
#41720000000
0!
0(
0H
0[
0m
#41725000000
1!
1(
b00101001 /
b00101001 5
b00101001 D
1H
b00101001 W
1[
1m
#41730000000
0!
0(
0H
0[
0m
#41735000000
1!
1(
1H
1[
1m
#41740000000
0!
0(
0H
0[
0m
#41745000000
1!
1(
1H
1[
1m
#41750000000
0!
0(
0H
0[
0m
#41755000000
1!
1(
b00101010 /
b00101010 5
b00101010 D
1H
b00101010 W
1[
1m
#41760000000
0!
0(
0H
0[
0m
#41765000000
1!
1(
1H
1[
1m
#41770000000
0!
0(
0H
0[
0m
#41775000000
1!
1(
1H
1[
1m
#41780000000
0!
0(
0H
0[
0m
#41785000000
1!
1(
b00101011 /
b00101011 5
b00101011 D
1H
b00101011 W
1[
1m
#41790000000
0!
0(
0H
0[
0m
#41795000000
1!
1(
1H
1[
1m
#41800000000
0!
0(
0H
0[
0m
#41805000000
1!
1(
1H
1[
1m
#41810000000
0!
0(
0H
0[
0m
#41815000000
1!
1(
b00101100 /
b00101100 5
b00101100 D
1H
b00101100 W
1[
1m
#41820000000
0!
0(
0H
0[
0m
#41825000000
1!
1(
1H
1[
1m
#41830000000
0!
0(
0H
0[
0m
#41835000000
1!
1(
1H
1[
1m
#41840000000
0!
0(
0H
0[
0m
#41845000000
1!
1(
b00101101 /
b00101101 5
b00101101 D
1H
b00101101 W
1[
1m
#41850000000
0!
0(
0H
0[
0m
#41855000000
1!
1(
1H
1[
1m
#41860000000
0!
0(
0H
0[
0m
#41865000000
1!
1(
1H
1[
1m
#41870000000
0!
0(
0H
0[
0m
#41875000000
1!
1(
b00101110 /
b00101110 5
b00101110 D
1H
b00101110 W
1[
1m
#41880000000
0!
0(
0H
0[
0m
#41885000000
1!
1(
1H
1[
1m
#41890000000
0!
0(
0H
0[
0m
#41895000000
1!
1(
1H
1[
1m
#41900000000
0!
0(
0H
0[
0m
#41905000000
1!
1(
b00101111 /
b00101111 5
b00101111 D
1H
b00101111 W
1[
1m
#41910000000
0!
0(
0H
0[
0m
#41915000000
1!
1(
1H
1[
1m
#41920000000
0!
0(
0H
0[
0m
#41925000000
1!
1(
1H
1[
1m
#41930000000
0!
0(
0H
0[
0m
#41935000000
1!
1(
b00110000 /
b00110000 5
b00110000 D
1H
b00110000 W
1[
1m
#41940000000
0!
0(
0H
0[
0m
#41945000000
1!
1(
1H
1[
1m
#41950000000
0!
0(
0H
0[
0m
#41955000000
1!
1(
1H
1[
1m
#41960000000
0!
0(
0H
0[
0m
#41965000000
1!
1(
b00110001 /
b00110001 5
b00110001 D
1H
b00110001 W
1[
1m
#41970000000
0!
0(
0H
0[
0m
#41975000000
1!
1(
1H
1[
1m
#41980000000
0!
0(
0H
0[
0m
#41985000000
1!
1(
1H
1[
1m
#41990000000
0!
0(
0H
0[
0m
#41995000000
1!
1(
b00110010 /
b00110010 5
b00110010 D
1H
b00110010 W
1[
1m
#42000000000
0!
0(
0H
0[
0m
#42005000000
1!
1(
1H
1[
1m
#42010000000
0!
0(
0H
0[
0m
#42015000000
1!
1(
1H
1[
1m
#42020000000
0!
0(
0H
0[
0m
#42025000000
1!
1(
b00110011 /
b00110011 5
b00110011 D
1H
b00110011 W
1[
1m
#42030000000
0!
0(
0H
0[
0m
#42035000000
1!
1(
1H
1[
1m
#42040000000
0!
0(
0H
0[
0m
#42045000000
1!
1(
1H
1[
1m
#42050000000
0!
0(
0H
0[
0m
#42055000000
1!
1(
b00110100 /
b00110100 5
b00110100 D
1H
b00110100 W
1[
1m
#42060000000
0!
0(
0H
0[
0m
#42065000000
1!
1(
1H
1[
1m
#42070000000
0!
0(
0H
0[
0m
#42075000000
1!
1(
1H
1[
1m
#42080000000
0!
0(
0H
0[
0m
#42085000000
1!
1(
b00110101 /
b00110101 5
b00110101 D
1H
b00110101 W
1[
1m
#42090000000
0!
0(
0H
0[
0m
#42095000000
1!
1(
1H
1[
1m
#42100000000
0!
0(
0H
0[
0m
#42105000000
1!
1(
1H
1[
1m
#42110000000
0!
0(
0H
0[
0m
#42115000000
1!
1(
b00110110 /
b00110110 5
b00110110 D
1H
b00110110 W
1[
1m
#42120000000
0!
0(
0H
0[
0m
#42125000000
1!
1(
1H
1[
1m
#42130000000
0!
0(
0H
0[
0m
#42135000000
1!
1(
1H
1[
1m
#42140000000
0!
0(
0H
0[
0m
#42145000000
1!
1(
b00110111 /
b00110111 5
b00110111 D
1H
b00110111 W
1[
1m
#42150000000
0!
0(
0H
0[
0m
#42155000000
1!
1(
1H
1[
1m
#42160000000
0!
0(
0H
0[
0m
#42165000000
1!
1(
1H
1[
1m
#42170000000
0!
0(
0H
0[
0m
#42175000000
1!
1(
b00111000 /
b00111000 5
b00111000 D
1H
b00111000 W
1[
1m
#42180000000
0!
0(
0H
0[
0m
#42185000000
1!
1(
1H
1[
1m
#42190000000
0!
0(
0H
0[
0m
#42195000000
1!
1(
1H
1[
1m
#42200000000
0!
0(
0H
0[
0m
#42205000000
1!
1(
b00111001 /
b00111001 5
b00111001 D
1H
b00111001 W
1[
1m
#42210000000
0!
0(
0H
0[
0m
#42215000000
1!
1(
1H
1[
1m
#42220000000
0!
0(
0H
0[
0m
#42225000000
1!
1(
1H
1[
1m
#42230000000
0!
0(
0H
0[
0m
#42235000000
1!
1(
b00111010 /
b00111010 5
b00111010 D
1H
b00111010 W
1[
1m
#42240000000
0!
0(
0H
0[
0m
#42245000000
1!
1(
1H
1[
1m
#42250000000
0!
0(
0H
0[
0m
#42255000000
1!
1(
1H
1[
1m
#42260000000
0!
0(
0H
0[
0m
#42265000000
1!
1(
b00111011 /
b00111011 5
b00111011 D
1H
b00111011 W
1[
1m
#42270000000
0!
0(
0H
0[
0m
#42275000000
1!
1(
1H
1[
1m
#42280000000
0!
0(
0H
0[
0m
#42285000000
1!
1(
1H
1[
1m
#42290000000
0!
0(
0H
0[
0m
#42295000000
1!
1(
b00111100 /
b00111100 5
b00111100 D
1H
b00111100 W
1[
1m
#42300000000
0!
0(
0H
0[
0m
#42305000000
1!
1(
1H
1[
1m
#42310000000
0!
0(
0H
0[
0m
#42315000000
1!
1(
1H
1[
1m
#42320000000
0!
0(
0H
0[
0m
#42325000000
1!
1(
b00111101 /
b00111101 5
b00111101 D
1H
b00111101 W
1[
1m
#42330000000
0!
0(
0H
0[
0m
#42335000000
1!
1(
1H
1[
1m
#42340000000
0!
0(
0H
0[
0m
#42345000000
1!
1(
1H
1[
1m
#42350000000
0!
0(
0H
0[
0m
#42355000000
1!
1(
b00111110 /
b00111110 5
b00111110 D
1H
b00111110 W
1[
1m
#42360000000
0!
0(
0H
0[
0m
#42365000000
1!
1(
1H
1[
1m
#42370000000
0!
0(
0H
0[
0m
#42375000000
1!
1(
1H
1[
1m
#42380000000
0!
0(
0H
0[
0m
#42385000000
1!
1(
b00111111 /
b00111111 5
b00111111 D
1H
b00111111 W
1[
1m
#42390000000
0!
0(
0H
0[
0m
#42395000000
1!
1(
1H
1[
1m
#42400000000
0!
0(
0H
0[
0m
#42405000000
1!
1(
1H
1[
1m
#42410000000
0!
0(
0H
0[
0m
#42415000000
1!
1(
b01000000 /
b01000000 5
b01000000 D
1H
b01000000 W
1[
1m
#42420000000
0!
0(
0H
0[
0m
#42425000000
1!
1(
1H
1[
1m
#42430000000
0!
0(
0H
0[
0m
#42435000000
1!
1(
1H
1[
1m
#42440000000
0!
0(
0H
0[
0m
#42445000000
1!
1(
b01000001 /
b01000001 5
b01000001 D
1H
b01000001 W
1[
1m
#42450000000
0!
0(
0H
0[
0m
#42455000000
1!
1(
1H
1[
1m
#42460000000
0!
0(
0H
0[
0m
#42465000000
1!
1(
1H
1[
1m
#42470000000
0!
0(
0H
0[
0m
#42475000000
1!
1(
b01000010 /
b01000010 5
b01000010 D
1H
b01000010 W
1[
1m
#42480000000
0!
0(
0H
0[
0m
#42485000000
1!
1(
1H
1[
1m
#42490000000
0!
0(
0H
0[
0m
#42495000000
1!
1(
1H
1[
1m
#42500000000
0!
0(
0H
0[
0m
#42505000000
1!
1(
b01000011 /
b01000011 5
b01000011 D
1H
b01000011 W
1[
1m
#42510000000
0!
0(
0H
0[
0m
#42515000000
1!
1(
1H
1[
1m
#42520000000
0!
0(
0H
0[
0m
#42525000000
1!
1(
1H
1[
1m
#42530000000
0!
0(
0H
0[
0m
#42535000000
1!
1(
b01000100 /
b01000100 5
b01000100 D
1H
b01000100 W
1[
1m
#42540000000
0!
0(
0H
0[
0m
#42545000000
1!
1(
1H
1[
1m
#42550000000
0!
0(
0H
0[
0m
#42555000000
1!
1(
1H
1[
1m
#42560000000
0!
0(
0H
0[
0m
#42565000000
1!
1(
b01000101 /
b01000101 5
b01000101 D
1H
b01000101 W
1[
1m
#42570000000
0!
0(
0H
0[
0m
#42575000000
1!
1(
1H
1[
1m
#42580000000
0!
0(
0H
0[
0m
#42585000000
1!
1(
1H
1[
1m
#42590000000
0!
0(
0H
0[
0m
#42595000000
1!
1(
b01000110 /
b01000110 5
b01000110 D
1H
b01000110 W
1[
1m
#42600000000
0!
0(
0H
0[
0m
#42605000000
1!
1(
1H
1[
1m
#42610000000
0!
0(
0H
0[
0m
#42615000000
1!
1(
1H
1[
1m
#42620000000
0!
0(
0H
0[
0m
#42625000000
1!
1(
b01000111 /
b01000111 5
b01000111 D
1H
b01000111 W
1[
1m
#42630000000
0!
0(
0H
0[
0m
#42635000000
1!
1(
1H
1[
1m
#42640000000
0!
0(
0H
0[
0m
#42645000000
1!
1(
1H
1[
1m
#42650000000
0!
0(
0H
0[
0m
#42655000000
1!
1(
b01001000 /
b01001000 5
b01001000 D
1H
b01001000 W
1[
1m
#42660000000
0!
0(
0H
0[
0m
#42665000000
1!
1(
1H
1[
1m
#42670000000
0!
0(
0H
0[
0m
#42675000000
1!
1(
1H
1[
1m
#42680000000
0!
0(
0H
0[
0m
#42685000000
1!
1(
b01001001 /
b01001001 5
b01001001 D
1H
b01001001 W
1[
1m
#42690000000
0!
0(
0H
0[
0m
#42695000000
1!
1(
1H
1[
1m
#42700000000
0!
0(
0H
0[
0m
#42705000000
1!
1(
1H
1[
1m
#42710000000
0!
0(
0H
0[
0m
#42715000000
1!
1(
b01001010 /
b01001010 5
b01001010 D
1H
b01001010 W
1[
1m
#42720000000
0!
0(
0H
0[
0m
#42725000000
1!
1(
1H
1[
1m
#42730000000
0!
0(
0H
0[
0m
#42735000000
1!
1(
1H
1[
1m
#42740000000
0!
0(
0H
0[
0m
#42745000000
1!
1(
b01001011 /
b01001011 5
b01001011 D
1H
b01001011 W
1[
1m
#42750000000
0!
0(
0H
0[
0m
#42755000000
1!
1(
1H
1[
1m
#42760000000
0!
0(
0H
0[
0m
#42765000000
1!
1(
1H
1[
1m
#42770000000
0!
0(
0H
0[
0m
#42775000000
1!
1(
b01001100 /
b01001100 5
b01001100 D
1H
b01001100 W
1[
1m
#42780000000
0!
0(
0H
0[
0m
#42785000000
1!
1(
1H
1[
1m
#42790000000
0!
0(
0H
0[
0m
#42795000000
1!
1(
1H
1[
1m
#42800000000
0!
0(
0H
0[
0m
#42805000000
1!
1(
b01001101 /
b01001101 5
b01001101 D
1H
b01001101 W
1[
1m
#42810000000
0!
0(
0H
0[
0m
#42815000000
1!
1(
1H
1[
1m
#42820000000
0!
0(
0H
0[
0m
#42825000000
1!
1(
1H
1[
1m
#42830000000
0!
0(
0H
0[
0m
#42835000000
1!
1(
b01001110 /
b01001110 5
b01001110 D
1H
b01001110 W
1[
1m
#42840000000
0!
0(
0H
0[
0m
#42845000000
1!
1(
1H
1[
1m
#42850000000
0!
0(
0H
0[
0m
#42855000000
1!
1(
1H
1[
1m
#42860000000
0!
0(
0H
0[
0m
#42865000000
1!
1(
b01001111 /
b01001111 5
b01001111 D
1H
b01001111 W
1[
1m
#42870000000
0!
0(
0H
0[
0m
#42875000000
1!
1(
1H
1[
1m
#42880000000
0!
0(
0H
0[
0m
#42885000000
1!
1(
1H
1[
1m
#42890000000
0!
0(
0H
0[
0m
#42895000000
1!
1(
b01010000 /
b01010000 5
b01010000 D
1H
b01010000 W
1[
1m
#42900000000
0!
0(
0H
0[
0m
#42905000000
1!
1(
1H
1[
1m
#42910000000
0!
0(
0H
0[
0m
#42915000000
1!
1(
1H
1[
1m
#42920000000
0!
0(
0H
0[
0m
#42925000000
1!
1(
b01010001 /
b01010001 5
b01010001 D
1H
b01010001 W
1[
1m
#42930000000
0!
0(
0H
0[
0m
#42935000000
1!
1(
1H
1[
1m
#42940000000
0!
0(
0H
0[
0m
#42945000000
1!
1(
1H
1[
1m
#42950000000
0!
0(
0H
0[
0m
#42955000000
1!
1(
b01010010 /
b01010010 5
b01010010 D
1H
b01010010 W
1[
1m
#42960000000
0!
0(
0H
0[
0m
#42965000000
1!
1(
1H
1[
1m
#42970000000
0!
0(
0H
0[
0m
#42975000000
1!
1(
1H
1[
1m
#42980000000
0!
0(
0H
0[
0m
#42985000000
1!
1(
b01010011 /
b01010011 5
b01010011 D
1H
b01010011 W
1[
1m
#42990000000
0!
0(
0H
0[
0m
#42995000000
1!
1(
1H
1[
1m
#43000000000
0!
0(
0H
0[
0m
#43005000000
1!
1(
1H
1[
1m
#43010000000
0!
0(
0H
0[
0m
#43015000000
1!
1(
b01010100 /
b01010100 5
b01010100 D
1H
b01010100 W
1[
1m
#43020000000
0!
0(
0H
0[
0m
#43025000000
1!
1(
1H
1[
1m
#43030000000
0!
0(
0H
0[
0m
#43035000000
1!
1(
1H
1[
1m
#43040000000
0!
0(
0H
0[
0m
#43045000000
1!
1(
b01010101 /
b01010101 5
b01010101 D
1H
b01010101 W
1[
1m
#43050000000
0!
0(
0H
0[
0m
#43055000000
1!
1(
1H
1[
1m
#43060000000
0!
0(
0H
0[
0m
#43065000000
1!
1(
1H
1[
1m
#43070000000
0!
0(
0H
0[
0m
#43075000000
1!
1(
b01010110 /
b01010110 5
b01010110 D
1H
b01010110 W
1[
1m
#43080000000
0!
0(
0H
0[
0m
#43085000000
1!
1(
1H
1[
1m
#43090000000
0!
0(
0H
0[
0m
#43095000000
1!
1(
1H
1[
1m
#43100000000
0!
0(
0H
0[
0m
#43105000000
1!
1(
b01010111 /
b01010111 5
b01010111 D
1H
b01010111 W
1[
1m
#43110000000
0!
0(
0H
0[
0m
#43115000000
1!
1(
1H
1[
1m
#43120000000
0!
0(
0H
0[
0m
#43125000000
1!
1(
1H
1[
1m
#43130000000
0!
0(
0H
0[
0m
#43135000000
1!
1(
b01011000 /
b01011000 5
b01011000 D
1H
b01011000 W
1[
1m
#43140000000
0!
0(
0H
0[
0m
#43145000000
1!
1(
1H
1[
1m
#43150000000
0!
0(
0H
0[
0m
#43155000000
1!
1(
1H
1[
1m
#43160000000
0!
0(
0H
0[
0m
#43165000000
1!
1(
b01011001 /
b01011001 5
b01011001 D
1H
b01011001 W
1[
1m
#43170000000
0!
0(
0H
0[
0m
#43175000000
1!
1(
1H
1[
1m
#43180000000
0!
0(
0H
0[
0m
#43185000000
1!
1(
1H
1[
1m
#43190000000
0!
0(
0H
0[
0m
#43195000000
1!
1(
b01011010 /
b01011010 5
b01011010 D
1H
b01011010 W
1[
1m
#43200000000
0!
0(
0H
0[
0m
#43205000000
1!
1(
1H
1[
1m
#43210000000
0!
0(
0H
0[
0m
#43215000000
1!
1(
1H
1[
1m
#43220000000
0!
0(
0H
0[
0m
#43225000000
1!
1(
b01011011 /
b01011011 5
b01011011 D
1H
b01011011 W
1[
1m
#43230000000
0!
0(
0H
0[
0m
#43235000000
1!
1(
1H
1[
1m
#43240000000
0!
0(
0H
0[
0m
#43245000000
1!
1(
1H
1[
1m
#43250000000
0!
0(
0H
0[
0m
#43255000000
1!
1(
b01011100 /
b01011100 5
b01011100 D
1H
b01011100 W
1[
1m
#43260000000
0!
0(
0H
0[
0m
#43265000000
1!
1(
1H
1[
1m
#43270000000
0!
0(
0H
0[
0m
#43275000000
1!
1(
1H
1[
1m
#43280000000
0!
0(
0H
0[
0m
#43285000000
1!
1(
b01011101 /
b01011101 5
b01011101 D
1H
b01011101 W
1[
1m
#43290000000
0!
0(
0H
0[
0m
#43295000000
1!
1(
1H
1[
1m
#43300000000
0!
0(
0H
0[
0m
#43305000000
1!
1(
1H
1[
1m
#43310000000
0!
0(
0H
0[
0m
#43315000000
1!
1(
b01011110 /
b01011110 5
b01011110 D
1H
b01011110 W
1[
1m
#43320000000
0!
0(
0H
0[
0m
#43325000000
1!
1(
1H
1[
1m
#43330000000
0!
0(
0H
0[
0m
#43335000000
1!
1(
1H
1[
1m
#43340000000
0!
0(
0H
0[
0m
#43345000000
1!
1(
b01011111 /
b01011111 5
b01011111 D
1H
b01011111 W
1[
1m
#43350000000
0!
0(
0H
0[
0m
#43355000000
1!
1(
1H
1[
1m
#43360000000
0!
0(
0H
0[
0m
#43365000000
1!
1(
1H
1[
1m
#43370000000
0!
0(
0H
0[
0m
#43375000000
1!
1(
b01100000 /
b01100000 5
b01100000 D
1H
b01100000 W
1[
1m
#43380000000
0!
0(
0H
0[
0m
#43385000000
1!
1(
1H
1[
1m
#43390000000
0!
0(
0H
0[
0m
#43395000000
1!
1(
1H
1[
1m
#43400000000
0!
0(
0H
0[
0m
#43405000000
1!
1(
b01100001 /
b01100001 5
b01100001 D
1H
b01100001 W
1[
1m
#43410000000
0!
0(
0H
0[
0m
#43415000000
1!
1(
1H
1[
1m
#43420000000
0!
0(
0H
0[
0m
#43425000000
1!
1(
1H
1[
1m
#43430000000
0!
0(
0H
0[
0m
#43435000000
1!
1(
b01100010 /
b01100010 5
b01100010 D
1H
b01100010 W
1[
1m
#43440000000
0!
0(
0H
0[
0m
#43445000000
1!
1(
1H
1[
1m
#43450000000
0!
0(
0H
0[
0m
#43455000000
1!
1(
1H
1[
1m
#43460000000
0!
0(
0H
0[
0m
#43465000000
1!
1(
b01100011 /
b01100011 5
b01100011 D
1H
b01100011 W
1[
1m
#43470000000
0!
0(
0H
0[
0m
#43475000000
1!
1(
1H
1[
1m
#43480000000
0!
0(
0H
0[
0m
#43485000000
1!
1(
1H
1[
1m
#43490000000
0!
0(
0H
0[
0m
#43495000000
1!
1(
b01100100 /
b01100100 5
b01100100 D
1H
b01100100 W
1[
1m
#43500000000
0!
0(
0H
0[
0m
#43505000000
1!
1(
1H
1[
1m
#43510000000
0!
0(
0H
0[
0m
#43515000000
1!
1(
1H
1[
1m
#43520000000
0!
0(
0H
0[
0m
#43525000000
1!
1(
b01100101 /
b01100101 5
b01100101 D
1H
b01100101 W
1[
1m
#43530000000
0!
0(
0H
0[
0m
#43535000000
1!
1(
1H
1[
1m
#43540000000
0!
0(
0H
0[
0m
#43545000000
1!
1(
1H
1[
1m
#43550000000
0!
0(
0H
0[
0m
#43555000000
1!
1(
b01100110 /
b01100110 5
b01100110 D
1H
b01100110 W
1[
1m
#43560000000
0!
0(
0H
0[
0m
#43565000000
1!
1(
1H
1[
1m
#43570000000
0!
0(
0H
0[
0m
#43575000000
1!
1(
1H
1[
1m
#43580000000
0!
0(
0H
0[
0m
#43585000000
1!
1(
b01100111 /
b01100111 5
b01100111 D
1H
b01100111 W
1[
1m
#43590000000
0!
0(
0H
0[
0m
#43595000000
1!
1(
1H
1[
1m
#43600000000
0!
0(
0H
0[
0m
#43605000000
1!
1(
1H
1[
1m
#43610000000
0!
0(
0H
0[
0m
#43615000000
1!
1(
b01101000 /
b01101000 5
b01101000 D
1H
b01101000 W
1[
1m
#43620000000
0!
0(
0H
0[
0m
#43625000000
1!
1(
1H
1[
1m
#43630000000
0!
0(
0H
0[
0m
#43635000000
1!
1(
1H
1[
1m
#43640000000
0!
0(
0H
0[
0m
#43645000000
1!
1(
b01101001 /
b01101001 5
b01101001 D
1H
b01101001 W
1[
1m
#43650000000
0!
0(
0H
0[
0m
#43655000000
1!
1(
1H
1[
1m
#43660000000
0!
0(
0H
0[
0m
#43665000000
1!
1(
1H
1[
1m
#43670000000
0!
0(
0H
0[
0m
#43675000000
1!
1(
b01101010 /
b01101010 5
b01101010 D
1H
b01101010 W
1[
1m
#43680000000
0!
0(
0H
0[
0m
#43685000000
1!
1(
1H
1[
1m
#43690000000
0!
0(
0H
0[
0m
#43695000000
1!
1(
1H
1[
1m
#43700000000
0!
0(
0H
0[
0m
#43705000000
1!
1(
b01101011 /
b01101011 5
b01101011 D
1H
b01101011 W
1[
1m
#43710000000
0!
0(
0H
0[
0m
#43715000000
1!
1(
1H
1[
1m
#43720000000
0!
0(
0H
0[
0m
#43725000000
1!
1(
1H
1[
1m
#43730000000
0!
0(
0H
0[
0m
#43735000000
1!
1(
b01101100 /
b01101100 5
b01101100 D
1H
b01101100 W
1[
1m
#43740000000
0!
0(
0H
0[
0m
#43745000000
1!
1(
1H
1[
1m
#43750000000
0!
0(
0H
0[
0m
#43755000000
1!
1(
1H
1[
1m
#43760000000
0!
0(
0H
0[
0m
#43765000000
1!
1(
b01101101 /
b01101101 5
b01101101 D
1H
b01101101 W
1[
1m
#43770000000
0!
0(
0H
0[
0m
#43775000000
1!
1(
1H
1[
1m
#43780000000
0!
0(
0H
0[
0m
#43785000000
1!
1(
1H
1[
1m
#43790000000
0!
0(
0H
0[
0m
#43795000000
1!
1(
b01101110 /
b01101110 5
b01101110 D
1H
b01101110 W
1[
1m
#43800000000
0!
0(
0H
0[
0m
#43805000000
1!
1(
1H
1[
1m
#43810000000
0!
0(
0H
0[
0m
#43815000000
1!
1(
1H
1[
1m
#43820000000
0!
0(
0H
0[
0m
#43825000000
1!
1(
b01101111 /
b01101111 5
b01101111 D
1H
b01101111 W
1[
1m
#43830000000
0!
0(
0H
0[
0m
#43835000000
1!
1(
1H
1[
1m
#43840000000
0!
0(
0H
0[
0m
#43845000000
1!
1(
1H
1[
1m
#43850000000
0!
0(
0H
0[
0m
#43855000000
1!
1(
b01110000 /
b01110000 5
b01110000 D
1H
b01110000 W
1[
1m
#43860000000
0!
0(
0H
0[
0m
#43865000000
1!
1(
1H
1[
1m
#43870000000
0!
0(
0H
0[
0m
#43875000000
1!
1(
1H
1[
1m
#43880000000
0!
0(
0H
0[
0m
#43885000000
1!
1(
b01110001 /
b01110001 5
b01110001 D
1H
b01110001 W
1[
1m
#43890000000
0!
0(
0H
0[
0m
#43895000000
1!
1(
1H
1[
1m
#43900000000
0!
0(
0H
0[
0m
#43905000000
1!
1(
1H
1[
1m
#43910000000
0!
0(
0H
0[
0m
#43915000000
1!
1(
b01110010 /
b01110010 5
b01110010 D
1H
b01110010 W
1[
1m
#43920000000
0!
0(
0H
0[
0m
#43925000000
1!
1(
1H
1[
1m
#43930000000
0!
0(
0H
0[
0m
#43935000000
1!
1(
1H
1[
1m
#43940000000
0!
0(
0H
0[
0m
#43945000000
1!
1(
b01110011 /
b01110011 5
b01110011 D
1H
b01110011 W
1[
1m
#43950000000
0!
0(
0H
0[
0m
#43955000000
1!
1(
1H
1[
1m
#43960000000
0!
0(
0H
0[
0m
#43965000000
1!
1(
1H
1[
1m
#43970000000
0!
0(
0H
0[
0m
#43975000000
1!
1(
b01110100 /
b01110100 5
b01110100 D
1H
b01110100 W
1[
1m
#43980000000
0!
0(
0H
0[
0m
#43985000000
1!
1(
1H
1[
1m
#43990000000
0!
0(
0H
0[
0m
#43995000000
1!
1(
1H
1[
1m
#44000000000
0!
0(
0H
0[
0m
#44005000000
1!
1(
b01110101 /
b01110101 5
b01110101 D
1H
b01110101 W
1[
1m
#44010000000
0!
0(
0H
0[
0m
#44015000000
1!
1(
1H
1[
1m
#44020000000
0!
0(
0H
0[
0m
#44025000000
1!
1(
1H
1[
1m
#44030000000
0!
0(
0H
0[
0m
#44035000000
1!
1(
b01110110 /
b01110110 5
b01110110 D
1H
b01110110 W
1[
1m
#44040000000
0!
0(
0H
0[
0m
#44045000000
1!
1(
1H
1[
1m
#44050000000
0!
0(
0H
0[
0m
#44055000000
1!
1(
1H
1[
1m
#44060000000
0!
0(
0H
0[
0m
#44065000000
1!
1(
b01110111 /
b01110111 5
b01110111 D
1H
b01110111 W
1[
1m
#44070000000
0!
0(
0H
0[
0m
#44075000000
1!
1(
1H
1[
1m
#44080000000
0!
0(
0H
0[
0m
#44085000000
1!
1(
1H
1[
1m
#44090000000
0!
0(
0H
0[
0m
#44095000000
1!
1(
b01111000 /
b01111000 5
b01111000 D
1H
b01111000 W
1[
1m
#44100000000
0!
0(
0H
0[
0m
#44105000000
1!
1(
1H
1[
1m
#44110000000
0!
0(
0H
0[
0m
#44115000000
1!
1(
1H
1[
1m
#44120000000
0!
0(
0H
0[
0m
#44125000000
1!
1(
b01111001 /
b01111001 5
b01111001 D
1H
b01111001 W
1[
1m
#44130000000
0!
0(
0H
0[
0m
#44135000000
1!
1(
1H
1[
1m
#44140000000
0!
0(
0H
0[
0m
#44145000000
1!
1(
1H
1[
1m
#44150000000
0!
0(
0H
0[
0m
#44155000000
1!
1(
b01111010 /
b01111010 5
b01111010 D
1H
b01111010 W
1[
1m
#44160000000
0!
0(
0H
0[
0m
#44165000000
1!
1(
1H
1[
1m
#44170000000
0!
0(
0H
0[
0m
#44175000000
1!
1(
1H
1[
1m
#44180000000
0!
0(
0H
0[
0m
#44185000000
1!
1(
b01111011 /
b01111011 5
b01111011 D
1H
b01111011 W
1[
1m
#44190000000
0!
0(
0H
0[
0m
#44195000000
1!
1(
1H
1[
1m
#44200000000
0!
0(
0H
0[
0m
#44205000000
1!
1(
1H
1[
1m
#44210000000
0!
0(
0H
0[
0m
#44215000000
1!
1(
b01111100 /
b01111100 5
b01111100 D
1H
b01111100 W
1[
1m
#44220000000
0!
0(
0H
0[
0m
#44225000000
1!
1(
1H
1[
1m
#44230000000
0!
0(
0H
0[
0m
#44235000000
1!
1(
1H
1[
1m
#44240000000
0!
0(
0H
0[
0m
#44245000000
1!
1(
b01111101 /
b01111101 5
b01111101 D
1H
b01111101 W
1[
1m
#44250000000
0!
0(
0H
0[
0m
#44255000000
1!
1(
1H
1[
1m
#44260000000
0!
0(
0H
0[
0m
#44265000000
1!
1(
1H
1[
1m
#44270000000
0!
0(
0H
0[
0m
#44275000000
1!
1(
b01111110 /
b01111110 5
b01111110 D
1H
b01111110 W
1[
1m
#44280000000
0!
0(
0H
0[
0m
#44285000000
1!
1(
1H
1[
1m
#44290000000
0!
0(
0H
0[
0m
#44295000000
1!
1(
1H
1[
1m
#44300000000
0!
0(
0H
0[
0m
#44305000000
1!
1(
b01111111 /
b01111111 5
b01111111 D
1H
b01111111 W
1[
1m
#44310000000
0!
0(
0H
0[
0m
#44315000000
1!
1(
1H
1[
1m
#44320000000
0!
0(
0H
0[
0m
#44325000000
1!
1(
1H
1[
1m
#44330000000
0!
0(
0H
0[
0m
#44335000000
1!
1(
b10000000 /
b10000000 5
b10000000 D
1H
b10000000 W
1[
1m
#44340000000
0!
0(
0H
0[
0m
#44345000000
1!
1(
1H
1[
1m
#44350000000
0!
0(
0H
0[
0m
#44355000000
1!
1(
1H
1[
1m
#44360000000
0!
0(
0H
0[
0m
#44365000000
1!
1(
b10000001 /
b10000001 5
b10000001 D
1H
b10000001 W
1[
1m
#44370000000
0!
0(
0H
0[
0m
#44375000000
1!
1(
1H
1[
1m
#44380000000
0!
0(
0H
0[
0m
#44385000000
1!
1(
1H
1[
1m
#44390000000
0!
0(
0H
0[
0m
#44395000000
1!
1(
b10000010 /
b10000010 5
b10000010 D
1H
b10000010 W
1[
1m
#44400000000
0!
0(
0H
0[
0m
#44405000000
1!
1(
1H
1[
1m
#44410000000
0!
0(
0H
0[
0m
#44415000000
1!
1(
1H
1[
1m
#44420000000
0!
0(
0H
0[
0m
#44425000000
1!
1(
b10000011 /
b10000011 5
b10000011 D
1H
b10000011 W
1[
1m
#44430000000
0!
0(
0H
0[
0m
#44435000000
1!
1(
1H
1[
1m
#44440000000
0!
0(
0H
0[
0m
#44445000000
1!
1(
1H
1[
1m
#44450000000
0!
0(
0H
0[
0m
#44455000000
1!
1(
b10000100 /
b10000100 5
b10000100 D
1H
b10000100 W
1[
1m
#44460000000
0!
0(
0H
0[
0m
#44465000000
1!
1(
1H
1[
1m
#44470000000
0!
0(
0H
0[
0m
#44475000000
1!
1(
1H
1[
1m
#44480000000
0!
0(
0H
0[
0m
#44485000000
1!
1(
b10000101 /
b10000101 5
b10000101 D
1H
b10000101 W
1[
1m
#44490000000
0!
0(
0H
0[
0m
#44495000000
1!
1(
1H
1[
1m
#44500000000
0!
0(
0H
0[
0m
#44505000000
1!
1(
1H
1[
1m
#44510000000
0!
0(
0H
0[
0m
#44515000000
1!
1(
b10000110 /
b10000110 5
b10000110 D
1H
b10000110 W
1[
1m
#44520000000
0!
0(
0H
0[
0m
#44525000000
1!
1(
1H
1[
1m
#44530000000
0!
0(
0H
0[
0m
#44535000000
1!
1(
1H
1[
1m
#44540000000
0!
0(
0H
0[
0m
#44545000000
1!
1(
b10000111 /
b10000111 5
b10000111 D
1H
b10000111 W
1[
1m
#44550000000
0!
0(
0H
0[
0m
#44555000000
1!
1(
1H
1[
1m
#44560000000
0!
0(
0H
0[
0m
#44565000000
1!
1(
1H
1[
1m
#44570000000
0!
0(
0H
0[
0m
#44575000000
1!
1(
b10001000 /
b10001000 5
b10001000 D
1H
b10001000 W
1[
1m
#44580000000
0!
0(
0H
0[
0m
#44585000000
1!
1(
1H
1[
1m
#44590000000
0!
0(
0H
0[
0m
#44595000000
1!
1(
1H
1[
1m
#44600000000
0!
0(
0H
0[
0m
#44605000000
1!
1(
b10001001 /
b10001001 5
b10001001 D
1H
b10001001 W
1[
1m
#44610000000
0!
0(
0H
0[
0m
#44615000000
1!
1(
1H
1[
1m
#44620000000
0!
0(
0H
0[
0m
#44625000000
1!
1(
1H
1[
1m
#44630000000
0!
0(
0H
0[
0m
#44635000000
1!
1(
b10001010 /
b10001010 5
b10001010 D
1H
b10001010 W
1[
1m
#44640000000
0!
0(
0H
0[
0m
#44645000000
1!
1(
1H
1[
1m
#44650000000
0!
0(
0H
0[
0m
#44655000000
1!
1(
1H
1[
1m
#44660000000
0!
0(
0H
0[
0m
#44665000000
1!
1(
b10001011 /
b10001011 5
b10001011 D
1H
b10001011 W
1[
1m
#44670000000
0!
0(
0H
0[
0m
#44675000000
1!
1(
1H
1[
1m
#44680000000
0!
0(
0H
0[
0m
#44685000000
1!
1(
1H
1[
1m
#44690000000
0!
0(
0H
0[
0m
#44695000000
1!
1(
b10001100 /
b10001100 5
b10001100 D
1H
b10001100 W
1[
1m
#44700000000
0!
0(
0H
0[
0m
#44705000000
1!
1(
1H
1[
1m
#44710000000
0!
0(
0H
0[
0m
#44715000000
1!
1(
1H
1[
1m
#44720000000
0!
0(
0H
0[
0m
#44725000000
1!
1(
b10001101 /
b10001101 5
b10001101 D
1H
b10001101 W
1[
1m
#44730000000
0!
0(
0H
0[
0m
#44735000000
1!
1(
1H
1[
1m
#44740000000
0!
0(
0H
0[
0m
#44745000000
1!
1(
1H
1[
1m
#44750000000
0!
0(
0H
0[
0m
#44755000000
1!
1(
b10001110 /
b10001110 5
b10001110 D
1H
b10001110 W
1[
1m
#44760000000
0!
0(
0H
0[
0m
#44765000000
1!
1(
1H
1[
1m
#44770000000
0!
0(
0H
0[
0m
#44775000000
1!
1(
1H
1[
1m
#44780000000
0!
0(
0H
0[
0m
#44785000000
1!
1(
b10001111 /
b10001111 5
b10001111 D
1H
b10001111 W
1[
1m
#44790000000
0!
0(
0H
0[
0m
#44795000000
1!
1(
1H
1[
1m
#44800000000
0!
0(
0H
0[
0m
#44805000000
1!
1(
1H
1[
1m
#44810000000
0!
0(
0H
0[
0m
#44815000000
1!
1(
b10010000 /
b10010000 5
b10010000 D
1H
b10010000 W
1[
1m
#44820000000
0!
0(
0H
0[
0m
#44825000000
1!
1(
1H
1[
1m
#44830000000
0!
0(
0H
0[
0m
#44835000000
1!
1(
1H
1[
1m
#44840000000
0!
0(
0H
0[
0m
#44845000000
1!
1(
b10010001 /
b10010001 5
b10010001 D
1H
b10010001 W
1[
1m
#44850000000
0!
0(
0H
0[
0m
#44855000000
1!
1(
1H
1[
1m
#44860000000
0!
0(
0H
0[
0m
#44865000000
1!
1(
1H
1[
1m
#44870000000
0!
0(
0H
0[
0m
#44875000000
1!
1(
b10010010 /
b10010010 5
b10010010 D
1H
b10010010 W
1[
1m
#44880000000
0!
0(
0H
0[
0m
#44885000000
1!
1(
1H
1[
1m
#44890000000
0!
0(
0H
0[
0m
#44895000000
1!
1(
1H
1[
1m
#44900000000
0!
0(
0H
0[
0m
#44905000000
1!
1(
b10010011 /
b10010011 5
b10010011 D
1H
b10010011 W
1[
1m
#44910000000
0!
0(
0H
0[
0m
#44915000000
1!
1(
1H
1[
1m
#44920000000
0!
0(
0H
0[
0m
#44925000000
1!
1(
1H
1[
1m
#44930000000
0!
0(
0H
0[
0m
#44935000000
1!
1(
b10010100 /
b10010100 5
b10010100 D
1H
b10010100 W
1[
1m
#44940000000
0!
0(
0H
0[
0m
#44945000000
1!
1(
1H
1[
1m
#44950000000
0!
0(
0H
0[
0m
#44955000000
1!
1(
1H
1[
1m
#44960000000
0!
0(
0H
0[
0m
#44965000000
1!
1(
b10010101 /
b10010101 5
b10010101 D
1H
b10010101 W
1[
1m
#44970000000
0!
0(
0H
0[
0m
#44975000000
1!
1(
1H
1[
1m
#44980000000
0!
0(
0H
0[
0m
#44985000000
1!
1(
1H
1[
1m
#44990000000
0!
0(
0H
0[
0m
#44995000000
1!
1(
b10010110 /
b10010110 5
b10010110 D
1H
b10010110 W
1[
1m
#45000000000
0!
0(
0H
0[
0m
#45005000000
1!
1(
1H
1[
1m
#45010000000
0!
0(
0H
0[
0m
#45015000000
1!
1(
1H
1[
1m
#45020000000
0!
0(
0H
0[
0m
#45025000000
1!
1(
b10010111 /
b10010111 5
b10010111 D
1H
b10010111 W
1[
1m
#45030000000
0!
0(
0H
0[
0m
#45035000000
1!
1(
1H
1[
1m
#45040000000
0!
0(
0H
0[
0m
#45045000000
1!
1(
1H
1[
1m
#45050000000
0!
0(
0H
0[
0m
#45055000000
1!
1(
b10011000 /
b10011000 5
b10011000 D
1H
b10011000 W
1[
1m
#45060000000
0!
0(
0H
0[
0m
#45065000000
1!
1(
1H
1[
1m
#45070000000
0!
0(
0H
0[
0m
#45075000000
1!
1(
1H
1[
1m
#45080000000
0!
0(
0H
0[
0m
#45085000000
1!
1(
b10011001 /
b10011001 5
b10011001 D
1H
b10011001 W
1[
1m
#45090000000
0!
0(
0H
0[
0m
#45095000000
1!
1(
1H
1[
1m
#45100000000
0!
0(
0H
0[
0m
#45105000000
1!
1(
1H
1[
1m
#45110000000
0!
0(
0H
0[
0m
#45115000000
1!
1(
b10011010 /
b10011010 5
b10011010 D
1H
b10011010 W
1[
1m
#45120000000
0!
0(
0H
0[
0m
#45125000000
1!
1(
1H
1[
1m
#45130000000
0!
0(
0H
0[
0m
#45135000000
1!
1(
1H
1[
1m
#45140000000
0!
0(
0H
0[
0m
#45145000000
1!
1(
b10011011 /
b10011011 5
b10011011 D
1H
b10011011 W
1[
1m
#45150000000
0!
0(
0H
0[
0m
#45155000000
1!
1(
1H
1[
1m
#45160000000
0!
0(
0H
0[
0m
#45165000000
1!
1(
1H
1[
1m
#45170000000
0!
0(
0H
0[
0m
#45175000000
1!
1(
b10011100 /
b10011100 5
b10011100 D
1H
b10011100 W
1[
1m
#45180000000
0!
0(
0H
0[
0m
#45185000000
1!
1(
1H
1[
1m
#45190000000
0!
0(
0H
0[
0m
#45195000000
1!
1(
1H
1[
1m
#45200000000
0!
0(
0H
0[
0m
#45205000000
1!
1(
b10011101 /
b10011101 5
b10011101 D
1H
b10011101 W
1[
1m
#45210000000
0!
0(
0H
0[
0m
#45215000000
1!
1(
1H
1[
1m
#45220000000
0!
0(
0H
0[
0m
#45225000000
1!
1(
1H
1[
1m
#45230000000
0!
0(
0H
0[
0m
#45235000000
1!
1(
b10011110 /
b10011110 5
b10011110 D
1H
b10011110 W
1[
1m
#45240000000
0!
0(
0H
0[
0m
#45245000000
1!
1(
1H
1[
1m
#45250000000
0!
0(
0H
0[
0m
#45255000000
1!
1(
1H
1[
1m
#45260000000
0!
0(
0H
0[
0m
#45265000000
1!
1(
b10011111 /
b10011111 5
b10011111 D
1H
b10011111 W
1[
1m
#45270000000
0!
0(
0H
0[
0m
#45275000000
1!
1(
1H
1[
1m
#45280000000
0!
0(
0H
0[
0m
#45285000000
1!
1(
1H
1[
1m
#45290000000
0!
0(
0H
0[
0m
#45295000000
1!
1(
b10100000 /
b10100000 5
b10100000 D
1H
b10100000 W
1[
1m
#45300000000
0!
0(
0H
0[
0m
#45305000000
1!
1(
1H
1[
1m
#45310000000
0!
0(
0H
0[
0m
#45315000000
1!
1(
1H
1[
1m
#45320000000
0!
0(
0H
0[
0m
#45325000000
1!
1(
b10100001 /
b10100001 5
b10100001 D
1H
b10100001 W
1[
1m
#45330000000
0!
0(
0H
0[
0m
#45335000000
1!
1(
1H
1[
1m
#45340000000
0!
0(
0H
0[
0m
#45345000000
1!
1(
1H
1[
1m
#45350000000
0!
0(
0H
0[
0m
#45355000000
1!
1(
b10100010 /
b10100010 5
b10100010 D
1H
b10100010 W
1[
1m
#45360000000
0!
0(
0H
0[
0m
#45365000000
1!
1(
1H
1[
1m
#45370000000
0!
0(
0H
0[
0m
#45375000000
1!
1(
1H
1[
1m
#45380000000
0!
0(
0H
0[
0m
#45385000000
1!
1(
b10100011 /
b10100011 5
b10100011 D
1H
b10100011 W
1[
1m
#45390000000
0!
0(
0H
0[
0m
#45395000000
1!
1(
1H
1[
1m
#45400000000
0!
0(
0H
0[
0m
#45405000000
1!
1(
1H
1[
1m
#45410000000
0!
0(
0H
0[
0m
#45415000000
1!
1(
b10100100 /
b10100100 5
b10100100 D
1H
b10100100 W
1[
1m
#45420000000
0!
0(
0H
0[
0m
#45425000000
1!
1(
1H
1[
1m
#45430000000
0!
0(
0H
0[
0m
#45435000000
1!
1(
1H
1[
1m
#45440000000
0!
0(
0H
0[
0m
#45445000000
1!
1(
b10100101 /
b10100101 5
b10100101 D
1H
b10100101 W
1[
1m
#45450000000
0!
0(
0H
0[
0m
#45455000000
1!
1(
1H
1[
1m
#45460000000
0!
0(
0H
0[
0m
#45465000000
1!
1(
1H
1[
1m
#45470000000
0!
0(
0H
0[
0m
#45475000000
1!
1(
b10100110 /
b10100110 5
b10100110 D
1H
b10100110 W
1[
1m
#45480000000
0!
0(
0H
0[
0m
#45485000000
1!
1(
1H
1[
1m
#45490000000
0!
0(
0H
0[
0m
#45495000000
1!
1(
1H
1[
1m
#45500000000
0!
0(
0H
0[
0m
#45505000000
1!
1(
b10100111 /
b10100111 5
b10100111 D
1H
b10100111 W
1[
1m
#45510000000
0!
0(
0H
0[
0m
#45515000000
1!
1(
1H
1[
1m
#45520000000
0!
0(
0H
0[
0m
#45525000000
1!
1(
1H
1[
1m
#45530000000
0!
0(
0H
0[
0m
#45535000000
1!
1(
b10101000 /
b10101000 5
b10101000 D
1H
b10101000 W
1[
1m
#45540000000
0!
0(
0H
0[
0m
#45545000000
1!
1(
1H
1[
1m
#45550000000
0!
0(
0H
0[
0m
#45555000000
1!
1(
1H
1[
1m
#45560000000
0!
0(
0H
0[
0m
#45565000000
1!
1(
b10101001 /
b10101001 5
b10101001 D
1H
b10101001 W
1[
1m
#45570000000
0!
0(
0H
0[
0m
#45575000000
1!
1(
1H
1[
1m
#45580000000
0!
0(
0H
0[
0m
#45585000000
1!
1(
1H
1[
1m
#45590000000
0!
0(
0H
0[
0m
#45595000000
1!
1(
b10101010 /
b10101010 5
b10101010 D
1H
b10101010 W
1[
1m
#45600000000
0!
0(
0H
0[
0m
#45605000000
1!
1(
1H
1[
1m
#45610000000
0!
0(
0H
0[
0m
#45615000000
1!
1(
1H
1[
1m
#45620000000
0!
0(
0H
0[
0m
#45625000000
1!
1(
b10101011 /
b10101011 5
b10101011 D
1H
b10101011 W
1[
1m
#45630000000
0!
0(
0H
0[
0m
#45635000000
1!
1(
1H
1[
1m
#45640000000
0!
0(
0H
0[
0m
#45645000000
1!
1(
1H
1[
1m
#45650000000
0!
0(
0H
0[
0m
#45655000000
1!
1(
b10101100 /
b10101100 5
b10101100 D
1H
b10101100 W
1[
1m
#45660000000
0!
0(
0H
0[
0m
#45665000000
1!
1(
1H
1[
1m
#45670000000
0!
0(
0H
0[
0m
#45675000000
1!
1(
1H
1[
1m
#45680000000
0!
0(
0H
0[
0m
#45685000000
1!
1(
b10101101 /
b10101101 5
b10101101 D
1H
b10101101 W
1[
1m
#45690000000
0!
0(
0H
0[
0m
#45695000000
1!
1(
1H
1[
1m
#45700000000
0!
0(
0H
0[
0m
#45705000000
1!
1(
1H
1[
1m
#45710000000
0!
0(
0H
0[
0m
#45715000000
1!
1(
b10101110 /
b10101110 5
b10101110 D
1H
b10101110 W
1[
1m
#45720000000
0!
0(
0H
0[
0m
#45725000000
1!
1(
1H
1[
1m
#45730000000
0!
0(
0H
0[
0m
#45735000000
1!
1(
1H
1[
1m
#45740000000
0!
0(
0H
0[
0m
#45745000000
1!
1(
b10101111 /
b10101111 5
b10101111 D
1H
b10101111 W
1[
1m
#45750000000
0!
0(
0H
0[
0m
#45755000000
1!
1(
1H
1[
1m
#45760000000
0!
0(
0H
0[
0m
#45765000000
1!
1(
1H
1[
1m
#45770000000
0!
0(
0H
0[
0m
#45775000000
1!
1(
b10110000 /
b10110000 5
b10110000 D
1H
b10110000 W
1[
1m
#45780000000
0!
0(
0H
0[
0m
#45785000000
1!
1(
1H
1[
1m
#45790000000
0!
0(
0H
0[
0m
#45795000000
1!
1(
1H
1[
1m
#45800000000
0!
0(
0H
0[
0m
#45805000000
1!
1(
b10110001 /
b10110001 5
b10110001 D
1H
b10110001 W
1[
1m
#45810000000
0!
0(
0H
0[
0m
#45815000000
1!
1(
1H
1[
1m
#45820000000
0!
0(
0H
0[
0m
#45825000000
1!
1(
1H
1[
1m
#45830000000
0!
0(
0H
0[
0m
#45835000000
1!
1(
b10110010 /
b10110010 5
b10110010 D
1H
b10110010 W
1[
1m
#45840000000
0!
0(
0H
0[
0m
#45845000000
1!
1(
1H
1[
1m
#45850000000
0!
0(
0H
0[
0m
#45855000000
1!
1(
1H
1[
1m
#45860000000
0!
0(
0H
0[
0m
#45865000000
1!
1(
b10110011 /
b10110011 5
b10110011 D
1H
b10110011 W
1[
1m
#45870000000
0!
0(
0H
0[
0m
#45875000000
1!
1(
1H
1[
1m
#45880000000
0!
0(
0H
0[
0m
#45885000000
1!
1(
1H
1[
1m
#45890000000
0!
0(
0H
0[
0m
#45895000000
1!
1(
b10110100 /
b10110100 5
b10110100 D
1H
b10110100 W
1[
1m
#45900000000
0!
0(
0H
0[
0m
#45905000000
1!
1(
1H
1[
1m
#45910000000
0!
0(
0H
0[
0m
#45915000000
1!
1(
1H
1[
1m
#45920000000
0!
0(
0H
0[
0m
#45925000000
1!
1(
b10110101 /
b10110101 5
b10110101 D
1H
b10110101 W
1[
1m
#45930000000
0!
0(
0H
0[
0m
#45935000000
1!
1(
1H
1[
1m
#45940000000
0!
0(
0H
0[
0m
#45945000000
1!
1(
1H
1[
1m
#45950000000
0!
0(
0H
0[
0m
#45955000000
1!
1(
b10110110 /
b10110110 5
b10110110 D
1H
b10110110 W
1[
1m
#45960000000
0!
0(
0H
0[
0m
#45965000000
1!
1(
1H
1[
1m
#45970000000
0!
0(
0H
0[
0m
#45975000000
1!
1(
1H
1[
1m
#45980000000
0!
0(
0H
0[
0m
#45985000000
1!
1(
b10110111 /
b10110111 5
b10110111 D
1H
b10110111 W
1[
1m
#45990000000
0!
0(
0H
0[
0m
#45995000000
1!
1(
1H
1[
1m
#46000000000
0!
0(
0H
0[
0m
#46005000000
1!
1(
1H
1[
1m
#46010000000
0!
0(
0H
0[
0m
#46015000000
1!
1(
b10111000 /
b10111000 5
b10111000 D
1H
b10111000 W
1[
1m
#46020000000
0!
0(
0H
0[
0m
#46025000000
1!
1(
1H
1[
1m
#46030000000
0!
0(
0H
0[
0m
#46035000000
1!
1(
1H
1[
1m
#46040000000
0!
0(
0H
0[
0m
#46045000000
1!
1(
b10111001 /
b10111001 5
b10111001 D
1H
b10111001 W
1[
1m
#46050000000
0!
0(
0H
0[
0m
#46055000000
1!
1(
1H
1[
1m
#46060000000
0!
0(
0H
0[
0m
#46065000000
1!
1(
1H
1[
1m
#46070000000
0!
0(
0H
0[
0m
#46075000000
1!
1(
b10111010 /
b10111010 5
b10111010 D
1H
b10111010 W
1[
1m
#46080000000
0!
0(
0H
0[
0m
#46085000000
1!
1(
1H
1[
1m
#46090000000
0!
0(
0H
0[
0m
#46095000000
1!
1(
1H
1[
1m
#46100000000
0!
0(
0H
0[
0m
#46105000000
1!
1(
b10111011 /
b10111011 5
b10111011 D
1H
b10111011 W
1[
1m
#46110000000
0!
0(
0H
0[
0m
#46115000000
1!
1(
1H
1[
1m
#46120000000
0!
0(
0H
0[
0m
#46125000000
1!
1(
1H
1[
1m
#46130000000
0!
0(
0H
0[
0m
#46135000000
1!
1(
b10111100 /
b10111100 5
b10111100 D
1H
b10111100 W
1[
1m
#46140000000
0!
0(
0H
0[
0m
#46145000000
1!
1(
1H
1[
1m
#46150000000
0!
0(
0H
0[
0m
#46155000000
1!
1(
1H
1[
1m
#46160000000
0!
0(
0H
0[
0m
#46165000000
1!
1(
b10111101 /
b10111101 5
b10111101 D
1H
b10111101 W
1[
1m
#46170000000
0!
0(
0H
0[
0m
#46175000000
1!
1(
1H
1[
1m
#46180000000
0!
0(
0H
0[
0m
#46185000000
1!
1(
1H
1[
1m
#46190000000
0!
0(
0H
0[
0m
#46195000000
1!
1(
b10111110 /
b10111110 5
b10111110 D
1H
b10111110 W
1[
1m
#46200000000
0!
0(
0H
0[
0m
#46205000000
1!
1(
1H
1[
1m
#46210000000
0!
0(
0H
0[
0m
#46215000000
1!
1(
1H
1[
1m
#46220000000
0!
0(
0H
0[
0m
#46225000000
1!
1(
b10111111 /
b10111111 5
b10111111 D
1H
b10111111 W
1[
1m
#46230000000
0!
0(
0H
0[
0m
#46235000000
1!
1(
1H
1[
1m
#46240000000
0!
0(
0H
0[
0m
#46245000000
1!
1(
1H
1[
1m
#46250000000
0!
0(
0H
0[
0m
#46255000000
1!
1(
b11000000 /
b11000000 5
b11000000 D
1H
b11000000 W
1[
1m
#46260000000
0!
0(
0H
0[
0m
#46265000000
1!
1(
1H
1[
1m
#46270000000
0!
0(
0H
0[
0m
#46275000000
1!
1(
1H
1[
1m
#46280000000
0!
0(
0H
0[
0m
#46285000000
1!
1(
b11000001 /
b11000001 5
b11000001 D
1H
b11000001 W
1[
1m
#46290000000
0!
0(
0H
0[
0m
#46295000000
1!
1(
1H
1[
1m
#46300000000
0!
0(
0H
0[
0m
#46305000000
1!
1(
1H
1[
1m
#46310000000
0!
0(
0H
0[
0m
#46315000000
1!
1(
b11000010 /
b11000010 5
b11000010 D
1H
b11000010 W
1[
1m
#46320000000
0!
0(
0H
0[
0m
#46325000000
1!
1(
1H
1[
1m
#46330000000
0!
0(
0H
0[
0m
#46335000000
1!
1(
1H
1[
1m
#46340000000
0!
0(
0H
0[
0m
#46345000000
1!
1(
b11000011 /
b11000011 5
b11000011 D
1H
b11000011 W
1[
1m
#46350000000
0!
0(
0H
0[
0m
#46355000000
1!
1(
1H
1[
1m
#46360000000
0!
0(
0H
0[
0m
#46365000000
1!
1(
1H
1[
1m
#46370000000
0!
0(
0H
0[
0m
#46375000000
1!
1(
b11000100 /
b11000100 5
b11000100 D
1H
b11000100 W
1[
1m
#46380000000
0!
0(
0H
0[
0m
#46385000000
1!
1(
1H
1[
1m
#46390000000
0!
0(
0H
0[
0m
#46395000000
1!
1(
1H
1[
1m
#46400000000
0!
0(
0H
0[
0m
#46405000000
1!
1(
b11000101 /
b11000101 5
b11000101 D
1H
b11000101 W
1[
1m
#46410000000
0!
0(
0H
0[
0m
#46415000000
1!
1(
1H
1[
1m
#46420000000
0!
0(
0H
0[
0m
#46425000000
1!
1(
1H
1[
1m
#46430000000
0!
0(
0H
0[
0m
#46435000000
1!
1(
b11000110 /
b11000110 5
b11000110 D
1H
b11000110 W
1[
1m
#46440000000
0!
0(
0H
0[
0m
#46445000000
1!
1(
1H
1[
1m
#46450000000
0!
0(
0H
0[
0m
#46455000000
1!
1(
1H
1[
1m
#46460000000
0!
0(
0H
0[
0m
#46465000000
1!
1(
b11000111 /
b11000111 5
b11000111 D
1H
b11000111 W
1[
1m
#46470000000
0!
0(
0H
0[
0m
#46475000000
1!
1(
1H
1[
1m
#46480000000
0!
0(
0H
0[
0m
#46485000000
1!
1(
1H
1[
1m
#46490000000
0!
0(
0H
0[
0m
#46495000000
1!
1(
b11001000 /
b11001000 5
b11001000 D
1H
b11001000 W
1[
1m
#46500000000
0!
0(
0H
0[
0m
#46505000000
1!
1(
1H
1[
1m
#46510000000
0!
0(
0H
0[
0m
#46515000000
1!
1(
1H
1[
1m
#46520000000
0!
0(
0H
0[
0m
#46525000000
1!
1(
b11001001 /
b11001001 5
b11001001 D
1H
b11001001 W
1[
1m
#46530000000
0!
0(
0H
0[
0m
#46535000000
1!
1(
1H
1[
1m
#46540000000
0!
0(
0H
0[
0m
#46545000000
1!
1(
1H
1[
1m
#46550000000
0!
0(
0H
0[
0m
#46555000000
1!
1(
b11001010 /
b11001010 5
b11001010 D
1H
b11001010 W
1[
1m
#46560000000
0!
0(
0H
0[
0m
#46565000000
1!
1(
1H
1[
1m
#46570000000
0!
0(
0H
0[
0m
#46575000000
1!
1(
1H
1[
1m
#46580000000
0!
0(
0H
0[
0m
#46585000000
1!
1(
b11001011 /
b11001011 5
b11001011 D
1H
b11001011 W
1[
1m
#46590000000
0!
0(
0H
0[
0m
#46595000000
1!
1(
1H
1[
1m
#46600000000
0!
0(
0H
0[
0m
#46605000000
1!
1(
1H
1[
1m
#46610000000
0!
0(
0H
0[
0m
#46615000000
1!
1(
b11001100 /
b11001100 5
b11001100 D
1H
b11001100 W
1[
1m
#46620000000
0!
0(
0H
0[
0m
#46625000000
1!
1(
1H
1[
1m
#46630000000
0!
0(
0H
0[
0m
#46635000000
1!
1(
1H
1[
1m
#46640000000
0!
0(
0H
0[
0m
#46645000000
1!
1(
b11001101 /
b11001101 5
b11001101 D
1H
b11001101 W
1[
1m
#46650000000
0!
0(
0H
0[
0m
#46655000000
1!
1(
1H
1[
1m
#46660000000
0!
0(
0H
0[
0m
#46665000000
1!
1(
1H
1[
1m
#46670000000
0!
0(
0H
0[
0m
#46675000000
1!
1(
b11001110 /
b11001110 5
b11001110 D
1H
b11001110 W
1[
1m
#46680000000
0!
0(
0H
0[
0m
#46685000000
1!
1(
1H
1[
1m
#46690000000
0!
0(
0H
0[
0m
#46695000000
1!
1(
1H
1[
1m
#46700000000
0!
0(
0H
0[
0m
#46705000000
1!
1(
b11001111 /
b11001111 5
b11001111 D
1H
b11001111 W
1[
1m
#46710000000
0!
0(
0H
0[
0m
#46715000000
1!
1(
1H
1[
1m
#46720000000
0!
0(
0H
0[
0m
#46725000000
1!
1(
1H
1[
1m
#46730000000
0!
0(
0H
0[
0m
#46735000000
1!
1(
b11010000 /
b11010000 5
b11010000 D
1H
b11010000 W
1[
1m
#46740000000
0!
0(
0H
0[
0m
#46745000000
1!
1(
1H
1[
1m
#46750000000
0!
0(
0H
0[
0m
#46755000000
1!
1(
1H
1[
1m
#46760000000
0!
0(
0H
0[
0m
#46765000000
1!
1(
b11010001 /
b11010001 5
b11010001 D
1H
b11010001 W
1[
1m
#46770000000
0!
0(
0H
0[
0m
#46775000000
1!
1(
1H
1[
1m
#46780000000
0!
0(
0H
0[
0m
#46785000000
1!
1(
1H
1[
1m
#46790000000
0!
0(
0H
0[
0m
#46795000000
1!
1(
b11010010 /
b11010010 5
b11010010 D
1H
b11010010 W
1[
1m
#46800000000
0!
0(
0H
0[
0m
#46805000000
1!
1(
1H
1[
1m
#46810000000
0!
0(
0H
0[
0m
#46815000000
1!
1(
1H
1[
1m
#46820000000
0!
0(
0H
0[
0m
#46825000000
1!
1(
b11010011 /
b11010011 5
b11010011 D
1H
b11010011 W
1[
1m
#46830000000
0!
0(
0H
0[
0m
#46835000000
1!
1(
1H
1[
1m
#46840000000
0!
0(
0H
0[
0m
#46845000000
1!
1(
1H
1[
1m
#46850000000
0!
0(
0H
0[
0m
#46855000000
1!
1(
b11010100 /
b11010100 5
b11010100 D
1H
b11010100 W
1[
1m
#46860000000
0!
0(
0H
0[
0m
#46865000000
1!
1(
1H
1[
1m
#46870000000
0!
0(
0H
0[
0m
#46875000000
1!
1(
1H
1[
1m
#46880000000
0!
0(
0H
0[
0m
#46885000000
1!
1(
b11010101 /
b11010101 5
b11010101 D
1H
b11010101 W
1[
1m
#46890000000
0!
0(
0H
0[
0m
#46895000000
1!
1(
1H
1[
1m
#46900000000
0!
0(
0H
0[
0m
#46905000000
1!
1(
1H
1[
1m
#46910000000
0!
0(
0H
0[
0m
#46915000000
1!
1(
b11010110 /
b11010110 5
b11010110 D
1H
b11010110 W
1[
1m
#46920000000
0!
0(
0H
0[
0m
#46925000000
1!
1(
1H
1[
1m
#46930000000
0!
0(
0H
0[
0m
#46935000000
1!
1(
1H
1[
1m
#46940000000
0!
0(
0H
0[
0m
#46945000000
1!
1(
b11010111 /
b11010111 5
b11010111 D
1H
b11010111 W
1[
1m
#46950000000
0!
0(
0H
0[
0m
#46955000000
1!
1(
1H
1[
1m
#46960000000
0!
0(
0H
0[
0m
#46965000000
1!
1(
1H
1[
1m
#46970000000
0!
0(
0H
0[
0m
#46975000000
1!
1(
b11011000 /
b11011000 5
b11011000 D
1H
b11011000 W
1[
1m
#46980000000
0!
0(
0H
0[
0m
#46985000000
1!
1(
1H
1[
1m
#46990000000
0!
0(
0H
0[
0m
#46995000000
1!
1(
1H
1[
1m
#47000000000
0!
0(
0H
0[
0m
#47005000000
1!
1(
b11011001 /
b11011001 5
b11011001 D
1H
b11011001 W
1[
1m
#47010000000
0!
0(
0H
0[
0m
#47015000000
1!
1(
1H
1[
1m
#47020000000
0!
0(
0H
0[
0m
#47025000000
1!
1(
1H
1[
1m
#47030000000
0!
0(
0H
0[
0m
#47035000000
1!
1(
b11011010 /
b11011010 5
b11011010 D
1H
b11011010 W
1[
1m
#47040000000
0!
0(
0H
0[
0m
#47045000000
1!
1(
1H
1[
1m
#47050000000
0!
0(
0H
0[
0m
#47055000000
1!
1(
1H
1[
1m
#47060000000
0!
0(
0H
0[
0m
#47065000000
1!
1(
b11011011 /
b11011011 5
b11011011 D
1H
b11011011 W
1[
1m
#47070000000
0!
0(
0H
0[
0m
#47075000000
1!
1(
1H
1[
1m
#47080000000
0!
0(
0H
0[
0m
#47085000000
1!
1(
1H
1[
1m
#47090000000
0!
0(
0H
0[
0m
#47095000000
1!
1(
b11011100 /
b11011100 5
b11011100 D
1H
b11011100 W
1[
1m
#47100000000
0!
0(
0H
0[
0m
#47105000000
1!
1(
1H
1[
1m
#47110000000
0!
0(
0H
0[
0m
#47115000000
1!
1(
1H
1[
1m
#47120000000
0!
0(
0H
0[
0m
#47125000000
1!
1(
b11011101 /
b11011101 5
b11011101 D
1H
b11011101 W
1[
1m
#47130000000
0!
0(
0H
0[
0m
#47135000000
1!
1(
1H
1[
1m
#47140000000
0!
0(
0H
0[
0m
#47145000000
1!
1(
1H
1[
1m
#47150000000
0!
0(
0H
0[
0m
#47155000000
1!
1(
b11011110 /
b11011110 5
b11011110 D
1H
b11011110 W
1[
1m
#47160000000
0!
0(
0H
0[
0m
#47165000000
1!
1(
1H
1[
1m
#47170000000
0!
0(
0H
0[
0m
#47175000000
1!
1(
1H
1[
1m
#47180000000
0!
0(
0H
0[
0m
#47185000000
1!
1(
b11011111 /
b11011111 5
b11011111 D
1H
b11011111 W
1[
1m
#47190000000
0!
0(
0H
0[
0m
#47195000000
1!
1(
1H
1[
1m
#47200000000
0!
0(
0H
0[
0m
#47205000000
1!
1(
1H
1[
1m
#47210000000
0!
0(
0H
0[
0m
#47215000000
1!
1(
b11100000 /
b11100000 5
b11100000 D
1H
b11100000 W
1[
1m
#47220000000
0!
0(
0H
0[
0m
#47225000000
1!
1(
1H
1[
1m
#47230000000
0!
0(
0H
0[
0m
#47235000000
1!
1(
1H
1[
1m
#47240000000
0!
0(
0H
0[
0m
#47245000000
1!
1(
b11100001 /
b11100001 5
b11100001 D
1H
b11100001 W
1[
1m
#47250000000
0!
0(
0H
0[
0m
#47255000000
1!
1(
1H
1[
1m
#47260000000
0!
0(
0H
0[
0m
#47265000000
1!
1(
1H
1[
1m
#47270000000
0!
0(
0H
0[
0m
#47275000000
1!
1(
b11100010 /
b11100010 5
b11100010 D
1H
b11100010 W
1[
1m
#47280000000
0!
0(
0H
0[
0m
#47285000000
1!
1(
1H
1[
1m
#47290000000
0!
0(
0H
0[
0m
#47295000000
1!
1(
1H
1[
1m
#47300000000
0!
0(
0H
0[
0m
#47305000000
1!
1(
b11100011 /
b11100011 5
b11100011 D
1H
b11100011 W
1[
1m
#47310000000
0!
0(
0H
0[
0m
#47315000000
1!
1(
1H
1[
1m
#47320000000
0!
0(
0H
0[
0m
#47325000000
1!
1(
1H
1[
1m
#47330000000
0!
0(
0H
0[
0m
#47335000000
1!
1(
b11100100 /
b11100100 5
b11100100 D
1H
b11100100 W
1[
1m
#47340000000
0!
0(
0H
0[
0m
#47345000000
1!
1(
1H
1[
1m
#47350000000
0!
0(
0H
0[
0m
#47355000000
1!
1(
1H
1[
1m
#47360000000
0!
0(
0H
0[
0m
#47365000000
1!
1(
b11100101 /
b11100101 5
b11100101 D
1H
b11100101 W
1[
1m
#47370000000
0!
0(
0H
0[
0m
#47375000000
1!
1(
1H
1[
1m
#47380000000
0!
0(
0H
0[
0m
#47385000000
1!
1(
1H
1[
1m
#47390000000
0!
0(
0H
0[
0m
#47395000000
1!
1(
b11100110 /
b11100110 5
b11100110 D
1H
b11100110 W
1[
1m
#47400000000
0!
0(
0H
0[
0m
#47405000000
1!
1(
1H
1[
1m
#47410000000
0!
0(
0H
0[
0m
#47415000000
1!
1(
1H
1[
1m
#47420000000
0!
0(
0H
0[
0m
#47425000000
1!
1(
b11100111 /
b11100111 5
b11100111 D
1H
b11100111 W
1[
1m
#47430000000
0!
0(
0H
0[
0m
#47435000000
1!
1(
1H
1[
1m
#47440000000
0!
0(
0H
0[
0m
#47445000000
1!
1(
1H
1[
1m
#47450000000
0!
0(
0H
0[
0m
#47455000000
1!
1(
b11101000 /
b11101000 5
b11101000 D
1H
b11101000 W
1[
1m
#47460000000
0!
0(
0H
0[
0m
#47465000000
1!
1(
1H
1[
1m
#47470000000
0!
0(
0H
0[
0m
#47475000000
1!
1(
1H
1[
1m
#47480000000
0!
0(
0H
0[
0m
#47485000000
1!
1(
b11101001 /
b11101001 5
b11101001 D
1H
b11101001 W
1[
1m
#47490000000
0!
0(
0H
0[
0m
#47495000000
1!
1(
1H
1[
1m
#47500000000
0!
0(
0H
0[
0m
#47505000000
1!
1(
1H
1[
1m
#47510000000
0!
0(
0H
0[
0m
#47515000000
1!
1(
b11101010 /
b11101010 5
b11101010 D
1H
b11101010 W
1[
1m
#47520000000
0!
0(
0H
0[
0m
#47525000000
1!
1(
1H
1[
1m
#47530000000
0!
0(
0H
0[
0m
#47535000000
1!
1(
1H
1[
1m
#47540000000
0!
0(
0H
0[
0m
#47545000000
1!
1(
b11101011 /
b11101011 5
b11101011 D
1H
b11101011 W
1[
1m
#47550000000
0!
0(
0H
0[
0m
#47555000000
1!
1(
1H
1[
1m
#47560000000
0!
0(
0H
0[
0m
#47565000000
1!
1(
1H
1[
1m
#47570000000
0!
0(
0H
0[
0m
#47575000000
1!
1(
b11101100 /
b11101100 5
b11101100 D
1H
b11101100 W
1[
1m
#47580000000
0!
0(
0H
0[
0m
#47585000000
1!
1(
1H
1[
1m
#47590000000
0!
0(
0H
0[
0m
#47595000000
1!
1(
1H
1[
1m
#47600000000
0!
0(
0H
0[
0m
#47605000000
1!
1(
b11101101 /
b11101101 5
b11101101 D
1H
b11101101 W
1[
1m
#47610000000
0!
0(
0H
0[
0m
#47615000000
1!
1(
1H
1[
1m
#47620000000
0!
0(
0H
0[
0m
#47625000000
1!
1(
1H
1[
1m
#47630000000
0!
0(
0H
0[
0m
#47635000000
1!
1(
b11101110 /
b11101110 5
b11101110 D
1H
b11101110 W
1[
1m
#47640000000
0!
0(
0H
0[
0m
#47645000000
1!
1(
1H
1[
1m
#47650000000
0!
0(
0H
0[
0m
#47655000000
1!
1(
1H
1[
1m
#47660000000
0!
0(
0H
0[
0m
#47665000000
1!
1(
b11101111 /
b11101111 5
b11101111 D
1H
b11101111 W
1[
1m
#47670000000
0!
0(
0H
0[
0m
#47675000000
1!
1(
1H
1[
1m
#47680000000
0!
0(
0H
0[
0m
#47685000000
1!
1(
1H
1[
1m
#47690000000
0!
0(
0H
0[
0m
#47695000000
1!
1(
b11110000 /
b11110000 5
b11110000 D
1H
b11110000 W
1[
1m
#47700000000
0!
0(
0H
0[
0m
#47705000000
1!
1(
1H
1[
1m
#47710000000
0!
0(
0H
0[
0m
#47715000000
1!
1(
1H
1[
1m
#47720000000
0!
0(
0H
0[
0m
#47725000000
1!
1(
b11110001 /
b11110001 5
b11110001 D
1H
b11110001 W
1[
1m
#47730000000
0!
0(
0H
0[
0m
#47735000000
1!
1(
1H
1[
1m
#47740000000
0!
0(
0H
0[
0m
#47745000000
1!
1(
1H
1[
1m
#47750000000
0!
0(
0H
0[
0m
#47755000000
1!
1(
b11110010 /
b11110010 5
b11110010 D
1H
b11110010 W
1[
1m
#47760000000
0!
0(
0H
0[
0m
#47765000000
1!
1(
1H
1[
1m
#47770000000
0!
0(
0H
0[
0m
#47775000000
1!
1(
1H
1[
1m
#47780000000
0!
0(
0H
0[
0m
#47785000000
1!
1(
b11110011 /
b11110011 5
b11110011 D
1H
b11110011 W
1[
1m
#47790000000
0!
0(
0H
0[
0m
#47795000000
1!
1(
1H
1[
1m
#47800000000
0!
0(
0H
0[
0m
#47805000000
1!
1(
1H
1[
1m
#47810000000
0!
0(
0H
0[
0m
#47815000000
1!
1(
b11110100 /
b11110100 5
b11110100 D
1H
b11110100 W
1[
1m
#47820000000
0!
0(
0H
0[
0m
#47825000000
1!
1(
1H
1[
1m
#47830000000
0!
0(
0H
0[
0m
#47835000000
1!
1(
1H
1[
1m
#47840000000
0!
0(
0H
0[
0m
#47845000000
1!
1(
b11110101 /
b11110101 5
b11110101 D
1H
b11110101 W
1[
1m
#47850000000
0!
0(
0H
0[
0m
#47855000000
1!
1(
1H
1[
1m
#47860000000
0!
0(
0H
0[
0m
#47865000000
1!
1(
1H
1[
1m
#47870000000
0!
0(
0H
0[
0m
#47875000000
1!
1(
b11110110 /
b11110110 5
b11110110 D
1H
b11110110 W
1[
1m
#47880000000
0!
0(
0H
0[
0m
#47885000000
1!
1(
1H
1[
1m
#47890000000
0!
0(
0H
0[
0m
#47895000000
1!
1(
1H
1[
1m
#47900000000
0!
0(
0H
0[
0m
#47905000000
1!
1(
b11110111 /
b11110111 5
b11110111 D
1H
b11110111 W
1[
1m
#47910000000
0!
0(
0H
0[
0m
#47915000000
1!
1(
1H
1[
1m
#47920000000
0!
0(
0H
0[
0m
#47925000000
1!
1(
1H
1[
1m
#47930000000
0!
0(
0H
0[
0m
#47935000000
1!
1(
b11111000 /
b11111000 5
b11111000 D
1H
b11111000 W
1[
1m
#47940000000
0!
0(
0H
0[
0m
#47945000000
1!
1(
1H
1[
1m
#47950000000
0!
0(
0H
0[
0m
#47955000000
1!
1(
1H
1[
1m
#47960000000
0!
0(
0H
0[
0m
#47965000000
1!
1(
b11111001 /
b11111001 5
b11111001 D
1H
b11111001 W
1[
1m
#47970000000
0!
0(
0H
0[
0m
#47975000000
1!
1(
1H
1[
1m
#47980000000
0!
0(
0H
0[
0m
#47985000000
1!
1(
1H
1[
1m
#47990000000
0!
0(
0H
0[
0m
#47995000000
1!
1(
b11111010 /
b11111010 5
b11111010 D
1H
b11111010 W
1[
1m
#48000000000
0!
0(
0H
0[
0m
#48005000000
1!
1(
1H
1[
1m
#48010000000
0!
0(
0H
0[
0m
#48015000000
1!
1(
1H
1[
1m
#48020000000
0!
0(
0H
0[
0m
#48025000000
1!
1(
b11111011 /
b11111011 5
b11111011 D
1H
b11111011 W
1[
1m
#48030000000
0!
0(
0H
0[
0m
#48035000000
1!
1(
1H
1[
1m
#48040000000
0!
0(
0H
0[
0m
#48045000000
1!
1(
1H
1[
1m
#48050000000
0!
0(
0H
0[
0m
#48055000000
1!
1(
b11111100 /
b11111100 5
b11111100 D
1H
b11111100 W
1[
1m
#48060000000
0!
0(
0H
0[
0m
#48065000000
1!
1(
1H
1[
1m
#48070000000
0!
0(
0H
0[
0m
#48075000000
1!
1(
1H
1[
1m
#48080000000
0!
0(
0H
0[
0m
#48085000000
1!
1(
b11111101 /
b11111101 5
b11111101 D
1H
b11111101 W
1[
1m
#48090000000
0!
0(
0H
0[
0m
#48095000000
1!
1(
1H
1[
1m
#48100000000
0!
0(
0H
0[
0m
#48105000000
1!
1(
1H
1[
1m
#48110000000
0!
0(
0H
0[
0m
#48115000000
1!
1(
b11111110 /
b11111110 5
b11111110 D
1H
b11111110 W
1[
1m
#48120000000
0!
0(
0H
0[
0m
#48125000000
1!
1(
1H
1[
1m
#48130000000
0!
0(
0H
0[
0m
#48135000000
1!
1(
1H
1[
1m
#48140000000
0!
0(
0H
0[
0m
#48145000000
1!
1(
b11111111 /
b11111111 5
b11111111 D
1H
b11111111 W
1[
1m
#48150000000
0!
0(
0H
0[
0m
#48155000000
1!
1(
1H
1[
1m
#48160000000
0!
0(
0H
0[
0m
#48165000000
1!
1(
1H
1[
1m
#48170000000
0!
0(
0H
0[
0m
#48175000000
1!
1(
b00000000 /
b00000000 5
b00000000 D
1H
b00000000 W
1[
1m
#48180000000
0!
0(
0H
0[
0m
#48185000000
1!
1(
1H
1[
1m
#48190000000
0!
0(
0H
0[
0m
#48195000000
1!
1(
1H
1[
1m
#48200000000
0!
0(
0H
0[
0m
#48205000000
1!
1(
b00000001 /
b00000001 5
b00000001 D
1H
b00000001 W
1[
1m
#48210000000
0!
0(
0H
0[
0m
#48215000000
1!
1(
1H
1[
1m
#48220000000
0!
0(
0H
0[
0m
#48225000000
1!
1(
1H
1[
1m
#48230000000
0!
0(
0H
0[
0m
#48235000000
1!
1(
b00000010 /
b00000010 5
b00000010 D
1H
b00000010 W
1[
1m
#48240000000
0!
0(
0H
0[
0m
#48245000000
1!
1(
1H
1[
1m
#48250000000
0!
0(
0H
0[
0m
#48255000000
1!
1(
1H
1[
1m
#48260000000
0!
0(
0H
0[
0m
#48265000000
1!
1(
b00000011 /
b00000011 5
b00000011 D
1H
b00000011 W
1[
1m
#48270000000
0!
0(
0H
0[
0m
#48275000000
1!
1(
1H
1[
1m
#48280000000
0!
0(
0H
0[
0m
#48285000000
1!
1(
1H
1[
1m
#48290000000
0!
0(
0H
0[
0m
#48295000000
1!
1(
b00000100 /
b00000100 5
b00000100 D
1H
b00000100 W
1[
1m
#48300000000
0!
0(
0H
0[
0m
#48305000000
1!
1(
1H
1[
1m
#48310000000
0!
0(
0H
0[
0m
#48315000000
1!
1(
1H
1[
1m
#48320000000
0!
0(
0H
0[
0m
#48325000000
1!
1(
b00000101 /
b00000101 5
b00000101 D
1H
b00000101 W
1[
1m
#48330000000
0!
0(
0H
0[
0m
#48335000000
1!
1(
1H
1[
1m
#48340000000
0!
0(
0H
0[
0m
#48345000000
1!
1(
1H
1[
1m
#48350000000
0!
0(
0H
0[
0m
#48355000000
1!
1(
b00000110 /
b00000110 5
b00000110 D
1H
b00000110 W
1[
1m
#48360000000
0!
0(
0H
0[
0m
#48365000000
1!
1(
1H
1[
1m
#48370000000
0!
0(
0H
0[
0m
#48375000000
1!
1(
1H
1[
1m
#48380000000
0!
0(
0H
0[
0m
#48385000000
1!
1(
b00000111 /
b00000111 5
b00000111 D
1H
b00000111 W
1[
1m
#48390000000
0!
0(
0H
0[
0m
#48395000000
1!
1(
1H
1[
1m
#48400000000
0!
0(
0H
0[
0m
#48405000000
1!
1(
1H
1[
1m
#48410000000
0!
0(
0H
0[
0m
#48415000000
1!
1(
b00001000 /
b00001000 5
b00001000 D
1H
b00001000 W
1[
1m
#48420000000
0!
0(
0H
0[
0m
#48425000000
1!
1(
1H
1[
1m
#48430000000
0!
0(
0H
0[
0m
#48435000000
1!
1(
1H
1[
1m
#48440000000
0!
0(
0H
0[
0m
#48445000000
1!
1(
b00001001 /
b00001001 5
b00001001 D
1H
b00001001 W
1[
1m
#48450000000
0!
0(
0H
0[
0m
#48455000000
1!
1(
1H
1[
1m
#48460000000
0!
0(
0H
0[
0m
#48465000000
1!
1(
1H
1[
1m
#48470000000
0!
0(
0H
0[
0m
#48475000000
1!
1(
b00001010 /
b00001010 5
b00001010 D
1H
b00001010 W
1[
1m
#48480000000
0!
0(
0H
0[
0m
#48485000000
1!
1(
1H
1[
1m
#48490000000
0!
0(
0H
0[
0m
#48495000000
1!
1(
1H
1[
1m
#48500000000
0!
0(
0H
0[
0m
#48505000000
1!
1(
b00001011 /
b00001011 5
b00001011 D
1H
b00001011 W
1[
1m
#48510000000
0!
0(
0H
0[
0m
#48515000000
1!
1(
1H
1[
1m
#48520000000
0!
0(
0H
0[
0m
#48525000000
1!
1(
1H
1[
1m
#48530000000
0!
0(
0H
0[
0m
#48535000000
1!
1(
b00001100 /
b00001100 5
b00001100 D
1H
b00001100 W
1[
1m
#48540000000
0!
0(
0H
0[
0m
#48545000000
1!
1(
1H
1[
1m
#48550000000
0!
0(
0H
0[
0m
#48555000000
1!
1(
1H
1[
1m
#48560000000
0!
0(
0H
0[
0m
#48565000000
1!
1(
b00001101 /
b00001101 5
b00001101 D
1H
b00001101 W
1[
1m
#48570000000
0!
0(
0H
0[
0m
#48575000000
1!
1(
1H
1[
1m
#48580000000
0!
0(
0H
0[
0m
#48585000000
1!
1(
1H
1[
1m
#48590000000
0!
0(
0H
0[
0m
#48595000000
1!
1(
b00001110 /
b00001110 5
b00001110 D
1H
b00001110 W
1[
1m
#48600000000
0!
0(
0H
0[
0m
#48605000000
1!
1(
1H
1[
1m
#48610000000
0!
0(
0H
0[
0m
#48615000000
1!
1(
1H
1[
1m
#48620000000
0!
0(
0H
0[
0m
#48625000000
1!
1(
b00001111 /
b00001111 5
b00001111 D
1H
b00001111 W
1[
1m
#48630000000
0!
0(
0H
0[
0m
#48635000000
1!
1(
1H
1[
1m
#48640000000
0!
0(
0H
0[
0m
#48645000000
1!
1(
1H
1[
1m
#48650000000
0!
0(
0H
0[
0m
#48655000000
1!
1(
b00010000 /
b00010000 5
b00010000 D
1H
b00010000 W
1[
1m
#48660000000
0!
0(
0H
0[
0m
#48665000000
1!
1(
1H
1[
1m
#48670000000
0!
0(
0H
0[
0m
#48675000000
1!
1(
1H
1[
1m
#48680000000
0!
0(
0H
0[
0m
#48685000000
1!
1(
b00010001 /
b00010001 5
b00010001 D
1H
b00010001 W
1[
1m
#48690000000
0!
0(
0H
0[
0m
#48695000000
1!
1(
1H
1[
1m
#48700000000
0!
0(
0H
0[
0m
#48705000000
1!
1(
1H
1[
1m
#48710000000
0!
0(
0H
0[
0m
#48715000000
1!
1(
b00010010 /
b00010010 5
b00010010 D
1H
b00010010 W
1[
1m
#48720000000
0!
0(
0H
0[
0m
#48725000000
1!
1(
1H
1[
1m
#48730000000
0!
0(
0H
0[
0m
#48735000000
1!
1(
1H
1[
1m
#48740000000
0!
0(
0H
0[
0m
#48745000000
1!
1(
b00010011 /
b00010011 5
b00010011 D
1H
b00010011 W
1[
1m
#48750000000
0!
0(
0H
0[
0m
#48755000000
1!
1(
1H
1[
1m
#48760000000
0!
0(
0H
0[
0m
#48765000000
1!
1(
1H
1[
1m
#48770000000
0!
0(
0H
0[
0m
#48775000000
1!
1(
b00010100 /
b00010100 5
b00010100 D
1H
b00010100 W
1[
1m
#48780000000
0!
0(
0H
0[
0m
#48785000000
1!
1(
1H
1[
1m
#48790000000
0!
0(
0H
0[
0m
#48795000000
1!
1(
1H
1[
1m
#48800000000
0!
0(
0H
0[
0m
#48805000000
1!
1(
b00010101 /
b00010101 5
b00010101 D
1H
b00010101 W
1[
1m
#48810000000
0!
0(
0H
0[
0m
#48815000000
1!
1(
1H
1[
1m
#48820000000
0!
0(
0H
0[
0m
#48825000000
1!
1(
1H
1[
1m
#48830000000
0!
0(
0H
0[
0m
#48835000000
1!
1(
b00010110 /
b00010110 5
b00010110 D
1H
b00010110 W
1[
1m
#48840000000
0!
0(
0H
0[
0m
#48845000000
1!
1(
1H
1[
1m
#48850000000
0!
0(
0H
0[
0m
#48855000000
1!
1(
1H
1[
1m
#48860000000
0!
0(
0H
0[
0m
#48865000000
1!
1(
b00010111 /
b00010111 5
b00010111 D
1H
b00010111 W
1[
1m
#48870000000
0!
0(
0H
0[
0m
#48875000000
1!
1(
1H
1[
1m
#48880000000
0!
0(
0H
0[
0m
#48885000000
1!
1(
1H
1[
1m
#48890000000
0!
0(
0H
0[
0m
#48895000000
1!
1(
b00011000 /
b00011000 5
b00011000 D
1H
b00011000 W
1[
1m
#48900000000
0!
0(
0H
0[
0m
#48905000000
1!
1(
1H
1[
1m
#48910000000
0!
0(
0H
0[
0m
#48915000000
1!
1(
1H
1[
1m
#48920000000
0!
0(
0H
0[
0m
#48925000000
1!
1(
b00011001 /
b00011001 5
b00011001 D
1H
b00011001 W
1[
1m
#48930000000
0!
0(
0H
0[
0m
#48935000000
1!
1(
1H
1[
1m
#48940000000
0!
0(
0H
0[
0m
#48945000000
1!
1(
1H
1[
1m
#48950000000
0!
0(
0H
0[
0m
#48955000000
1!
1(
b00011010 /
b00011010 5
b00011010 D
1H
b00011010 W
1[
1m
#48960000000
0!
0(
0H
0[
0m
#48965000000
1!
1(
1H
1[
1m
#48970000000
0!
0(
0H
0[
0m
#48975000000
1!
1(
1H
1[
1m
#48980000000
0!
0(
0H
0[
0m
#48985000000
1!
1(
b00011011 /
b00011011 5
b00011011 D
1H
b00011011 W
1[
1m
#48990000000
0!
0(
0H
0[
0m
#48995000000
1!
1(
1H
1[
1m
#49000000000
0!
0(
0H
0[
0m
#49005000000
1!
1(
1H
1[
1m
#49010000000
0!
0(
0H
0[
0m
#49015000000
1!
1(
b00011100 /
b00011100 5
b00011100 D
1H
b00011100 W
1[
1m
#49020000000
0!
0(
0H
0[
0m
#49025000000
1!
1(
1H
1[
1m
#49030000000
0!
0(
0H
0[
0m
#49035000000
1!
1(
1H
1[
1m
#49040000000
0!
0(
0H
0[
0m
#49045000000
1!
1(
b00011101 /
b00011101 5
b00011101 D
1H
b00011101 W
1[
1m
#49050000000
0!
0(
0H
0[
0m
#49055000000
1!
1(
1H
1[
1m
#49060000000
0!
0(
0H
0[
0m
#49065000000
1!
1(
1H
1[
1m
#49070000000
0!
0(
0H
0[
0m
#49075000000
1!
1(
b00011110 /
b00011110 5
b00011110 D
1H
b00011110 W
1[
1m
#49080000000
0!
0(
0H
0[
0m
#49085000000
1!
1(
1H
1[
1m
#49090000000
0!
0(
0H
0[
0m
#49095000000
1!
1(
1H
1[
1m
#49100000000
0!
0(
0H
0[
0m
#49105000000
1!
1(
b00011111 /
b00011111 5
b00011111 D
1H
b00011111 W
1[
1m
#49110000000
0!
0(
0H
0[
0m
#49115000000
1!
1(
1H
1[
1m
#49120000000
0!
0(
0H
0[
0m
#49125000000
1!
1(
1H
1[
1m
#49130000000
0!
0(
0H
0[
0m
#49135000000
1!
1(
b00100000 /
b00100000 5
b00100000 D
1H
b00100000 W
1[
1m
#49140000000
0!
0(
0H
0[
0m
#49145000000
1!
1(
1H
1[
1m
#49150000000
0!
0(
0H
0[
0m
#49155000000
1!
1(
1H
1[
1m
#49160000000
0!
0(
0H
0[
0m
#49165000000
1!
1(
b00100001 /
b00100001 5
b00100001 D
1H
b00100001 W
1[
1m
#49170000000
0!
0(
0H
0[
0m
#49175000000
1!
1(
1H
1[
1m
#49180000000
0!
0(
0H
0[
0m
#49185000000
1!
1(
1H
1[
1m
#49190000000
0!
0(
0H
0[
0m
#49195000000
1!
1(
b00100010 /
b00100010 5
b00100010 D
1H
b00100010 W
1[
1m
#49200000000
0!
0(
0H
0[
0m
#49205000000
1!
1(
1H
1[
1m
#49210000000
0!
0(
0H
0[
0m
#49215000000
1!
1(
1H
1[
1m
#49220000000
0!
0(
0H
0[
0m
#49225000000
1!
1(
b00100011 /
b00100011 5
b00100011 D
1H
b00100011 W
1[
1m
#49230000000
0!
0(
0H
0[
0m
#49235000000
1!
1(
1H
1[
1m
#49240000000
0!
0(
0H
0[
0m
#49245000000
1!
1(
1H
1[
1m
#49250000000
0!
0(
0H
0[
0m
#49255000000
1!
1(
b00100100 /
b00100100 5
b00100100 D
1H
b00100100 W
1[
1m
#49260000000
0!
0(
0H
0[
0m
#49265000000
1!
1(
1H
1[
1m
#49270000000
0!
0(
0H
0[
0m
#49275000000
1!
1(
1H
1[
1m
#49280000000
0!
0(
0H
0[
0m
#49285000000
1!
1(
b00100101 /
b00100101 5
b00100101 D
1H
b00100101 W
1[
1m
#49290000000
0!
0(
0H
0[
0m
#49295000000
1!
1(
1H
1[
1m
#49300000000
0!
0(
0H
0[
0m
#49305000000
1!
1(
1H
1[
1m
#49310000000
0!
0(
0H
0[
0m
#49315000000
1!
1(
b00100110 /
b00100110 5
b00100110 D
1H
b00100110 W
1[
1m
#49320000000
0!
0(
0H
0[
0m
#49325000000
1!
1(
1H
1[
1m
#49330000000
0!
0(
0H
0[
0m
#49335000000
1!
1(
1H
1[
1m
#49340000000
0!
0(
0H
0[
0m
#49345000000
1!
1(
b00100111 /
b00100111 5
b00100111 D
1H
b00100111 W
1[
1m
#49350000000
0!
0(
0H
0[
0m
#49355000000
1!
1(
1H
1[
1m
#49360000000
0!
0(
0H
0[
0m
#49365000000
1!
1(
1H
1[
1m
#49370000000
0!
0(
0H
0[
0m
#49375000000
1!
1(
b00101000 /
b00101000 5
b00101000 D
1H
b00101000 W
1[
1m
#49380000000
0!
0(
0H
0[
0m
#49385000000
1!
1(
1H
1[
1m
#49390000000
0!
0(
0H
0[
0m
#49395000000
1!
1(
1H
1[
1m
#49400000000
0!
0(
0H
0[
0m
#49405000000
1!
1(
b00101001 /
b00101001 5
b00101001 D
1H
b00101001 W
1[
1m
#49410000000
0!
0(
0H
0[
0m
#49415000000
1!
1(
1H
1[
1m
#49420000000
0!
0(
0H
0[
0m
#49425000000
1!
1(
1H
1[
1m
#49430000000
0!
0(
0H
0[
0m
#49435000000
1!
1(
b00101010 /
b00101010 5
b00101010 D
1H
b00101010 W
1[
1m
#49440000000
0!
0(
0H
0[
0m
#49445000000
1!
1(
1H
1[
1m
#49450000000
0!
0(
0H
0[
0m
#49455000000
1!
1(
1H
1[
1m
#49460000000
0!
0(
0H
0[
0m
#49465000000
1!
1(
b00101011 /
b00101011 5
b00101011 D
1H
b00101011 W
1[
1m
#49470000000
0!
0(
0H
0[
0m
#49475000000
1!
1(
1H
1[
1m
#49480000000
0!
0(
0H
0[
0m
#49485000000
1!
1(
1H
1[
1m
#49490000000
0!
0(
0H
0[
0m
#49495000000
1!
1(
b00101100 /
b00101100 5
b00101100 D
1H
b00101100 W
1[
1m
#49500000000
0!
0(
0H
0[
0m
#49505000000
1!
1(
1H
1[
1m
#49510000000
0!
0(
0H
0[
0m
#49515000000
1!
1(
1H
1[
1m
#49520000000
0!
0(
0H
0[
0m
#49525000000
1!
1(
b00101101 /
b00101101 5
b00101101 D
1H
b00101101 W
1[
1m
#49530000000
0!
0(
0H
0[
0m
#49535000000
1!
1(
1H
1[
1m
#49540000000
0!
0(
0H
0[
0m
#49545000000
1!
1(
1H
1[
1m
#49550000000
0!
0(
0H
0[
0m
#49555000000
1!
1(
b00101110 /
b00101110 5
b00101110 D
1H
b00101110 W
1[
1m
#49560000000
0!
0(
0H
0[
0m
#49565000000
1!
1(
1H
1[
1m
#49570000000
0!
0(
0H
0[
0m
#49575000000
1!
1(
1H
1[
1m
#49580000000
0!
0(
0H
0[
0m
#49585000000
1!
1(
b00101111 /
b00101111 5
b00101111 D
1H
b00101111 W
1[
1m
#49590000000
0!
0(
0H
0[
0m
#49595000000
1!
1(
1H
1[
1m
#49600000000
0!
0(
0H
0[
0m
#49605000000
1!
1(
1H
1[
1m
#49610000000
0!
0(
0H
0[
0m
#49615000000
1!
1(
b00110000 /
b00110000 5
b00110000 D
1H
b00110000 W
1[
1m
#49620000000
0!
0(
0H
0[
0m
#49625000000
1!
1(
1H
1[
1m
#49630000000
0!
0(
0H
0[
0m
#49635000000
1!
1(
1H
1[
1m
#49640000000
0!
0(
0H
0[
0m
#49645000000
1!
1(
b00110001 /
b00110001 5
b00110001 D
1H
b00110001 W
1[
1m
#49650000000
0!
0(
0H
0[
0m
#49655000000
1!
1(
1H
1[
1m
#49660000000
0!
0(
0H
0[
0m
#49665000000
1!
1(
1H
1[
1m
#49670000000
0!
0(
0H
0[
0m
#49675000000
1!
1(
b00110010 /
b00110010 5
b00110010 D
1H
b00110010 W
1[
1m
#49680000000
0!
0(
0H
0[
0m
#49685000000
1!
1(
1H
1[
1m
#49690000000
0!
0(
0H
0[
0m
#49695000000
1!
1(
1H
1[
1m
#49700000000
0!
0(
0H
0[
0m
#49705000000
1!
1(
b00110011 /
b00110011 5
b00110011 D
1H
b00110011 W
1[
1m
#49710000000
0!
0(
0H
0[
0m
#49715000000
1!
1(
1H
1[
1m
#49720000000
0!
0(
0H
0[
0m
#49725000000
1!
1(
1H
1[
1m
#49730000000
0!
0(
0H
0[
0m
#49735000000
1!
1(
b00110100 /
b00110100 5
b00110100 D
1H
b00110100 W
1[
1m
#49740000000
0!
0(
0H
0[
0m
#49745000000
1!
1(
1H
1[
1m
#49750000000
0!
0(
0H
0[
0m
#49755000000
1!
1(
1H
1[
1m
#49760000000
0!
0(
0H
0[
0m
#49765000000
1!
1(
b00110101 /
b00110101 5
b00110101 D
1H
b00110101 W
1[
1m
#49770000000
0!
0(
0H
0[
0m
#49775000000
1!
1(
1H
1[
1m
#49780000000
0!
0(
0H
0[
0m
#49785000000
1!
1(
1H
1[
1m
#49790000000
0!
0(
0H
0[
0m
#49795000000
1!
1(
b00110110 /
b00110110 5
b00110110 D
1H
b00110110 W
1[
1m
#49800000000
0!
0(
0H
0[
0m
#49805000000
1!
1(
1H
1[
1m
#49810000000
0!
0(
0H
0[
0m
#49815000000
1!
1(
1H
1[
1m
#49820000000
0!
0(
0H
0[
0m
#49825000000
1!
1(
b00110111 /
b00110111 5
b00110111 D
1H
b00110111 W
1[
1m
#49830000000
0!
0(
0H
0[
0m
#49835000000
1!
1(
1H
1[
1m
#49840000000
0!
0(
0H
0[
0m
#49845000000
1!
1(
1H
1[
1m
#49850000000
0!
0(
0H
0[
0m
#49855000000
1!
1(
b00111000 /
b00111000 5
b00111000 D
1H
b00111000 W
1[
1m
#49860000000
0!
0(
0H
0[
0m
#49865000000
1!
1(
1H
1[
1m
#49870000000
0!
0(
0H
0[
0m
#49875000000
1!
1(
1H
1[
1m
#49880000000
0!
0(
0H
0[
0m
#49885000000
1!
1(
b00111001 /
b00111001 5
b00111001 D
1H
b00111001 W
1[
1m
#49890000000
0!
0(
0H
0[
0m
#49895000000
1!
1(
1H
1[
1m
#49900000000
0!
0(
0H
0[
0m
#49905000000
1!
1(
1H
1[
1m
#49910000000
0!
0(
0H
0[
0m
#49915000000
1!
1(
b00111010 /
b00111010 5
b00111010 D
1H
b00111010 W
1[
1m
#49920000000
0!
0(
0H
0[
0m
#49925000000
1!
1(
1H
1[
1m
#49930000000
0!
0(
0H
0[
0m
#49935000000
1!
1(
1H
1[
1m
#49940000000
0!
0(
0H
0[
0m
#49945000000
1!
1(
b00111011 /
b00111011 5
b00111011 D
1H
b00111011 W
1[
1m
#49950000000
0!
0(
0H
0[
0m
#49955000000
1!
1(
1H
1[
1m
#49960000000
0!
0(
0H
0[
0m
#49965000000
1!
1(
1H
1[
1m
#49970000000
0!
0(
0H
0[
0m
#49975000000
1!
1(
b00111100 /
b00111100 5
b00111100 D
1H
b00111100 W
1[
1m
#49980000000
0!
0(
0H
0[
0m
#49985000000
1!
1(
1H
1[
1m
#49990000000
0!
0(
0H
0[
0m
#49995000000
1!
1(
1H
1[
1m
#50000000000
0!
0(
0H
0[
0m
#50005000000
1!
1(
b00111101 /
b00111101 5
b00111101 D
1H
b00111101 W
1[
1m
#50010000000
0!
0(
0H
0[
0m
#50015000000
1!
1(
1H
1[
1m
#50020000000
0!
0(
0H
0[
0m
#50025000000
1!
1(
1H
1[
1m
#50030000000
0!
0(
0H
0[
0m
#50035000000
1!
1(
b00111110 /
b00111110 5
b00111110 D
1H
b00111110 W
1[
1m
#50040000000
0!
0(
0H
0[
0m
#50045000000
1!
1(
1H
1[
1m
#50050000000
0!
0(
0H
0[
0m
#50055000000
1!
1(
1H
1[
1m
#50060000000
0!
0(
0H
0[
0m
#50065000000
1!
1(
b00111111 /
b00111111 5
b00111111 D
1H
b00111111 W
1[
1m
#50070000000
0!
0(
0H
0[
0m
#50075000000
1!
1(
1H
1[
1m
#50080000000
0!
0(
0H
0[
0m
#50085000000
1!
1(
1H
1[
1m
#50090000000
0!
0(
0H
0[
0m
#50095000000
1!
1(
b01000000 /
b01000000 5
b01000000 D
1H
b01000000 W
1[
1m
#50100000000
0!
0(
0H
0[
0m
#50105000000
1!
1(
1H
1[
1m
#50110000000
0!
0(
0H
0[
0m
#50115000000
1!
1(
1H
1[
1m
#50120000000
0!
0(
0H
0[
0m
#50125000000
1!
1(
b01000001 /
b01000001 5
b01000001 D
1H
b01000001 W
1[
1m
#50130000000
0!
0(
0H
0[
0m
#50135000000
1!
1(
1H
1[
1m
#50140000000
0!
0(
0H
0[
0m
#50145000000
1!
1(
1H
1[
1m
#50150000000
0!
0(
0H
0[
0m
#50155000000
1!
1(
b01000010 /
b01000010 5
b01000010 D
1H
b01000010 W
1[
1m
#50160000000
0!
0(
0H
0[
0m
#50165000000
1!
1(
1H
1[
1m
#50170000000
0!
0(
0H
0[
0m
#50175000000
1!
1(
1H
1[
1m
#50180000000
0!
0(
0H
0[
0m
#50185000000
1!
1(
b01000011 /
b01000011 5
b01000011 D
1H
b01000011 W
1[
1m
#50190000000
0!
0(
0H
0[
0m
#50195000000
1!
1(
1H
1[
1m
#50200000000
0!
0(
0H
0[
0m
#50205000000
1!
1(
1H
1[
1m
#50210000000
0!
0(
0H
0[
0m
#50215000000
1!
1(
b01000100 /
b01000100 5
b01000100 D
1H
b01000100 W
1[
1m
#50220000000
0!
0(
0H
0[
0m
#50225000000
1!
1(
1H
1[
1m
#50230000000
0!
0(
0H
0[
0m
#50235000000
1!
1(
1H
1[
1m
#50240000000
0!
0(
0H
0[
0m
#50245000000
1!
1(
b01000101 /
b01000101 5
b01000101 D
1H
b01000101 W
1[
1m
#50250000000
0!
0(
0H
0[
0m
#50255000000
1!
1(
1H
1[
1m
#50260000000
0!
0(
0H
0[
0m
#50265000000
1!
1(
1H
1[
1m
#50270000000
0!
0(
0H
0[
0m
#50275000000
1!
1(
b01000110 /
b01000110 5
b01000110 D
1H
b01000110 W
1[
1m
#50280000000
0!
0(
0H
0[
0m
#50285000000
1!
1(
1H
1[
1m
#50290000000
0!
0(
0H
0[
0m
#50295000000
1!
1(
1H
1[
1m
#50300000000
0!
0(
0H
0[
0m
#50305000000
1!
1(
b01000111 /
b01000111 5
b01000111 D
1H
b01000111 W
1[
1m
#50310000000
0!
0(
0H
0[
0m
#50315000000
1!
1(
1H
1[
1m
#50320000000
0!
0(
0H
0[
0m
#50325000000
1!
1(
1H
1[
1m
#50330000000
0!
0(
0H
0[
0m
#50335000000
1!
1(
b01001000 /
b01001000 5
b01001000 D
1H
b01001000 W
1[
1m
#50340000000
0!
0(
0H
0[
0m
#50345000000
1!
1(
1H
1[
1m
#50350000000
0!
0(
0H
0[
0m
#50355000000
1!
1(
1H
1[
1m
#50360000000
0!
0(
0H
0[
0m
#50365000000
1!
1(
b01001001 /
b01001001 5
b01001001 D
1H
b01001001 W
1[
1m
#50370000000
0!
0(
0H
0[
0m
#50375000000
1!
1(
1H
1[
1m
#50380000000
0!
0(
0H
0[
0m
#50385000000
1!
1(
1H
1[
1m
#50390000000
0!
0(
0H
0[
0m
#50395000000
1!
1(
b01001010 /
b01001010 5
b01001010 D
1H
b01001010 W
1[
1m
#50400000000
0!
0(
0H
0[
0m
#50405000000
1!
1(
1H
1[
1m
#50410000000
0!
0(
0H
0[
0m
#50415000000
1!
1(
1H
1[
1m
#50420000000
0!
0(
0H
0[
0m
#50425000000
1!
1(
b01001011 /
b01001011 5
b01001011 D
1H
b01001011 W
1[
1m
#50430000000
0!
0(
0H
0[
0m
#50435000000
1!
1(
1H
1[
1m
#50440000000
0!
0(
0H
0[
0m
#50445000000
1!
1(
1H
1[
1m
#50450000000
0!
0(
0H
0[
0m
#50455000000
1!
1(
b01001100 /
b01001100 5
b01001100 D
1H
b01001100 W
1[
1m
#50460000000
0!
0(
0H
0[
0m
#50465000000
1!
1(
1H
1[
1m
#50470000000
0!
0(
0H
0[
0m
#50475000000
1!
1(
1H
1[
1m
#50480000000
0!
0(
0H
0[
0m
#50485000000
1!
1(
b01001101 /
b01001101 5
b01001101 D
1H
b01001101 W
1[
1m
#50490000000
0!
0(
0H
0[
0m
#50495000000
1!
1(
1H
1[
1m
#50500000000
0!
0(
0H
0[
0m
#50505000000
1!
1(
1H
1[
1m
#50510000000
0!
0(
0H
0[
0m
#50515000000
1!
1(
b01001110 /
b01001110 5
b01001110 D
1H
b01001110 W
1[
1m
#50520000000
0!
0(
0H
0[
0m
#50525000000
1!
1(
1H
1[
1m
#50530000000
0!
0(
0H
0[
0m
#50535000000
1!
1(
1H
1[
1m
#50540000000
0!
0(
0H
0[
0m
#50545000000
1!
1(
b01001111 /
b01001111 5
b01001111 D
1H
b01001111 W
1[
1m
#50550000000
0!
0(
0H
0[
0m
#50555000000
1!
1(
1H
1[
1m
#50560000000
0!
0(
0H
0[
0m
#50565000000
1!
1(
1H
1[
1m
#50570000000
0!
0(
0H
0[
0m
#50575000000
1!
1(
b01010000 /
b01010000 5
b01010000 D
1H
b01010000 W
1[
1m
#50580000000
0!
0(
0H
0[
0m
#50585000000
1!
1(
1H
1[
1m
#50590000000
0!
0(
0H
0[
0m
#50595000000
1!
1(
1H
1[
1m
#50600000000
0!
0(
0H
0[
0m
#50605000000
1!
1(
b01010001 /
b01010001 5
b01010001 D
1H
b01010001 W
1[
1m
#50610000000
0!
0(
0H
0[
0m
#50615000000
1!
1(
1H
1[
1m
#50620000000
0!
0(
0H
0[
0m
#50625000000
1!
1(
1H
1[
1m
#50630000000
0!
0(
0H
0[
0m
#50635000000
1!
1(
b01010010 /
b01010010 5
b01010010 D
1H
b01010010 W
1[
1m
#50640000000
0!
0(
0H
0[
0m
#50645000000
1!
1(
1H
1[
1m
#50650000000
0!
0(
0H
0[
0m
#50655000000
1!
1(
1H
1[
1m
#50660000000
0!
0(
0H
0[
0m
#50665000000
1!
1(
b01010011 /
b01010011 5
b01010011 D
1H
b01010011 W
1[
1m
#50670000000
0!
0(
0H
0[
0m
#50675000000
1!
1(
1H
1[
1m
#50680000000
0!
0(
0H
0[
0m
#50685000000
1!
1(
1H
1[
1m
#50690000000
0!
0(
0H
0[
0m
#50695000000
1!
1(
b01010100 /
b01010100 5
b01010100 D
1H
b01010100 W
1[
1m
#50700000000
0!
0(
0H
0[
0m
#50705000000
1!
1(
1H
1[
1m
#50710000000
0!
0(
0H
0[
0m
#50715000000
1!
1(
1H
1[
1m
#50720000000
0!
0(
0H
0[
0m
#50725000000
1!
1(
b01010101 /
b01010101 5
b01010101 D
1H
b01010101 W
1[
1m
#50730000000
0!
0(
0H
0[
0m
#50735000000
1!
1(
1H
1[
1m
#50740000000
0!
0(
0H
0[
0m
#50745000000
1!
1(
1H
1[
1m
#50750000000
0!
0(
0H
0[
0m
#50755000000
1!
1(
b01010110 /
b01010110 5
b01010110 D
1H
b01010110 W
1[
1m
#50760000000
0!
0(
0H
0[
0m
#50765000000
1!
1(
1H
1[
1m
#50770000000
0!
0(
0H
0[
0m
#50775000000
1!
1(
1H
1[
1m
#50780000000
0!
0(
0H
0[
0m
#50785000000
1!
1(
b01010111 /
b01010111 5
b01010111 D
1H
b01010111 W
1[
1m
#50790000000
0!
0(
0H
0[
0m
#50795000000
1!
1(
1H
1[
1m
#50800000000
0!
0(
0H
0[
0m
#50805000000
1!
1(
1H
1[
1m
#50810000000
0!
0(
0H
0[
0m
#50815000000
1!
1(
b01011000 /
b01011000 5
b01011000 D
1H
b01011000 W
1[
1m
#50820000000
0!
0(
0H
0[
0m
#50825000000
1!
1(
1H
1[
1m
#50830000000
0!
0(
0H
0[
0m
#50835000000
1!
1(
1H
1[
1m
#50840000000
0!
0(
0H
0[
0m
#50845000000
1!
1(
b01011001 /
b01011001 5
b01011001 D
1H
b01011001 W
1[
1m
#50850000000
0!
0(
0H
0[
0m
#50855000000
1!
1(
1H
1[
1m
#50860000000
0!
0(
0H
0[
0m
#50865000000
1!
1(
1H
1[
1m
#50870000000
0!
0(
0H
0[
0m
#50875000000
1!
1(
b01011010 /
b01011010 5
b01011010 D
1H
b01011010 W
1[
1m
#50880000000
0!
0(
0H
0[
0m
#50885000000
1!
1(
1H
1[
1m
#50890000000
0!
0(
0H
0[
0m
#50895000000
1!
1(
1H
1[
1m
#50900000000
0!
0(
0H
0[
0m
#50905000000
1!
1(
b01011011 /
b01011011 5
b01011011 D
1H
b01011011 W
1[
1m
#50910000000
0!
0(
0H
0[
0m
#50915000000
1!
1(
1H
1[
1m
#50920000000
0!
0(
0H
0[
0m
#50925000000
1!
1(
1H
1[
1m
#50930000000
0!
0(
0H
0[
0m
#50935000000
1!
1(
b01011100 /
b01011100 5
b01011100 D
1H
b01011100 W
1[
1m
#50940000000
0!
0(
0H
0[
0m
#50945000000
1!
1(
1H
1[
1m
#50950000000
0!
0(
0H
0[
0m
#50955000000
1!
1(
1H
1[
1m
#50960000000
0!
0(
0H
0[
0m
#50965000000
1!
1(
b01011101 /
b01011101 5
b01011101 D
1H
b01011101 W
1[
1m
#50970000000
0!
0(
0H
0[
0m
#50975000000
1!
1(
1H
1[
1m
#50980000000
0!
0(
0H
0[
0m
#50985000000
1!
1(
1H
1[
1m
#50990000000
0!
0(
0H
0[
0m
#50995000000
1!
1(
b01011110 /
b01011110 5
b01011110 D
1H
b01011110 W
1[
1m
#51000000000
0!
0(
0H
0[
0m
#51005000000
1!
1(
1H
1[
1m
#51010000000
0!
0(
0H
0[
0m
#51015000000
1!
1(
1H
1[
1m
#51020000000
0!
0(
0H
0[
0m
#51025000000
1!
1(
b01011111 /
b01011111 5
b01011111 D
1H
b01011111 W
1[
1m
#51030000000
0!
0(
0H
0[
0m
#51035000000
1!
1(
1H
1[
1m
#51040000000
0!
0(
0H
0[
0m
#51045000000
1!
1(
1H
1[
1m
#51050000000
0!
0(
0H
0[
0m
#51055000000
1!
1(
b01100000 /
b01100000 5
b01100000 D
1H
b01100000 W
1[
1m
#51060000000
0!
0(
0H
0[
0m
#51065000000
1!
1(
1H
1[
1m
#51070000000
0!
0(
0H
0[
0m
#51075000000
1!
1(
1H
1[
1m
#51080000000
0!
0(
0H
0[
0m
#51085000000
1!
1(
b01100001 /
b01100001 5
b01100001 D
1H
b01100001 W
1[
1m
#51090000000
0!
0(
0H
0[
0m
#51095000000
1!
1(
1H
1[
1m
#51100000000
0!
0(
0H
0[
0m
#51105000000
1!
1(
1H
1[
1m
#51110000000
0!
0(
0H
0[
0m
#51115000000
1!
1(
b01100010 /
b01100010 5
b01100010 D
1H
b01100010 W
1[
1m
#51120000000
0!
0(
0H
0[
0m
#51125000000
1!
1(
1H
1[
1m
#51130000000
0!
0(
0H
0[
0m
#51135000000
1!
1(
1H
1[
1m
#51140000000
0!
0(
0H
0[
0m
#51145000000
1!
1(
b01100011 /
b01100011 5
b01100011 D
1H
b01100011 W
1[
1m
#51150000000
0!
0(
0H
0[
0m
#51155000000
1!
1(
1H
1[
1m
#51160000000
0!
0(
0H
0[
0m
#51165000000
1!
1(
1H
1[
1m
#51170000000
0!
0(
0H
0[
0m
#51175000000
1!
1(
b01100100 /
b01100100 5
b01100100 D
1H
b01100100 W
1[
1m
#51180000000
0!
0(
0H
0[
0m
#51185000000
1!
1(
1H
1[
1m
#51190000000
0!
0(
0H
0[
0m
#51195000000
1!
1(
1H
1[
1m
#51200000000
0!
0(
0H
0[
0m
#51205000000
1!
1(
b01100101 /
b01100101 5
b01100101 D
1H
b01100101 W
1[
1m
#51210000000
0!
0(
0H
0[
0m
#51215000000
1!
1(
1H
1[
1m
#51220000000
0!
0(
0H
0[
0m
#51225000000
1!
1(
1H
1[
1m
#51230000000
0!
0(
0H
0[
0m
#51235000000
1!
1(
b01100110 /
b01100110 5
b01100110 D
1H
b01100110 W
1[
1m
#51240000000
0!
0(
0H
0[
0m
#51245000000
1!
1(
1H
1[
1m
#51250000000
0!
0(
0H
0[
0m
#51255000000
1!
1(
1H
1[
1m
#51260000000
0!
0(
0H
0[
0m
#51265000000
1!
1(
b01100111 /
b01100111 5
b01100111 D
1H
b01100111 W
1[
1m
#51270000000
0!
0(
0H
0[
0m
#51275000000
1!
1(
1H
1[
1m
#51280000000
0!
0(
0H
0[
0m
#51285000000
1!
1(
1H
1[
1m
#51290000000
0!
0(
0H
0[
0m
#51295000000
1!
1(
b01101000 /
b01101000 5
b01101000 D
1H
b01101000 W
1[
1m
#51300000000
0!
0(
0H
0[
0m
#51305000000
1!
1(
1H
1[
1m
#51310000000
0!
0(
0H
0[
0m
#51315000000
1!
1(
1H
1[
1m
#51320000000
0!
0(
0H
0[
0m
#51325000000
1!
1(
b01101001 /
b01101001 5
b01101001 D
1H
b01101001 W
1[
1m
#51330000000
0!
0(
0H
0[
0m
#51335000000
1!
1(
1H
1[
1m
#51340000000
0!
0(
0H
0[
0m
#51345000000
1!
1(
1H
1[
1m
#51350000000
0!
0(
0H
0[
0m
#51355000000
1!
1(
b01101010 /
b01101010 5
b01101010 D
1H
b01101010 W
1[
1m
#51360000000
0!
0(
0H
0[
0m
#51365000000
1!
1(
1H
1[
1m
#51370000000
0!
0(
0H
0[
0m
#51375000000
1!
1(
1H
1[
1m
#51380000000
0!
0(
0H
0[
0m
#51385000000
1!
1(
b01101011 /
b01101011 5
b01101011 D
1H
b01101011 W
1[
1m
#51390000000
0!
0(
0H
0[
0m
#51395000000
1!
1(
1H
1[
1m
#51400000000
0!
0(
0H
0[
0m
#51405000000
1!
1(
1H
1[
1m
#51410000000
0!
0(
0H
0[
0m
#51415000000
1!
1(
b01101100 /
b01101100 5
b01101100 D
1H
b01101100 W
1[
1m
#51420000000
0!
0(
0H
0[
0m
#51425000000
1!
1(
1H
1[
1m
#51430000000
0!
0(
0H
0[
0m
#51435000000
1!
1(
1H
1[
1m
#51440000000
0!
0(
0H
0[
0m
#51445000000
1!
1(
b01101101 /
b01101101 5
b01101101 D
1H
b01101101 W
1[
1m
#51450000000
0!
0(
0H
0[
0m
#51455000000
1!
1(
1H
1[
1m
#51460000000
0!
0(
0H
0[
0m
#51465000000
1!
1(
1H
1[
1m
#51470000000
0!
0(
0H
0[
0m
#51475000000
1!
1(
b01101110 /
b01101110 5
b01101110 D
1H
b01101110 W
1[
1m
#51480000000
0!
0(
0H
0[
0m
#51485000000
1!
1(
1H
1[
1m
#51490000000
0!
0(
0H
0[
0m
#51495000000
1!
1(
1H
1[
1m
#51500000000
0!
0(
0H
0[
0m
#51505000000
1!
1(
b01101111 /
b01101111 5
b01101111 D
1H
b01101111 W
1[
1m
#51510000000
0!
0(
0H
0[
0m
#51515000000
1!
1(
1H
1[
1m
#51520000000
0!
0(
0H
0[
0m
#51525000000
1!
1(
1H
1[
1m
#51530000000
0!
0(
0H
0[
0m
#51535000000
1!
1(
b01110000 /
b01110000 5
b01110000 D
1H
b01110000 W
1[
1m
#51540000000
0!
0(
0H
0[
0m
#51545000000
1!
1(
1H
1[
1m
#51550000000
0!
0(
0H
0[
0m
#51555000000
1!
1(
1H
1[
1m
#51560000000
0!
0(
0H
0[
0m
#51565000000
1!
1(
b01110001 /
b01110001 5
b01110001 D
1H
b01110001 W
1[
1m
#51570000000
0!
0(
0H
0[
0m
#51575000000
1!
1(
1H
1[
1m
#51580000000
0!
0(
0H
0[
0m
#51585000000
1!
1(
1H
1[
1m
#51590000000
0!
0(
0H
0[
0m
#51595000000
1!
1(
b01110010 /
b01110010 5
b01110010 D
1H
b01110010 W
1[
1m
#51600000000
0!
0(
0H
0[
0m
#51605000000
1!
1(
1H
1[
1m
#51610000000
0!
0(
0H
0[
0m
#51615000000
1!
1(
1H
1[
1m
#51620000000
0!
0(
0H
0[
0m
#51625000000
1!
1(
b01110011 /
b01110011 5
b01110011 D
1H
b01110011 W
1[
1m
#51630000000
0!
0(
0H
0[
0m
#51635000000
1!
1(
1H
1[
1m
#51640000000
0!
0(
0H
0[
0m
#51645000000
1!
1(
1H
1[
1m
#51650000000
0!
0(
0H
0[
0m
#51655000000
1!
1(
b01110100 /
b01110100 5
b01110100 D
1H
b01110100 W
1[
1m
#51660000000
0!
0(
0H
0[
0m
#51665000000
1!
1(
1H
1[
1m
#51670000000
0!
0(
0H
0[
0m
#51675000000
1!
1(
1H
1[
1m
#51680000000
0!
0(
0H
0[
0m
#51685000000
1!
1(
b01110101 /
b01110101 5
b01110101 D
1H
b01110101 W
1[
1m
#51690000000
0!
0(
0H
0[
0m
#51695000000
1!
1(
1H
1[
1m
#51700000000
0!
0(
0H
0[
0m
#51705000000
1!
1(
1H
1[
1m
#51710000000
0!
0(
0H
0[
0m
#51715000000
1!
1(
b01110110 /
b01110110 5
b01110110 D
1H
b01110110 W
1[
1m
#51720000000
0!
0(
0H
0[
0m
#51725000000
1!
1(
1H
1[
1m
#51730000000
0!
0(
0H
0[
0m
#51735000000
1!
1(
1H
1[
1m
#51740000000
0!
0(
0H
0[
0m
#51745000000
1!
1(
b01110111 /
b01110111 5
b01110111 D
1H
b01110111 W
1[
1m
#51750000000
0!
0(
0H
0[
0m
#51755000000
1!
1(
1H
1[
1m
#51760000000
0!
0(
0H
0[
0m
#51765000000
1!
1(
1H
1[
1m
#51770000000
0!
0(
0H
0[
0m
#51775000000
1!
1(
b01111000 /
b01111000 5
b01111000 D
1H
b01111000 W
1[
1m
#51780000000
0!
0(
0H
0[
0m
#51785000000
1!
1(
1H
1[
1m
#51790000000
0!
0(
0H
0[
0m
#51795000000
1!
1(
1H
1[
1m
#51800000000
0!
0(
0H
0[
0m
#51805000000
1!
1(
b01111001 /
b01111001 5
b01111001 D
1H
b01111001 W
1[
1m
#51810000000
0!
0(
0H
0[
0m
#51815000000
1!
1(
1H
1[
1m
#51820000000
0!
0(
0H
0[
0m
#51825000000
1!
1(
1H
1[
1m
#51830000000
0!
0(
0H
0[
0m
#51835000000
1!
1(
b01111010 /
b01111010 5
b01111010 D
1H
b01111010 W
1[
1m
#51840000000
0!
0(
0H
0[
0m
#51845000000
1!
1(
1H
1[
1m
#51850000000
0!
0(
0H
0[
0m
#51855000000
1!
1(
1H
1[
1m
#51860000000
0!
0(
0H
0[
0m
#51865000000
1!
1(
b01111011 /
b01111011 5
b01111011 D
1H
b01111011 W
1[
1m
#51870000000
0!
0(
0H
0[
0m
#51875000000
1!
1(
1H
1[
1m
#51880000000
0!
0(
0H
0[
0m
#51885000000
1!
1(
1H
1[
1m
#51890000000
0!
0(
0H
0[
0m
#51895000000
1!
1(
b01111100 /
b01111100 5
b01111100 D
1H
b01111100 W
1[
1m
#51900000000
0!
0(
0H
0[
0m
#51905000000
1!
1(
1H
1[
1m
#51910000000
0!
0(
0H
0[
0m
#51915000000
1!
1(
1H
1[
1m
#51920000000
0!
0(
0H
0[
0m
#51925000000
1!
1(
b01111101 /
b01111101 5
b01111101 D
1H
b01111101 W
1[
1m
#51930000000
0!
0(
0H
0[
0m
#51935000000
1!
1(
1H
1[
1m
#51940000000
0!
0(
0H
0[
0m
#51945000000
1!
1(
1H
1[
1m
#51950000000
0!
0(
0H
0[
0m
#51955000000
1!
1(
b01111110 /
b01111110 5
b01111110 D
1H
b01111110 W
1[
1m
#51960000000
0!
0(
0H
0[
0m
#51965000000
1!
1(
1H
1[
1m
#51970000000
0!
0(
0H
0[
0m
#51975000000
1!
1(
1H
1[
1m
#51980000000
0!
0(
0H
0[
0m
#51985000000
1!
1(
b01111111 /
b01111111 5
b01111111 D
1H
b01111111 W
1[
1m
#51990000000
0!
0(
0H
0[
0m
#51995000000
1!
1(
1H
1[
1m
#52000000000
0!
0(
0H
0[
0m
#52005000000
1!
1(
1H
1[
1m
#52010000000
0!
0(
0H
0[
0m
#52015000000
1!
1(
b10000000 /
b10000000 5
b10000000 D
1H
b10000000 W
1[
1m
#52020000000
0!
0(
0H
0[
0m
#52025000000
1!
1(
1H
1[
1m
#52030000000
0!
0(
0H
0[
0m
#52035000000
1!
1(
1H
1[
1m
#52040000000
0!
0(
0H
0[
0m
#52045000000
1!
1(
b10000001 /
b10000001 5
b10000001 D
1H
b10000001 W
1[
1m
#52050000000
0!
0(
0H
0[
0m
#52055000000
1!
1(
1H
1[
1m
#52060000000
0!
0(
0H
0[
0m
#52065000000
1!
1(
1H
1[
1m
#52070000000
0!
0(
0H
0[
0m
#52075000000
1!
1(
b10000010 /
b10000010 5
b10000010 D
1H
b10000010 W
1[
1m
#52080000000
0!
0(
0H
0[
0m
#52085000000
1!
1(
1H
1[
1m
#52090000000
0!
0(
0H
0[
0m
#52095000000
1!
1(
1H
1[
1m
#52100000000
0!
0(
0H
0[
0m
#52105000000
1!
1(
b10000011 /
b10000011 5
b10000011 D
1H
b10000011 W
1[
1m
#52110000000
0!
0(
0H
0[
0m
#52115000000
1!
1(
1H
1[
1m
#52120000000
0!
0(
0H
0[
0m
#52125000000
1!
1(
1H
1[
1m
#52130000000
0!
0(
0H
0[
0m
#52135000000
1!
1(
b10000100 /
b10000100 5
b10000100 D
1H
b10000100 W
1[
1m
#52140000000
0!
0(
0H
0[
0m
#52145000000
1!
1(
1H
1[
1m
#52150000000
0!
0(
0H
0[
0m
#52155000000
1!
1(
1H
1[
1m
#52160000000
0!
0(
0H
0[
0m
#52165000000
1!
1(
b10000101 /
b10000101 5
b10000101 D
1H
b10000101 W
1[
1m
#52170000000
0!
0(
0H
0[
0m
#52175000000
1!
1(
1H
1[
1m
#52180000000
0!
0(
0H
0[
0m
#52185000000
1!
1(
1H
1[
1m
#52190000000
0!
0(
0H
0[
0m
#52195000000
1!
1(
b10000110 /
b10000110 5
b10000110 D
1H
b10000110 W
1[
1m
#52200000000
0!
0(
0H
0[
0m
#52205000000
1!
1(
1H
1[
1m
#52210000000
0!
0(
0H
0[
0m
#52215000000
1!
1(
1H
1[
1m
#52220000000
0!
0(
0H
0[
0m
#52225000000
1!
1(
b10000111 /
b10000111 5
b10000111 D
1H
b10000111 W
1[
1m
#52230000000
0!
0(
0H
0[
0m
#52235000000
1!
1(
1H
1[
1m
#52240000000
0!
0(
0H
0[
0m
#52245000000
1!
1(
1H
1[
1m
#52250000000
0!
0(
0H
0[
0m
#52255000000
1!
1(
b10001000 /
b10001000 5
b10001000 D
1H
b10001000 W
1[
1m
#52260000000
0!
0(
0H
0[
0m
#52265000000
1!
1(
1H
1[
1m
#52270000000
0!
0(
0H
0[
0m
#52275000000
1!
1(
1H
1[
1m
#52280000000
0!
0(
0H
0[
0m
#52285000000
1!
1(
b10001001 /
b10001001 5
b10001001 D
1H
b10001001 W
1[
1m
#52290000000
0!
0(
0H
0[
0m
#52295000000
1!
1(
1H
1[
1m
#52300000000
0!
0(
0H
0[
0m
#52305000000
1!
1(
1H
1[
1m
#52310000000
0!
0(
0H
0[
0m
#52315000000
1!
1(
b10001010 /
b10001010 5
b10001010 D
1H
b10001010 W
1[
1m
#52320000000
0!
0(
0H
0[
0m
#52325000000
1!
1(
1H
1[
1m
#52330000000
0!
0(
0H
0[
0m
#52335000000
1!
1(
1H
1[
1m
#52340000000
0!
0(
0H
0[
0m
#52345000000
1!
1(
b10001011 /
b10001011 5
b10001011 D
1H
b10001011 W
1[
1m
#52350000000
0!
0(
0H
0[
0m
#52355000000
1!
1(
1H
1[
1m
#52360000000
0!
0(
0H
0[
0m
#52365000000
1!
1(
1H
1[
1m
#52370000000
0!
0(
0H
0[
0m
#52375000000
1!
1(
b10001100 /
b10001100 5
b10001100 D
1H
b10001100 W
1[
1m
#52380000000
0!
0(
0H
0[
0m
#52385000000
1!
1(
1H
1[
1m
#52390000000
0!
0(
0H
0[
0m
#52395000000
1!
1(
1H
1[
1m
#52400000000
0!
0(
0H
0[
0m
#52405000000
1!
1(
b10001101 /
b10001101 5
b10001101 D
1H
b10001101 W
1[
1m
#52410000000
0!
0(
0H
0[
0m
#52415000000
1!
1(
1H
1[
1m
#52420000000
0!
0(
0H
0[
0m
#52425000000
1!
1(
1H
1[
1m
#52430000000
0!
0(
0H
0[
0m
#52435000000
1!
1(
b10001110 /
b10001110 5
b10001110 D
1H
b10001110 W
1[
1m
#52440000000
0!
0(
0H
0[
0m
#52445000000
1!
1(
1H
1[
1m
#52450000000
0!
0(
0H
0[
0m
#52455000000
1!
1(
1H
1[
1m
#52460000000
0!
0(
0H
0[
0m
#52465000000
1!
1(
b10001111 /
b10001111 5
b10001111 D
1H
b10001111 W
1[
1m
#52470000000
0!
0(
0H
0[
0m
#52475000000
1!
1(
1H
1[
1m
#52480000000
0!
0(
0H
0[
0m
#52485000000
1!
1(
1H
1[
1m
#52490000000
0!
0(
0H
0[
0m
#52495000000
1!
1(
b10010000 /
b10010000 5
b10010000 D
1H
b10010000 W
1[
1m
#52500000000
0!
0(
0H
0[
0m
#52505000000
1!
1(
1H
1[
1m
#52510000000
0!
0(
0H
0[
0m
#52515000000
1!
1(
1H
1[
1m
#52520000000
0!
0(
0H
0[
0m
#52525000000
1!
1(
b10010001 /
b10010001 5
b10010001 D
1H
b10010001 W
1[
1m
#52530000000
0!
0(
0H
0[
0m
#52535000000
1!
1(
1H
1[
1m
#52540000000
0!
0(
0H
0[
0m
#52545000000
1!
1(
1H
1[
1m
#52550000000
0!
0(
0H
0[
0m
#52555000000
1!
1(
b10010010 /
b10010010 5
b10010010 D
1H
b10010010 W
1[
1m
#52560000000
0!
0(
0H
0[
0m
#52565000000
1!
1(
1H
1[
1m
#52570000000
0!
0(
0H
0[
0m
#52575000000
1!
1(
1H
1[
1m
#52580000000
0!
0(
0H
0[
0m
#52585000000
1!
1(
b10010011 /
b10010011 5
b10010011 D
1H
b10010011 W
1[
1m
#52590000000
0!
0(
0H
0[
0m
#52595000000
1!
1(
1H
1[
1m
#52600000000
0!
0(
0H
0[
0m
#52605000000
1!
1(
1H
1[
1m
#52610000000
0!
0(
0H
0[
0m
#52615000000
1!
1(
b10010100 /
b10010100 5
b10010100 D
1H
b10010100 W
1[
1m
#52620000000
0!
0(
0H
0[
0m
#52625000000
1!
1(
1H
1[
1m
#52630000000
0!
0(
0H
0[
0m
#52635000000
1!
1(
1H
1[
1m
#52640000000
0!
0(
0H
0[
0m
#52645000000
1!
1(
b10010101 /
b10010101 5
b10010101 D
1H
b10010101 W
1[
1m
#52650000000
0!
0(
0H
0[
0m
#52655000000
1!
1(
1H
1[
1m
#52660000000
0!
0(
0H
0[
0m
#52665000000
1!
1(
1H
1[
1m
#52670000000
0!
0(
0H
0[
0m
#52675000000
1!
1(
b10010110 /
b10010110 5
b10010110 D
1H
b10010110 W
1[
1m
#52680000000
0!
0(
0H
0[
0m
#52685000000
1!
1(
1H
1[
1m
#52690000000
0!
0(
0H
0[
0m
#52695000000
1!
1(
1H
1[
1m
#52700000000
0!
0(
0H
0[
0m
#52705000000
1!
1(
b10010111 /
b10010111 5
b10010111 D
1H
b10010111 W
1[
1m
#52710000000
0!
0(
0H
0[
0m
#52715000000
1!
1(
1H
1[
1m
#52720000000
0!
0(
0H
0[
0m
#52725000000
1!
1(
1H
1[
1m
#52730000000
0!
0(
0H
0[
0m
#52735000000
1!
1(
b10011000 /
b10011000 5
b10011000 D
1H
b10011000 W
1[
1m
#52740000000
0!
0(
0H
0[
0m
#52745000000
1!
1(
1H
1[
1m
#52750000000
0!
0(
0H
0[
0m
#52755000000
1!
1(
1H
1[
1m
#52760000000
0!
0(
0H
0[
0m
#52765000000
1!
1(
b10011001 /
b10011001 5
b10011001 D
1H
b10011001 W
1[
1m
#52770000000
0!
0(
0H
0[
0m
#52775000000
1!
1(
1H
1[
1m
#52780000000
0!
0(
0H
0[
0m
#52785000000
1!
1(
1H
1[
1m
#52790000000
0!
0(
0H
0[
0m
#52795000000
1!
1(
b10011010 /
b10011010 5
b10011010 D
1H
b10011010 W
1[
1m
#52800000000
0!
0(
0H
0[
0m
#52805000000
1!
1(
1H
1[
1m
#52810000000
0!
0(
0H
0[
0m
#52815000000
1!
1(
1H
1[
1m
#52820000000
0!
0(
0H
0[
0m
#52825000000
1!
1(
b10011011 /
b10011011 5
b10011011 D
1H
b10011011 W
1[
1m
#52830000000
0!
0(
0H
0[
0m
#52835000000
1!
1(
1H
1[
1m
#52840000000
0!
0(
0H
0[
0m
#52845000000
1!
1(
1H
1[
1m
#52850000000
0!
0(
0H
0[
0m
#52855000000
1!
1(
b10011100 /
b10011100 5
b10011100 D
1H
b10011100 W
1[
1m
